name,url,stars,forks,size_kb,language,created_at,updated_at,issues,pull_requests,commits,estimated_loc,commit_frequency,activity_level,project_maturity,contributors
LiveEventBus,https://github.com/3HJack/LiveEventBus,50,5,155,Java,2019-08-31T08:07:03Z,2023-10-10T02:00:53Z,0,0,16,1860,0.199917,low,mature,1
gcdc-asn1,https://github.com/alexvoronov/gcdc-asn1,50,23,693,Java,2019-08-01T12:15:08Z,2026-03-27T00:55:47Z,2,0,305,8316,3.763883,medium,mature,7
jfoenix-WarehouseMS,https://github.com/wzomg/jfoenix-WarehouseMS,50,10,613,Java,2019-12-19T08:09:06Z,2026-02-12T08:07:47Z,0,2,6,7356,0.078568,low,mature,1
learning-demo,https://github.com/xjs1919/learning-demo,50,47,1097,Java,2019-05-14T02:21:25Z,2026-03-03T08:24:43Z,0,15,206,13164,2.462151,medium,mature,1
product-mi-tooling,https://github.com/wso2/product-mi-tooling,50,72,89446,Java,2019-10-21T05:37:19Z,2026-03-23T11:07:58Z,0,0,3230,1073352,41.234043,high,mature,730
frameworks_base,https://github.com/PixelExperience/frameworks_base,50,229,5277343,Java,2019-11-07T17:52:10Z,2025-08-13T11:20:58Z,0,0,908570,63328116,11688.29331,high,mature,1618
TwitterCrawler,https://github.com/casolxia/TwitterCrawler,50,14,251,Java,2019-06-15T03:10:17Z,2025-09-13T03:16:35Z,1,1,23,3012,0.27845,low,mature,1
kc-sofastack-demo,https://github.com/sofastack-guides/kc-sofastack-demo,50,48,2184,Java,2019-05-15T13:17:46Z,2026-02-14T07:34:47Z,3,1,68,26208,0.813073,low,mature,6
ABAPQuickFix,https://github.com/fidley/ABAPQuickFix,50,10,3344,Java,2019-01-13T10:57:38Z,2026-02-28T12:02:47Z,3,0,153,40128,1.744584,medium,mature,6
java_jdk1.8.0_111,https://github.com/daiqingliang/java_jdk1.8.0_111,50,48,17627,Java,2019-03-05T00:37:45Z,2025-02-12T03:38:11Z,0,0,4,211524,0.046512,low,mature,1
AndroidProject,https://github.com/JankingWon/AndroidProject,50,13,153814,Java,2019-02-14T11:09:20Z,2025-12-20T12:26:26Z,0,0,27,1845768,0.311658,low,mature,1
spring-security-basic,https://github.com/keesun/spring-security-basic,50,42,85,Java,2019-07-22T14:08:02Z,2025-12-07T21:01:12Z,0,0,25,1020,0.307251,low,mature,1
ViHoMa,https://github.com/cmabad/ViHoMa,50,2,2494,Java,2019-03-22T18:04:25Z,2026-02-21T17:32:15Z,2,1,106,29928,1.241218,medium,mature,2
MyTomcat,https://github.com/itudo/MyTomcat,50,8,433,Java,2019-07-26T08:55:32Z,2024-04-20T13:03:49Z,0,0,2,5196,0.02462,low,mature,1
springboot-dubbo-seata-nacos,https://github.com/lidong1665/springboot-dubbo-seata-nacos,50,33,91,Java,2019-09-05T05:02:57Z,2026-02-11T16:37:27Z,1,5,13,1092,0.162771,low,mature,1
FimiX8-RE,https://github.com/wischbgr/FimiX8-RE,50,13,676812,Java,2019-05-12T16:18:55Z,2025-12-06T22:28:27Z,8,0,18,8121744,0.214968,low,mature,2
java-logging,https://github.com/googleapis/java-logging,50,39,18806,Java,2019-08-20T22:07:30Z,2026-02-06T17:40:30Z,0,0,1641,225672,20.418913,high,mature,84
cs61b_sp19,https://github.com/PigZhuJ/cs61b_sp19,50,66,10096,Java,2019-04-26T06:19:34Z,2025-06-11T11:11:06Z,0,0,229,121152,2.717563,medium,mature,5
gs-spring-boot-kubernetes,https://github.com/spring-guides/gs-spring-boot-kubernetes,50,52,108,Java,2019-11-19T15:05:51Z,2026-03-01T23:18:54Z,1,0,55,1296,0.7109,low,mature,28
dactor,https://github.com/allon2/dactor,50,14,683,Java,2019-01-27T03:14:14Z,2023-12-16T09:04:25Z,1,0,149,8196,1.708063,medium,mature,1
velvet-video,https://github.com/zakgof/velvet-video,50,10,390,Java,2019-06-26T15:06:05Z,2026-01-06T19:38:18Z,21,2,149,4680,1.811917,medium,mature,1
Valhelsia-Structures,https://github.com/ValhelsiaTeam/Valhelsia-Structures,50,13,18630,Java,2019-10-29T15:28:21Z,2025-12-11T17:48:30Z,38,5,602,223560,7.711358,medium,mature,6
skyblock,https://github.com/skyrising/skyblock,50,12,186,Java,2019-06-27T13:45:44Z,2025-09-08T15:36:50Z,9,0,40,2232,0.486618,low,mature,3
OnlineShop,https://github.com/xmenw/OnlineShop,50,14,19501,Java,2019-06-07T07:06:50Z,2026-03-15T14:08:02Z,2,0,10,234012,0.120676,low,mature,1
g4Nproxy,https://github.com/Metatronxl/g4Nproxy,50,21,622,Java,2019-03-18T01:35:22Z,2025-09-04T01:46:45Z,1,0,56,7464,0.65446,low,mature,1
EasyX5WebView,https://github.com/BzCoder/EasyX5WebView,50,9,25753,Java,2019-07-23T13:33:36Z,2025-09-08T03:03:07Z,1,1,27,309036,0.331967,low,mature,1
WorkStation,https://github.com/sunlley/WorkStation,50,10,184,Java,2019-01-13T14:20:48Z,2022-03-21T01:12:38Z,0,0,21,2208,0.239453,low,mature,1
sparse-hilbert-index,https://github.com/davidmoten/sparse-hilbert-index,50,3,898,Java,2019-06-06T08:25:11Z,2026-02-02T11:31:37Z,1,0,382,10776,4.607961,medium,mature,2
YiGou,https://github.com/guikaiAndroid/YiGou,50,17,32422,Java,2019-01-08T10:00:11Z,2025-07-06T04:35:56Z,1,0,149,389064,1.695751,medium,mature,1
springBoot-scaffold,https://github.com/impactCn/springBoot-scaffold,50,21,119,Java,2019-05-05T07:55:47Z,2026-02-11T16:36:47Z,0,0,31,1428,0.369194,low,mature,1
WeiXinPictureTool,https://github.com/zhangphil/WeiXinPictureTool,50,12,213,Java,2019-02-21T06:24:09Z,2025-10-23T02:31:12Z,3,1,1,2556,0.011574,low,mature,1
SqlMap_BurpSuite,https://github.com/jas502n/SqlMap_BurpSuite,50,12,3457,Java,2019-08-15T02:17:12Z,2026-03-26T11:51:39Z,0,0,17,41484,0.211005,low,mature,1
PlacesProject,https://github.com/AbbasHassan/PlacesProject,50,43,1261,Java,2019-05-02T14:54:36Z,2025-02-06T01:28:37Z,2,0,4,15132,0.047581,low,mature,1
lightbatis,https://github.com/lightbatis/lightbatis,50,2,7067,Java,2019-11-26T08:11:38Z,2024-04-19T02:00:04Z,2,7,141,84804,1.828003,medium,mature,1
DevicePolicyManager,https://github.com/ddssingsong/DevicePolicyManager,50,16,133,Java,2019-06-28T05:18:39Z,2026-02-25T04:55:22Z,3,0,6,1596,0.073022,low,mature,1
zerodha-algo-trading,https://github.com/anandaanv/zerodha-algo-trading,50,34,24919,Java,2019-10-14T13:21:16Z,2026-03-22T17:21:21Z,7,1,310,299028,3.945694,medium,mature,3
GoodV,https://github.com/travisgoodspeed/GoodV,50,13,154,Java,2019-11-16T16:24:49Z,2026-03-25T02:59:47Z,8,0,7,1848,0.090361,low,mature,2
spigot-maps,https://github.com/JohnnyJayJay/spigot-maps,50,4,165,Java,2019-04-17T19:12:58Z,2025-10-31T15:44:53Z,5,1,80,1980,0.946372,low,mature,1
shacl-play,https://github.com/sparna-git/shacl-play,50,16,44076,Java,2019-11-19T17:08:49Z,2026-03-27T06:59:12Z,45,9,953,528912,12.323276,high,mature,6
OpenSimplexNoise-for-Processing,https://github.com/CodingTrain/OpenSimplexNoise-for-Processing,50,18,1256,Java,2019-06-22T15:36:53Z,2025-12-16T07:41:27Z,3,0,11,15072,0.133549,low,mature,14
minhasfinancas-api,https://github.com/cursodsousa/minhasfinancas-api,50,17,128,Java,2019-09-28T21:52:33Z,2026-03-13T17:56:05Z,0,0,21,1536,0.265599,low,mature,2
SeedSearch,https://github.com/ForgottenArbiter/SeedSearch,50,12,189,Java,2019-06-15T14:45:35Z,2026-01-30T21:22:31Z,1,0,70,2268,0.847458,low,mature,2
react-native-arcgis-mapview,https://github.com/davidgalindo/react-native-arcgis-mapview,50,28,2038,Java,2019-02-07T21:19:20Z,2026-03-13T14:57:09Z,13,0,77,24456,0.886756,low,mature,2
my-Nodes,https://github.com/ZhuoZhuoCrayon/my-Nodes,50,17,114248,Java,2019-08-07T02:28:51Z,2024-09-06T13:05:10Z,0,10,618,1370976,7.645361,medium,mature,1
YTPPlus,https://github.com/hellfire3d/YTPPlus,50,17,130859,Java,2019-03-27T07:13:48Z,2026-03-15T13:46:37Z,6,1,9,1570308,0.105551,low,mature,1
nexus-repository-apk,https://github.com/sonatype-nexus-community/nexus-repository-apk,49,26,851,Java,2019-09-26T20:23:18Z,2025-12-12T09:45:22Z,13,4,98,10212,1.238416,medium,mature,16
Citadel,https://github.com/AlexModGuy/Citadel,49,47,1218,Java,2019-07-23T18:50:08Z,2026-03-12T15:07:51Z,126,3,127,14616,1.562116,medium,mature,3
leyou,https://github.com/dianemax/leyou,49,36,1201,Java,2019-05-15T01:41:46Z,2025-11-27T13:28:00Z,0,5,31,14412,0.370666,low,mature,1
openCredit,https://github.com/yanzj/openCredit,49,27,828,Java,2019-08-07T05:36:22Z,2026-01-21T14:44:07Z,0,0,36,9936,0.445361,low,mature,1
jwt-resource-server,https://github.com/entur/jwt-resource-server,49,4,1968,Java,2019-10-10T11:14:01Z,2026-03-24T19:11:30Z,0,0,527,23616,6.696315,medium,mature,10
letscode,https://github.com/codedrinker/letscode,49,36,159,Java,2019-05-28T22:26:44Z,2023-11-07T01:50:52Z,0,15,167,1908,2.008016,medium,mature,27
spring-security-webauthn,https://github.com/rwinch/spring-security-webauthn,49,17,947,Java,2019-11-01T22:25:04Z,2026-03-16T15:23:09Z,22,5,298,11364,3.823781,medium,mature,4
ont-api,https://github.com/owlcs/ont-api,49,5,13693,Java,2019-10-19T18:45:59Z,2026-03-28T15:36:17Z,4,0,1692,164316,21.590812,high,mature,8
spring-cloud-rsocket,https://github.com/spring-attic/spring-cloud-rsocket,49,12,503,Java,2019-10-21T15:05:44Z,2023-03-22T03:51:17Z,9,1,59,6036,0.753191,low,mature,5
HLSPlugin,https://github.com/Blazemeter/HLSPlugin,49,17,8702,Java,2019-03-25T18:13:49Z,2025-05-21T21:23:09Z,10,6,26,104424,0.304807,low,mature,8
jwtenizr,https://github.com/AdamBien/jwtenizr,49,15,87,Java,2019-05-08T13:35:28Z,2025-11-25T09:25:30Z,2,4,108,1044,1.287758,medium,mature,3
SwipeBack,https://github.com/goweii/SwipeBack,49,5,1485,Java,2019-05-25T10:44:28Z,2026-02-27T20:26:48Z,0,1,58,17820,0.696279,low,mature,2
rnds,https://github.com/kyriosdata/rnds,49,16,163645,Java,2019-12-22T14:38:39Z,2026-03-28T14:16:57Z,7,9,1193,1963740,15.642483,high,mature,2
erp-framework,https://github.com/chyanwu/erp-framework,49,42,6903,Java,2019-01-14T00:59:54Z,2025-02-24T21:17:27Z,3,5,52,82836,0.593156,low,mature,1
WhatsAppClone,https://github.com/iceka/WhatsAppClone,49,19,6327,Java,2019-07-25T06:36:55Z,2025-08-31T15:55:16Z,2,0,24,75924,0.295324,low,mature,1
EasyBrowser,https://github.com/ricky9090/EasyBrowser,49,12,1353,Java,2019-04-11T07:01:59Z,2026-03-03T09:31:18Z,2,0,93,16236,1.097129,medium,mature,1
dialogPlus,https://github.com/mu7amadfawzy/dialogPlus,49,13,63575,Java,2019-07-17T12:53:37Z,2026-03-16T16:03:26Z,5,0,90,762900,1.103843,medium,mature,3
ShGj,https://github.com/LiChaoyan/ShGj,49,14,37070,Java,2019-07-16T14:02:37Z,2025-12-16T17:14:04Z,5,7,4,444840,0.04904,low,mature,1
GoogleMapsSample,https://github.com/rrifafauzikomara/GoogleMapsSample,49,16,4720,Java,2019-01-31T12:49:11Z,2024-11-12T21:25:38Z,1,0,25,56640,0.287026,low,mature,2
JavaDataFlow,https://github.com/daanvdh/JavaDataFlow,49,14,208,Java,2019-11-04T15:30:04Z,2026-01-14T06:35:40Z,2,1,37,2496,0.475171,low,mature,1
CorporateGenealogy,https://github.com/JalonY/CorporateGenealogy,49,27,4755,Java,2019-01-01T07:36:48Z,2025-08-26T01:49:22Z,2,0,14,57060,0.15891,low,mature,2
konduit-serving,https://github.com/KonduitAI/konduit-serving,49,15,121003,Java,2019-10-16T08:24:52Z,2025-08-26T02:11:43Z,113,9,1072,1452036,13.656051,high,mature,18
ISP-Java,https://github.com/nitishr7/ISP-Java,49,27,2584,Java,2019-11-19T18:38:27Z,2026-03-17T21:20:41Z,1,0,5,31008,0.064655,low,mature,2
beekeeper,https://github.com/ExpediaGroup/beekeeper,49,9,3225,Java,2019-08-06T08:34:08Z,2026-02-23T10:52:38Z,1,8,320,38700,3.957131,medium,mature,30
festival,https://github.com/bdqfork/festival,49,17,4686,Java,2019-02-13T07:07:05Z,2025-06-05T03:31:41Z,0,0,477,56232,5.503846,medium,mature,3
stream-ops-java,https://github.com/nanosai/stream-ops-java,49,9,101,Java,2019-05-19T09:30:00Z,2025-01-05T05:03:18Z,4,0,43,1212,0.51497,low,mature,1
android_app_socketfilelistserver,https://github.com/sininit/android_app_socketfilelistserver,49,7,8537,Java,2019-04-08T03:44:44Z,2026-03-08T09:03:04Z,0,0,26,102444,0.306363,low,mature,1
flutter_orientation,https://github.com/sososdk/flutter_orientation,49,35,203,Java,2019-03-03T14:17:24Z,2024-09-25T02:24:47Z,5,1,18,2436,0.20914,low,mature,2
V-BC,https://github.com/txlaijava/V-BC,49,13,592,Java,2019-08-03T04:36:00Z,2026-01-08T05:58:19Z,4,13,6,7104,0.074105,low,mature,1
mall,https://github.com/daigang666/mall,49,12,4761,Java,2019-01-25T05:30:21Z,2026-03-09T06:42:31Z,0,0,20,57132,0.229095,low,mature,3
mdgen,https://github.com/gsajith/mdgen,49,3,16153,Java,2019-07-05T23:53:54Z,2026-03-08T10:40:59Z,0,0,8,193836,0.09768,low,mature,1
txle,https://github.com/actiontech/txle,49,20,9437,Java,2019-08-26T11:45:16Z,2025-08-13T11:20:40Z,2,16,1416,113244,17.65586,high,mature,18
MyDatabase,https://github.com/machi12/MyDatabase,49,6,120,Java,2019-12-23T04:38:35Z,2024-12-16T14:10:31Z,0,0,20,1440,0.262352,low,mature,1
clean-code-java,https://github.com/victorrentea/clean-code-java,49,32,3779,Java,2019-08-21T23:01:07Z,2026-01-14T23:00:10Z,1,4,398,45348,4.954357,medium,mature,241
TenPatch,https://github.com/raeleus/TenPatch,49,5,1658,Java,2019-04-07T09:56:04Z,2026-01-23T07:45:47Z,1,0,104,19896,1.224971,medium,mature,2
AntiBot,https://github.com/ArkFlame/AntiBot,49,28,176,Java,2019-08-07T20:09:33Z,2025-11-13T15:17:10Z,1,1,86,2112,1.064356,medium,mature,10
PolicyLib,https://github.com/jaychou2012/PolicyLib,49,13,8940,Java,2019-12-08T08:13:40Z,2026-01-20T09:36:47Z,1,0,35,107280,0.456125,low,mature,1
kkkwmxt,https://github.com/TonyWorde/kkkwmxt,49,10,15293,Java,2019-06-20T10:10:02Z,2026-03-13T03:23:17Z,3,0,3,183516,0.036393,low,mature,1
mongo-jdbc-driver,https://github.com/mongodb/mongo-jdbc-driver,49,41,6264,Java,2019-09-25T12:42:36Z,2026-03-02T10:12:33Z,6,6,254,75168,3.207071,medium,mature,35
micronaut-kubernetes,https://github.com/micronaut-projects/micronaut-kubernetes,49,31,43194,Java,2019-03-04T22:44:00Z,2026-03-27T11:09:43Z,23,4,1126,518328,13.093023,high,mature,36
hol-streams,https://github.com/speedment/hol-streams,49,45,1244,Java,2019-08-06T11:12:35Z,2023-08-02T20:47:13Z,0,0,36,14928,0.445177,low,mature,4
spring-boot-demo,https://github.com/wulangcode/spring-boot-demo,49,15,17778,Java,2019-12-31T02:59:10Z,2025-06-29T13:48:47Z,0,17,108,213336,1.421676,medium,mature,2
KokoaLinux,https://github.com/Yesterday17/KokoaLinux,49,3,128,Java,2019-12-27T12:13:57Z,2026-02-07T13:58:00Z,2,0,17,1536,0.22339,low,mature,2
kafka_client,https://github.com/nicklyc/kafka_client,49,8,1411,Java,2019-06-15T02:03:39Z,2026-02-11T16:37:36Z,0,0,87,16932,1.053269,medium,mature,1
springboot,https://github.com/zhouzhaodong/springboot,49,38,8059,Java,2019-06-03T08:35:55Z,2025-05-19T10:22:35Z,0,4,65,96708,0.783133,low,mature,1
android-performance,https://github.com/liuhuiAndroid/android-performance,49,35,2901,Java,2019-03-27T06:24:04Z,2025-12-05T02:35:31Z,0,0,16,34812,0.187647,low,mature,1
aadarchi,https://github.com/Riduidel/aadarchi,49,12,12475,Java,2019-10-17T13:21:20Z,2026-02-16T12:25:06Z,32,10,756,149700,9.634664,medium,mature,10
selenium-testng-framework,https://github.com/bharathish-diggavi/selenium-testng-framework,49,60,8533,Java,2019-01-05T18:57:02Z,2026-02-18T14:59:51Z,0,2,16,102396,0.181956,low,mature,2
bcm-android,https://github.com/bcmapp/bcm-android,49,17,38124,Java,2019-12-24T09:36:50Z,2026-01-08T19:22:19Z,26,0,497,457488,6.52231,medium,mature,1
WorldEditSUI,https://github.com/kennytv/WorldEditSUI,49,12,202,Java,2019-04-10T08:48:03Z,2026-03-10T14:44:07Z,7,1,42,2424,0.495283,low,mature,2
ZDownloader,https://github.com/Z-P-J/ZDownloader,49,4,2878,Java,2019-04-15T02:48:32Z,2026-01-19T03:56:42Z,7,0,109,34536,1.287909,medium,mature,1
PhoneMirror,https://github.com/huanglqweiwei/PhoneMirror,49,21,6856,Java,2019-08-08T03:30:19Z,2026-02-04T01:09:55Z,3,0,13,82272,0.160891,low,mature,1
spring-action,https://github.com/zwwhnly/spring-action,49,13,6406,Java,2019-08-09T05:49:04Z,2026-02-12T16:41:41Z,0,6,19,76872,0.235246,low,mature,1
Cypher-Notepad,https://github.com/Cypher-Notepad/Cypher-Notepad,49,3,961,Java,2019-02-18T19:43:33Z,2025-10-20T06:42:00Z,0,0,177,11532,2.047032,medium,mature,1
ikeeping_parent,https://github.com/yuuyoo/ikeeping_parent,49,16,419,Java,2019-06-24T13:16:38Z,2026-03-05T11:52:45Z,0,4,160,5028,1.944107,medium,mature,8
kuboard-example,https://github.com/eip-work/kuboard-example,48,28,2831,Java,2019-07-12T06:10:54Z,2025-09-27T06:49:43Z,0,26,8,33972,0.097919,low,mature,1
LocaleLib,https://github.com/PikaMug/LocaleLib,48,15,150,Java,2019-03-13T05:31:58Z,2025-08-28T03:25:57Z,1,0,120,1800,1.399689,medium,mature,9
spring-code,https://github.com/liuqupingshanyao/spring-code,48,4,14094,Java,2019-08-11T09:01:31Z,2024-04-19T02:00:00Z,1,0,2,169128,0.024783,low,mature,1
java9to13,https://github.com/bentolor/java9to13,48,48,197950,Java,2019-07-01T15:16:42Z,2026-03-10T07:50:37Z,0,0,13,2375400,0.158408,low,mature,1
FTEReader-Android,https://github.com/hathcdy/FTEReader-Android,48,5,8328,Java,2019-03-14T07:39:36Z,2026-01-22T07:24:02Z,0,0,2,99936,0.023337,low,mature,1
NetworkState,https://github.com/allenlzhang/NetworkState,48,8,134,Java,2019-02-28T02:12:02Z,2025-01-17T08:26:05Z,7,0,6,1608,0.069632,low,mature,1
serenity-cucumber4-starter,https://github.com/serenity-bdd/serenity-cucumber4-starter,48,72,104588,Java,2019-02-02T06:40:23Z,2025-12-24T20:18:04Z,20,2,61,1255056,0.700881,low,mature,2
imooc_miaosha,https://github.com/imyzt/imooc_miaosha,48,19,808,Java,2019-03-09T06:57:42Z,2026-02-11T16:41:22Z,0,0,17,9696,0.197981,low,mature,1
schema2proto,https://github.com/entur/schema2proto,48,20,2385,Java,2019-05-24T06:44:29Z,2026-03-18T13:26:33Z,14,6,1621,28620,19.452,high,mature,11
react-native-client-sdk,https://github.com/launchdarkly/react-native-client-sdk,48,32,4867,Java,2019-02-28T19:56:50Z,2026-02-13T09:32:21Z,8,1,513,58404,5.955882,medium,mature,220
SecMobile,https://github.com/wrlu/SecMobile,48,12,162448,Java,2019-11-30T02:48:37Z,2025-12-29T08:57:52Z,1,0,107,1949376,1.38961,medium,mature,3
Horreum,https://github.com/Hyperfoil/Horreum,48,35,12834,Java,2019-12-11T06:06:41Z,2025-12-08T02:14:07Z,222,22,1830,154008,23.879948,high,mature,19
AndroidLocalMavenRepoAARDemo,https://github.com/akhgupta/AndroidLocalMavenRepoAARDemo,48,15,139,Java,2019-07-22T17:07:58Z,2023-08-12T10:33:25Z,2,1,7,1668,0.086066,low,mature,1
course_microservice_kmitl_2019,https://github.com/up1/course_microservice_kmitl_2019,48,6,78402,Java,2019-01-14T14:27:48Z,2024-09-20T04:26:12Z,1,0,59,940824,0.673004,low,mature,1
spotless-changelog,https://github.com/diffplug/spotless-changelog,48,3,1498,Java,2019-12-03T06:17:59Z,2025-05-10T22:28:24Z,12,0,252,17976,3.276983,medium,mature,3
oci-service-broker,https://github.com/oracle/oci-service-broker,48,34,223,Java,2019-04-10T16:50:53Z,2025-11-24T09:24:35Z,7,8,30,2676,0.353913,low,mature,1750
pulsar-in-action,https://github.com/david-streamlio/pulsar-in-action,48,28,87463,Java,2019-06-14T14:50:13Z,2025-04-13T22:54:58Z,0,2,77,1049556,0.931827,low,mature,1
datasphere-integration,https://github.com/datasphere-oss/datasphere-integration,48,18,21727,Java,2019-09-23T12:18:07Z,2024-09-22T15:43:00Z,0,11,154,260724,1.942809,medium,mature,1
DQCS,https://github.com/schic/DQCS,48,30,423867,Java,2019-09-16T03:15:34Z,2026-03-17T07:17:50Z,4,9,190,5086404,2.389937,medium,mature,8
MultiIndicator,https://github.com/pengMaster/MultiIndicator,48,7,218,Java,2019-05-28T07:35:24Z,2025-05-27T06:19:35Z,0,0,25,2616,0.300481,low,mature,2
eslinter,https://github.com/parsiya/eslinter,48,7,12751,Java,2019-10-22T06:41:01Z,2025-12-14T19:55:25Z,14,0,81,153012,1.034483,medium,mature,3
chemclipse,https://github.com/eclipse-chemclipse/chemclipse,48,18,146157,Java,2019-08-15T14:42:29Z,2026-03-27T16:17:32Z,14,1,11885,1753884,147.517584,high,mature,19
spring-cloud-alibaba-component,https://github.com/helloworlde/spring-cloud-alibaba-component,48,42,5049,Java,2019-05-21T08:52:03Z,2026-03-26T08:22:32Z,0,0,81,60588,0.970835,low,mature,1
MCard,https://github.com/DuHouAn/MCard,48,11,1189,Java,2019-05-13T06:25:40Z,2025-03-23T04:04:41Z,1,6,21,14268,0.250896,low,mature,1
betterday,https://github.com/LJP-Perfect/betterday,48,11,105,Java,2019-06-10T08:34:19Z,2025-12-30T04:26:13Z,0,2,4,1260,0.048329,low,mature,1
athena,https://github.com/athena-proxy/athena,48,29,681,Java,2019-12-09T12:02:55Z,2026-01-18T07:01:17Z,0,3,12,8172,0.156454,low,mature,3
Inventory-Sorter,https://github.com/KyrptonaughtMC/Inventory-Sorter,48,38,42641,Java,2019-06-26T23:04:06Z,2026-03-13T10:33:26Z,23,1,556,511692,6.76399,medium,mature,24
grpc-java-jwt,https://github.com/avast/grpc-java-jwt,48,9,814,Java,2019-04-19T17:42:43Z,2026-03-26T05:39:44Z,1,4,618,9768,7.316496,medium,mature,10
capi-gateway,https://github.com/rodrigoserracoelho/capi-gateway,48,16,342,Java,2019-09-13T14:15:54Z,2025-08-26T07:07:08Z,3,1,200,4104,2.512563,medium,mature,1
ncpsy,https://github.com/TheMightyRobin/ncpsy,48,21,1104,Java,2019-02-21T10:20:24Z,2026-03-09T02:33:39Z,2,0,10,13248,0.115741,low,mature,1
VERDICT,https://github.com/ge-high-assurance/VERDICT,48,14,24574,Java,2019-09-18T17:35:31Z,2026-03-07T07:20:00Z,8,10,1771,294888,22.304786,high,mature,24
rabbitmq-operator,https://github.com/indeedeng/rabbitmq-operator,48,8,289,Java,2019-03-06T07:55:20Z,2025-08-26T07:01:17Z,1,0,136,3468,1.582009,medium,mature,11
sample-spring-cloud-microservices-future,https://github.com/piomin/sample-spring-cloud-microservices-future,48,32,90,Java,2019-04-03T13:58:06Z,2026-03-12T07:50:40Z,1,0,104,1080,1.22305,medium,mature,1
skyline,https://github.com/DrHacknik/skyline,48,1693,8067,Java,2019-09-10T23:10:47Z,2026-03-22T04:56:21Z,0,0,81,96804,1.016736,medium,mature,5
delay-task,https://github.com/caisl/delay-task,48,24,603,Java,2019-05-09T05:41:26Z,2025-01-26T08:24:02Z,1,2,14,7236,0.166998,low,mature,1
flutter_exoplayer,https://github.com/danielR2001/flutter_exoplayer,48,23,507,Java,2019-07-27T17:16:23Z,2026-01-19T03:56:45Z,14,1,105,6084,1.293634,medium,mature,3
ontouml-vp-plugin,https://github.com/OntoUML/ontouml-vp-plugin,48,18,28029,Java,2019-11-25T14:21:32Z,2026-03-05T03:24:20Z,63,5,191,336348,2.475162,medium,mature,9
Personal-Event-Recommendation-,https://github.com/donghaix/Personal-Event-Recommendation-,48,10,2775,Java,2019-08-17T00:17:47Z,2023-09-07T01:04:59Z,0,0,7,33300,0.086957,low,mature,1
MyCollegeApp,https://github.com/abdulazizahwan/MyCollegeApp,48,29,700,Java,2019-06-21T05:54:20Z,2025-09-08T19:49:51Z,1,0,26,8400,0.315534,low,mature,1
StarGate,https://github.com/Alemiz112/StarGate,48,12,261,Java,2019-06-19T17:56:55Z,2026-01-06T11:15:18Z,1,0,154,3132,1.868176,medium,mature,5
tinyradius-netty,https://github.com/globalreachtech/tinyradius-netty,48,34,4356,Java,2019-06-26T02:18:24Z,2026-03-26T18:51:16Z,10,1,1523,52272,18.52047,high,mature,11
RedMQ,https://github.com/thisxulz/RedMQ,48,8,16010,Java,2019-01-31T05:44:19Z,2025-08-26T07:04:10Z,0,6,35,192120,0.401837,low,mature,1
CameraX,https://github.com/fregatvogel/CameraX,48,34,187,Java,2019-06-05T05:35:39Z,2025-10-29T07:59:17Z,6,0,59,2244,0.711415,low,mature,4
NewsApp,https://github.com/droiddevgeeks/NewsApp,48,18,97,Java,2019-01-24T17:59:04Z,2024-03-19T15:12:15Z,0,0,4,1164,0.045819,low,mature,2
mscx-ad,https://github.com/Isaac-Zhang/mscx-ad,48,21,5570,Java,2019-06-12T01:20:20Z,2025-09-05T07:57:45Z,2,2,88,66840,1.064087,medium,mature,1
bcomp,https://github.com/tune-it/bcomp,48,22,1160,Java,2019-09-30T13:28:35Z,2026-03-24T15:59:13Z,1,2,579,13920,7.326023,medium,mature,11
querqy-elasticsearch,https://github.com/querqy/querqy-elasticsearch,48,24,765,Java,2019-09-17T13:38:50Z,2025-11-19T10:01:31Z,8,14,254,9180,3.196309,medium,mature,6
cisp,https://github.com/Wwzb/cisp,48,7,1690,Java,2019-02-13T09:50:21Z,2026-02-22T01:24:34Z,0,2,62,20280,0.715385,low,mature,1
WanAndroid,https://github.com/hnhzy/WanAndroid,47,23,1052,Java,2019-03-05T07:47:35Z,2023-03-31T07:27:21Z,1,1,21,12624,0.244186,low,mature,2
delight-graaljs-sandbox,https://github.com/javadelight/delight-graaljs-sandbox,47,11,107,Java,2019-05-31T22:19:29Z,2025-12-06T12:36:22Z,1,0,48,1284,0.577849,low,mature,5
intellij-file-preview,https://github.com/SeeSharpSoft/intellij-file-preview,47,4,226,Java,2019-07-25T04:54:22Z,2025-06-25T16:01:38Z,29,0,134,2712,1.648893,medium,mature,3
springboot,https://github.com/jilongliang/springboot,47,27,4487,Java,2019-07-28T02:20:48Z,2025-05-23T08:59:41Z,0,2,9,53844,0.110883,low,mature,1
Java-Geometry-Expert,https://github.com/kovzol/Java-Geometry-Expert,47,23,20279,Java,2019-05-01T15:56:11Z,2026-02-09T02:03:56Z,26,0,343,243348,4.078478,medium,mature,9
VehicleInfoOCR,https://github.com/Udayraj123/VehicleInfoOCR,47,16,34470,Java,2019-05-31T17:51:12Z,2026-02-15T16:59:18Z,1,0,75,413640,0.902889,low,mature,3
tree-feller,https://github.com/ThizThizzyDizzy/tree-feller,47,13,1187,Java,2019-10-06T18:56:29Z,2026-03-26T04:19:17Z,18,0,235,14244,2.982234,medium,mature,5
TheMightyArchitect,https://github.com/simibubi/TheMightyArchitect,47,11,1108,Java,2019-03-09T15:20:57Z,2024-12-29T12:14:57Z,37,2,98,13296,1.141304,medium,mature,3
dsp-collection-java,https://github.com/chdh/dsp-collection-java,47,12,90,Java,2019-08-22T23:33:29Z,2025-02-11T01:30:13Z,0,0,20,1080,0.249066,low,mature,1
springboot-demo,https://github.com/zhengxl5566/springboot-demo,47,34,498,Java,2019-11-08T02:45:01Z,2025-08-24T05:54:53Z,1,2,125,5976,1.608062,medium,mature,1
Android-UsesPermission,https://github.com/xiangyuecn/Android-UsesPermission,47,12,4179,Java,2019-03-07T03:22:06Z,2025-07-30T07:09:38Z,0,0,10,50148,0.116369,low,mature,1
luckwheel,https://github.com/s6056826/luckwheel,47,29,918,Java,2019-01-18T07:44:40Z,2025-12-25T07:19:42Z,1,2,6,11016,0.068545,low,mature,1
ApkToolPatcher,https://github.com/SnowVolf/ApkToolPatcher,47,12,13992,Java,2019-07-18T16:51:03Z,2026-02-26T04:02:47Z,0,0,125,167904,1.53437,medium,mature,3
AppLauncher,https://github.com/Ryan-Shz/AppLauncher,47,12,168,Java,2019-07-01T14:09:24Z,2025-11-25T01:26:02Z,0,0,11,2016,0.134037,low,mature,1
react-native-sip,https://github.com/florindumitru/react-native-sip,47,52,94011,Java,2019-07-11T10:31:02Z,2026-03-17T07:24:26Z,16,0,189,1128132,2.312398,medium,mature,8
ssm_hospital,https://github.com/shuangyulin/ssm_hospital,47,17,18379,Java,2019-07-28T06:58:24Z,2026-02-18T04:16:06Z,0,0,1,220548,0.01232,low,mature,1
job-scheduler,https://github.com/opendistro-for-elasticsearch/job-scheduler,47,34,451,Java,2019-03-08T17:38:46Z,2024-05-15T09:17:59Z,0,0,65,5412,0.756988,low,mature,26
hive,https://github.com/msbbigdata/hive,47,65,6308,Java,2019-07-17T06:02:16Z,2023-09-24T16:22:48Z,0,0,23,75696,0.282093,low,mature,1
FlyingAgent,https://github.com/HouariZegai/FlyingAgent,47,12,1231,Java,2019-02-04T21:56:30Z,2026-03-18T22:25:04Z,0,0,106,14772,1.219325,medium,mature,3
identity-api-user,https://github.com/wso2/identity-api-user,47,111,4101,Java,2019-06-27T08:56:30Z,2026-03-28T01:05:42Z,0,1,1036,49212,12.603406,high,mature,729
LangageLinotte,https://github.com/cpc6128/LangageLinotte,47,3,5516,Java,2019-11-22T09:11:36Z,2026-03-18T19:10:26Z,4,0,524,66192,6.781708,medium,mature,1
definitive-guide-modern-java-clients-javafx,https://github.com/Apress/definitive-guide-modern-java-clients-javafx,47,31,42104,Java,2019-11-13T20:59:12Z,2025-12-24T12:24:15Z,4,1,5,505248,0.064488,low,mature,1
IronFurnaces,https://github.com/Qelifern/IronFurnaces,47,30,1224,Java,2019-03-17T00:38:21Z,2026-03-23T16:31:57Z,62,9,153,14688,1.787383,medium,mature,6
spring-cloud-gateway,https://github.com/aboullaite/spring-cloud-gateway,47,28,91,Java,2019-01-13T22:02:20Z,2024-04-23T14:25:24Z,0,0,4,1092,0.045627,low,mature,1
HTML5-Cross-Platform-Game-Development-Using-Phaser-3,https://github.com/ajbkr/HTML5-Cross-Platform-Game-Development-Using-Phaser-3,47,26,4381,Java,2019-03-26T21:33:53Z,2025-03-15T11:56:53Z,0,0,37,52572,0.433933,low,mature,1
Wyrmroost,https://github.com/MWall541/Wyrmroost,47,22,19663,Java,2019-06-30T05:46:19Z,2026-01-31T03:54:30Z,60,4,1289,235956,15.700365,high,mature,11
springboot-learn,https://github.com/fujiangwei/springboot-learn,47,70,827,Java,2019-01-11T14:45:06Z,2026-02-11T16:43:33Z,0,10,95,9924,1.082415,medium,mature,2
quarkus-ls,https://github.com/redhat-developer/quarkus-ls,47,17,46571,Java,2019-07-31T10:12:30Z,2026-03-28T13:59:44Z,130,5,632,558852,7.796053,medium,mature,123
tiny-keyboard,https://github.com/rkkr/tiny-keyboard,47,10,367,Java,2019-10-20T08:43:39Z,2026-01-07T14:19:24Z,8,0,38,4404,0.4849,low,mature,2
AndroidOMRHelper,https://github.com/Udayraj123/AndroidOMRHelper,47,22,106398,Java,2019-04-07T21:55:51Z,2026-03-27T19:19:28Z,1,0,3,1276776,0.03535,low,mature,4
ImmersionStatusBar,https://github.com/jimmysuncpt/ImmersionStatusBar,47,6,2728,Java,2019-08-23T07:56:43Z,2025-02-28T16:10:25Z,1,0,8,32736,0.099626,low,mature,1
amazon-kinesis-analytics-beam-taxi-consumer,https://github.com/aws-samples/amazon-kinesis-analytics-beam-taxi-consumer,47,23,1296,Java,2019-06-19T17:25:52Z,2025-03-18T02:52:18Z,0,1,83,15552,1.006874,medium,mature,19
Android-Universal-ViewPager-Indicator,https://github.com/wenzhihao123/Android-Universal-ViewPager-Indicator,47,16,143,Java,2019-05-19T10:07:36Z,2025-04-18T03:50:24Z,1,0,9,1716,0.107784,low,mature,1
spring-cloud-schema-registry,https://github.com/spring-cloud/spring-cloud-schema-registry,47,27,1194,Java,2019-08-16T19:31:28Z,2024-02-13T10:52:17Z,23,4,95,14328,1.180124,medium,mature,39
s1p-stocks-ui,https://github.com/trishagee/s1p-stocks-ui,47,13,108,Java,2019-09-23T16:11:55Z,2026-02-13T12:01:52Z,2,0,40,1296,0.504626,low,mature,1
benchmark-thrift,https://github.com/didi/benchmark-thrift,47,10,22374,Java,2019-10-11T15:04:47Z,2025-10-10T08:16:42Z,4,8,234,268488,2.974576,medium,mature,21
masterspringboot,https://github.com/fmarchioni/masterspringboot,47,128,8888,Java,2019-08-02T12:04:48Z,2025-08-25T16:48:04Z,1,21,193,106656,2.382716,medium,mature,1
sorting-algorithms,https://github.com/argonautica/sorting-algorithms,47,105,497,Java,2019-10-03T23:12:22Z,2025-06-22T21:32:28Z,3,2,339,5964,4.296578,medium,mature,83
spring-boot-graphql-demo,https://github.com/helloworlde/spring-boot-graphql-demo,47,21,189,Java,2019-01-29T10:35:44Z,2025-10-21T07:42:58Z,1,0,2,2268,0.022945,low,mature,1
java-docker,https://github.com/aboullaite/java-docker,47,41,19701,Java,2019-03-30T20:39:52Z,2024-10-11T11:25:00Z,0,1,21,236412,0.246672,low,mature,1
12306XposedPlugin,https://github.com/pengwei1024/12306XposedPlugin,47,7,6885,Java,2019-01-09T02:26:51Z,2025-06-21T05:03:15Z,1,0,44,82620,0.500949,low,mature,1
NewsRecommendSystem,https://github.com/luochana/NewsRecommendSystem,47,11,4099,Java,2019-04-19T13:14:18Z,2025-11-02T16:00:13Z,2,3,15,49188,0.177515,low,mature,1
pcap,https://github.com/ardikars/pcap,47,12,1875,Java,2019-08-26T11:42:27Z,2026-01-31T06:19:09Z,0,11,95,22500,1.184539,medium,mature,2
aws-cloudformation-resource-providers-cloudformation,https://github.com/aws-cloudformation/aws-cloudformation-resource-providers-cloudformation,47,39,546,Java,2019-06-26T17:00:02Z,2025-08-29T18:34:52Z,10,2,1,6552,0.012165,low,mature,28
Flutter_integration_map,https://github.com/1144075799/Flutter_integration_map,47,11,11154,Java,2019-04-11T07:24:46Z,2024-03-25T02:50:15Z,3,0,6,133848,0.070783,low,mature,1
android_9.0.0_r45,https://github.com/lulululbj/android_9.0.0_r45,47,19,29624,Java,2019-08-02T08:36:26Z,2025-10-29T15:11:11Z,0,0,39,355488,0.481481,low,mature,1
FormLayoutManager,https://github.com/dnwalter/FormLayoutManager,47,12,282,Java,2019-12-14T10:12:01Z,2025-04-25T07:38:26Z,0,0,47,3384,0.614111,low,mature,1
quarkus-youtube,https://github.com/viniciusfcf/quarkus-youtube,47,28,461,Java,2019-08-31T20:31:49Z,2025-08-12T04:18:15Z,0,0,91,5532,1.1375,medium,mature,1
simple-demo,https://github.com/caotinging/simple-demo,47,52,2612,Java,2019-01-11T09:25:41Z,2025-10-10T02:32:42Z,2,3,41,31344,0.467148,low,mature,2
tls-sig-api-v2-java,https://github.com/tencentyun/tls-sig-api-v2-java,47,269,101,Java,2019-06-11T01:42:54Z,2025-09-29T08:19:33Z,3,0,40,1212,0.483481,low,mature,4
learning-modules,https://github.com/Mosiki/learning-modules,47,44,139,Java,2019-12-23T23:26:12Z,2025-12-17T14:12:10Z,0,6,31,1668,0.406824,low,mature,1
AirlineManagementSystem,https://github.com/kunaltyagi9/AirlineManagementSystem,47,72,956,Java,2019-10-06T11:16:18Z,2026-02-09T16:27:47Z,0,2,3,11472,0.038055,low,mature,1
praxiscore,https://github.com/praxis-live/praxiscore,47,8,2392,Java,2019-11-07T15:43:46Z,2026-03-24T16:57:03Z,10,0,469,28704,6.030862,medium,mature,1
media_player,https://github.com/siddhesh-tamhanekar/media_player,46,19,2105,Java,2019-03-03T13:29:04Z,2023-10-10T13:43:28Z,13,2,10,25260,0.116189,low,mature,1
micronaut-mongodb,https://github.com/micronaut-projects/micronaut-mongodb,46,18,8691,Java,2019-01-21T11:02:50Z,2026-03-28T02:15:21Z,7,1,923,104292,10.556615,high,mature,30
CustomLint,https://github.com/Omooo/CustomLint,46,7,151,Java,2019-07-04T13:49:45Z,2022-06-08T13:39:37Z,0,0,5,1812,0.061,low,mature,1
Forward,https://github.com/Oaman/Forward,46,13,1024,Java,2019-10-28T01:08:17Z,2025-06-12T05:27:26Z,1,0,148,12288,1.895006,medium,mature,2
NewsReaderApp,https://github.com/jity16/NewsReaderApp,46,8,49390,Java,2019-06-04T12:40:06Z,2026-02-27T20:18:11Z,0,0,5,592680,0.060265,low,mature,1
lucene-s3directory,https://github.com/albogdano/lucene-s3directory,46,10,146,Java,2019-01-25T21:21:35Z,2026-03-25T13:33:34Z,3,0,26,1752,0.297937,low,mature,2
pepk,https://github.com/yongjhih/pepk,46,12,1044,Java,2019-02-15T03:08:12Z,2026-02-24T01:22:45Z,2,0,25,12528,0.288684,low,mature,1
TS-CHIEF,https://github.com/dotnet54/TS-CHIEF,46,13,209494,Java,2019-01-29T01:24:47Z,2025-10-26T12:43:05Z,3,4,3,2513928,0.034417,low,mature,1
stratus,https://github.com/planetlabs/stratus,46,27,137711,Java,2019-10-23T21:33:26Z,2023-12-05T09:26:15Z,0,0,48,1652532,0.613549,low,mature,13
Android-DualBle,https://github.com/ruigeyun/Android-DualBle,46,19,252,Java,2019-12-10T00:53:22Z,2025-05-29T14:28:47Z,0,0,7,3024,0.091304,low,mature,1
Hotel_Management_system,https://github.com/WangHu17/Hotel_Management_system,46,7,2939,Java,2019-03-03T10:16:58Z,2025-10-20T01:29:48Z,1,0,4,35268,0.046476,low,mature,1
business-central,https://github.com/jboss-dockerfiles/business-central,46,66,386,Java,2019-06-13T10:53:04Z,2025-10-30T15:48:29Z,11,1,164,4632,1.983871,medium,mature,14
SmbPlayHelper,https://github.com/xyoye/SmbPlayHelper,46,15,8497,Java,2019-07-19T10:31:59Z,2026-03-23T09:24:19Z,0,0,18,101964,0.220949,low,mature,1
Java-Deep-Learning-Cookbook,https://github.com/PacktPublishing/Java-Deep-Learning-Cookbook,46,37,130275,Java,2019-06-14T06:42:21Z,2026-02-10T15:13:19Z,1,10,99,1563300,1.198064,medium,mature,7
MinecraftBut,https://github.com/mcbut/MinecraftBut,46,6,267,Java,2019-09-15T11:03:36Z,2026-03-19T00:06:30Z,2,0,133,3204,1.672255,medium,mature,3
RecyclerViewGroupDemo,https://github.com/fan0424/RecyclerViewGroupDemo,46,11,128,Java,2019-02-13T06:42:52Z,2023-11-14T14:22:42Z,1,0,2,1536,0.023077,low,mature,1
smalldoc,https://github.com/liuhuagui/smalldoc,46,14,819,Java,2019-10-12T10:00:16Z,2024-06-12T13:48:47Z,3,1,23,9828,0.292497,low,mature,2
factcast,https://github.com/factcast/factcast,46,21,517604,Java,2019-06-21T18:56:02Z,2026-03-28T05:24:38Z,57,14,11124,6211248,135.054634,high,mature,26
CommonPopupWindow,https://github.com/FanChael/CommonPopupWindow,46,2,36423,Java,2019-02-11T06:18:40Z,2024-12-02T09:45:21Z,1,0,111,437076,1.279785,medium,mature,1
ditto-clients,https://github.com/eclipse-ditto/ditto-clients,46,27,6510,Java,2019-07-12T18:42:34Z,2026-03-16T06:56:55Z,13,5,881,78120,10.787755,high,mature,29
ParkingLot,https://github.com/root0109/ParkingLot,46,60,113,Java,2019-02-18T09:40:01Z,2026-03-26T21:44:24Z,1,1,1,1356,0.011561,low,mature,1
product-streaming-integrator-tooling,https://github.com/wso2/product-streaming-integrator-tooling,46,34,127797,Java,2019-07-03T04:13:05Z,2025-10-01T02:22:34Z,1,0,4030,1533564,49.146341,high,mature,740
wechat,https://github.com/BooksCup/wechat,46,15,34091,Java,2019-08-22T07:30:33Z,2025-10-11T03:36:58Z,6,0,1104,409092,13.742739,high,mature,1
WeiboRSS,https://github.com/CasterWx/WeiboRSS,46,5,1114,Java,2019-01-25T03:50:01Z,2025-04-14T02:25:25Z,2,0,9,13368,0.103093,low,mature,1
ANTLR-4-Resource-Code,https://github.com/GaoGian/ANTLR-4-Resource-Code,46,38,107,Java,2019-03-21T11:13:19Z,2025-08-11T00:45:25Z,0,0,2,1284,0.023401,low,mature,1
xiaoV,https://github.com/MrPenguinTM/xiaoV,46,19,1683,Java,2019-07-29T15:14:11Z,2026-01-22T06:23:51Z,5,4,20,20196,0.246508,low,mature,2
darkhold,https://github.com/surajcm/darkhold,46,9,9907,Java,2019-11-02T06:04:12Z,2026-03-13T14:32:59Z,8,11,383,118884,4.914457,medium,mature,4
Matrix-ClientServer-API-java,https://github.com/JojiiOfficial/Matrix-ClientServer-API-java,46,12,142,Java,2019-08-13T18:13:21Z,2025-09-13T02:17:49Z,5,1,27,1704,0.334988,low,mature,4
lsif-java,https://github.com/microsoft/lsif-java,46,19,3548,Java,2019-04-11T07:44:53Z,2026-03-27T22:57:39Z,13,2,120,42576,1.415651,medium,mature,10000
VmConsole-Api,https://github.com/tzfun/VmConsole-Api,46,17,2141,Java,2019-05-28T04:50:22Z,2026-02-10T16:10:50Z,2,0,45,25692,0.540865,low,mature,1
SchoolMeals,https://github.com/1046633575/SchoolMeals,46,9,40470,Java,2019-01-08T04:06:06Z,2025-09-04T15:46:55Z,1,0,9,485640,0.102428,low,mature,1
chemicaltagger,https://github.com/BlueObelisk/chemicaltagger,46,9,22960,Java,2019-12-28T17:15:08Z,2026-03-21T10:17:24Z,1,0,791,275520,10.403332,high,mature,6
SpringBoot_GRPC,https://github.com/guangxush/SpringBoot_GRPC,46,29,505,Java,2019-07-07T03:09:28Z,2026-03-02T05:52:48Z,2,0,6,6060,0.07329,low,mature,1
AndroidSpeechRecognition,https://github.com/AnnaClancy/AndroidSpeechRecognition,46,17,9349,Java,2019-06-15T02:04:06Z,2025-03-05T14:32:13Z,1,0,12,112188,0.145278,low,mature,1
Flipper,https://github.com/baldapps/Flipper,46,5,116,Java,2019-08-06T13:29:56Z,2023-12-20T10:04:31Z,0,0,17,1392,0.210223,low,mature,1
mongodb-replica-set,https://github.com/silaev/mongodb-replica-set,46,6,228,Java,2019-10-02T05:20:12Z,2025-10-10T08:16:41Z,4,0,25,2736,0.316589,low,mature,1
AndroidBluetoothChatApp,https://github.com/halilozel1903/AndroidBluetoothChatApp,46,23,1817,Java,2019-04-27T20:27:01Z,2025-11-19T14:37:33Z,1,0,41,21804,0.486936,low,mature,1
react-native-headphone-detection,https://github.com/Tintef/react-native-headphone-detection,46,18,209,Java,2019-08-02T22:29:05Z,2025-03-12T15:27:27Z,8,12,14,2508,0.172911,low,mature,5
MiPayCard,https://github.com/gddhy/MiPayCard,46,9,996,Java,2019-06-20T06:02:22Z,2026-03-13T14:31:43Z,1,0,320,11952,3.881925,medium,mature,2
AndroidSample,https://github.com/zhpanvip/AndroidSample,46,22,3605,Java,2019-12-16T16:47:46Z,2024-07-26T08:21:12Z,0,0,47,43260,0.614647,low,mature,1
xImGui,https://github.com/xpenatan/xImGui,46,6,12106,Java,2019-04-20T00:49:54Z,2026-03-12T01:25:56Z,3,0,894,145272,10.584057,high,mature,1
clinical-reasoning,https://github.com/cqframework/clinical-reasoning,46,40,38973,Java,2019-10-24T22:11:26Z,2026-03-27T21:07:19Z,88,23,1227,467676,15.690537,high,mature,34
mmDialog,https://github.com/mamumu/mmDialog,46,10,211,Java,2019-04-18T09:46:45Z,2026-01-19T03:56:42Z,1,0,13,2532,0.153785,low,mature,2
Protobuf-gRPC-Android,https://github.com/xuexiangjys/Protobuf-gRPC-Android,46,15,925,Java,2019-03-24T09:05:36Z,2026-02-03T03:07:19Z,0,0,12,11100,0.14057,low,mature,1
MarketServer,https://github.com/a1098832322/MarketServer,46,12,19711,Java,2019-05-30T06:56:15Z,2026-02-01T06:31:10Z,1,3,15,236532,0.180433,low,mature,1
MyRPC,https://github.com/Sniper2016/MyRPC,46,4,137,Java,2019-08-05T11:52:57Z,2026-03-15T09:55:48Z,0,7,16,1644,0.197775,low,mature,1
CardTask,https://github.com/Raduap/CardTask,46,6,966,Java,2019-03-28T11:11:00Z,2024-06-03T18:05:38Z,0,0,19,11592,0.222917,low,mature,1
springboot-fargate-cdk,https://github.com/enghwa/springboot-fargate-cdk,46,24,3077,Java,2019-07-08T05:16:55Z,2025-04-03T16:44:32Z,0,4,33,36924,0.403259,low,mature,2
BookManageSystem,https://github.com/bjzt/BookManageSystem,46,7,2281,Java,2019-03-19T03:21:40Z,2025-10-31T02:24:18Z,1,0,10,27372,0.116913,low,mature,1
openfire_shells,https://github.com/20200629/openfire_shells,50,14,19770,Java,2020-10-12T11:10:38Z,2025-03-30T01:38:47Z,0,0,11,237240,0.16558,low,mature,1
unidbg_api,https://github.com/sir-smy/unidbg_api,50,20,5159,Java,2020-11-23T02:05:40Z,2024-12-16T01:55:33Z,2,0,14,61908,0.215274,low,mature,1
simple-graphs,https://github.com/earlygrey/simple-graphs,50,7,397,Java,2020-06-25T14:26:37Z,2026-03-01T12:39:17Z,1,0,230,4764,3.282588,medium,mature,2
MiniWeather,https://github.com/bestyize/MiniWeather,50,16,9800,Java,2020-02-28T06:54:26Z,2026-03-28T14:21:22Z,0,0,13,117600,0.175676,low,mature,1
wenshukt,https://github.com/Leon406/wenshukt,50,18,210,Java,2020-04-07T09:29:03Z,2025-02-06T08:53:17Z,0,0,38,2520,0.522696,low,mature,1
jiny,https://github.com/tuhuynh27/jiny,50,5,36676,Java,2020-07-11T21:03:55Z,2025-08-13T11:21:55Z,0,1,283,440112,4.071942,medium,mature,4
javafaker,https://github.com/HannnnXiao/javafaker,50,12,1202,Java,2020-05-10T03:00:28Z,2025-08-21T02:18:51Z,1,2,4,14424,0.055866,low,mature,2
saga-demo,https://github.com/rafabene/saga-demo,50,14,1166,Java,2020-06-30T15:14:53Z,2025-11-16T14:16:24Z,0,16,23,13992,0.329041,low,mature,1
termux-app-bluetooth,https://github.com/StevenSalazarM/termux-app-bluetooth,50,14,637,Java,2020-07-29T21:40:53Z,2026-03-18T21:32:50Z,2,0,7,7644,0.101597,low,mature,1
server,https://github.com/BarcodeAPI/server,50,21,931,Java,2020-03-09T09:47:25Z,2026-03-01T12:46:50Z,1,0,344,11172,4.669683,medium,mature,5
word-of-pdf,https://github.com/gl-stars/word-of-pdf,50,14,48039,Java,2020-12-28T01:25:46Z,2026-02-03T03:49:19Z,0,0,16,576468,0.250522,low,mature,1
CodeRAD,https://github.com/shannah/CodeRAD,50,17,72992,Java,2020-02-14T22:58:04Z,2025-09-22T13:18:26Z,7,7,196,875904,2.633229,medium,mature,3
first-steps-in-ddd-solutions,https://github.com/First-Steps-in-DDD-Community/first-steps-in-ddd-solutions,50,54,141,Java,2020-06-30T19:43:24Z,2025-10-09T02:11:41Z,0,0,62,1692,0.887405,low,mature,19
android-inspector,https://github.com/cmzf/android-inspector,50,14,1068,Java,2020-01-07T03:17:53Z,2025-07-14T04:06:48Z,2,2,33,12816,0.435739,low,mature,1
GlobalGray,https://github.com/U2tzJTNE/GlobalGray,50,15,219,Java,2020-04-08T07:20:52Z,2025-12-17T21:22:27Z,0,0,7,2628,0.09633,low,mature,1
PerspectiveModv4,https://github.com/DJtheRedstoner/PerspectiveModv4,50,12,11015,Java,2020-08-31T13:29:33Z,2026-02-18T05:55:53Z,5,1,33,132180,0.486486,low,mature,4
autofull,https://github.com/yzcheng90/autofull,50,1,135,Java,2020-10-15T03:20:01Z,2025-10-31T06:23:30Z,0,0,55,1620,0.829146,low,mature,1
CodeSolution,https://github.com/Damaer/CodeSolution,50,15,537,Java,2020-10-22T15:28:09Z,2025-03-09T08:15:14Z,0,0,69,6444,1.043873,medium,mature,1
hrms,https://github.com/storystart/hrms,50,8,151,Java,2020-06-22T07:32:29Z,2026-02-25T12:48:08Z,0,0,3,1812,0.042755,low,mature,1
auto-cpdaily,https://github.com/aowubulao/auto-cpdaily,50,19,97,Java,2020-07-20T04:15:30Z,2025-12-15T23:59:01Z,0,0,77,1164,1.112181,medium,mature,2
nebula-flink-connector,https://github.com/vesoft-inc/nebula-flink-connector,50,32,345,Java,2020-12-18T08:54:21Z,2026-01-16T11:53:31Z,7,0,61,4140,0.950156,low,mature,42
graalvm-truffle-tutorial,https://github.com/skinny85/graalvm-truffle-tutorial,50,8,2697,Java,2020-09-19T05:28:08Z,2026-02-21T11:08:50Z,0,0,152,32364,2.261905,medium,mature,2
tracdap,https://github.com/finos/tracdap,50,18,13778,Java,2020-10-07T06:58:00Z,2026-03-28T04:08:28Z,25,10,679,165336,10.195195,high,mature,26
apim-cli,https://github.com/Axway-API-Management-Plus/apim-cli,50,20,34240,Java,2020-06-03T19:12:12Z,2026-02-07T17:34:15Z,11,1,3634,410880,51.351861,high,mature,13
dbpedia-lookup,https://github.com/dbpedia/dbpedia-lookup,50,14,1868,Java,2020-09-20T12:04:28Z,2025-12-16T01:30:38Z,11,1,111,22416,1.652605,medium,mature,21
dirScan,https://github.com/safe6Sec/dirScan,50,11,24264,Java,2020-10-14T02:35:33Z,2026-01-12T09:21:13Z,2,0,25,291168,0.376695,low,mature,1
Anki-Occlusion,https://github.com/krmanik/Anki-Occlusion,50,1,21652,Java,2020-12-30T15:59:21Z,2026-02-01T22:04:58Z,11,0,2,259824,0.031348,low,mature,1
giftvideoplayer,https://github.com/meikaiss/giftvideoplayer,50,11,59320,Java,2020-09-21T03:33:25Z,2025-12-15T12:36:09Z,8,0,10,711840,0.148957,low,mature,1
plugin-driver-parent,https://github.com/thestyleofme/plugin-driver-parent,50,26,3832,Java,2020-07-02T03:50:37Z,2026-02-28T02:27:23Z,2,18,150,45984,2.147971,medium,mature,2
ServiceCommander-IBMi,https://github.com/ThePrez/ServiceCommander-IBMi,50,14,657,Java,2020-12-29T20:05:55Z,2026-03-09T23:34:20Z,20,2,576,7884,9.028213,medium,mature,13
connected-block-textures,https://github.com/TwilightFlower/connected-block-textures,50,63,139,Java,2020-05-09T00:54:13Z,2025-12-03T20:02:30Z,12,0,17,1668,0.23732,low,mature,4
azure-gradle-plugins,https://github.com/microsoft/azure-gradle-plugins,50,30,525,Java,2020-02-05T04:17:39Z,2025-11-25T19:29:22Z,33,3,197,6300,2.634864,medium,mature,10000
springboot-security-jwt-example,https://github.com/markvivv/springboot-security-jwt-example,50,14,153,Java,2020-04-15T02:36:25Z,2025-12-29T05:56:15Z,1,1,104,1836,1.435803,medium,mature,1
WebDroid,https://github.com/JankingWon/WebDroid,50,16,18014,Java,2020-02-24T14:58:19Z,2026-03-17T03:58:46Z,3,0,81,216168,1.092626,medium,mature,1
JavaParser-AST-Inspector,https://github.com/MysterAitch/JavaParser-AST-Inspector,50,9,798,Java,2020-04-12T16:29:15Z,2026-01-11T07:54:52Z,16,23,531,9576,7.320772,medium,mature,7
keycloak-phone-number,https://github.com/vymalo/keycloak-phone-number,50,14,84028,Java,2020-08-25T14:13:59Z,2026-03-19T15:43:45Z,0,8,198,1008336,2.910338,medium,mature,3
SquidSquad,https://github.com/yellowstonegames/SquidSquad,50,3,404490,Java,2020-11-10T03:55:45Z,2026-03-28T08:01:44Z,0,0,2671,4853880,40.799389,high,mature,1
aws-saas-factory-dynamic-policy-generation,https://github.com/aws-samples/aws-saas-factory-dynamic-policy-generation,50,13,1669,Java,2020-09-05T18:25:33Z,2026-03-06T09:52:17Z,0,3,46,20028,0.680138,low,mature,20
Image2Map,https://github.com/Patbox/Image2Map,50,43,1953,Java,2020-08-21T16:37:33Z,2026-03-26T11:59:47Z,23,2,126,23436,1.848411,medium,mature,19
Hytilities,https://github.com/Sk1erLLC/Hytilities,50,20,14378,Java,2020-07-22T16:23:34Z,2026-03-16T12:33:19Z,12,3,135,172536,1.951807,medium,mature,23
distributed-dev-learning,https://github.com/evasnowind/distributed-dev-learning,50,19,586,Java,2020-09-26T11:42:00Z,2026-02-11T16:37:28Z,0,0,39,7032,0.582379,low,mature,1
anim8-gdx,https://github.com/tommyettinger/anim8-gdx,50,4,115861,Java,2020-05-25T23:08:09Z,2026-03-25T15:58:22Z,0,1,650,1390332,9.146341,medium,mature,1
trace-agent,https://github.com/attilapiros/trace-agent,50,16,94,Java,2020-04-02T11:02:15Z,2026-02-28T12:59:06Z,2,3,60,1128,0.823422,low,mature,8
chaoxing-testforAndroid,https://github.com/aihuahua-522/chaoxing-testforAndroid,50,6,550,Java,2020-03-10T15:23:36Z,2025-12-15T09:13:36Z,0,0,18,6600,0.244455,low,mature,1
amazon-resilient-fix-engine-demo,https://github.com/aws-samples/amazon-resilient-fix-engine-demo,50,8,91763,Java,2020-11-12T20:42:59Z,2026-01-23T20:53:28Z,1,0,85,1101156,1.300357,medium,mature,12
yakc,https://github.com/manusa/yakc,50,11,9199,Java,2020-04-04T06:37:03Z,2025-08-27T12:22:49Z,8,17,416,110388,5.714286,medium,mature,1
zjp-wandroid-master,https://github.com/Jsonjia/zjp-wandroid-master,49,13,73079,Java,2020-04-30T07:37:12Z,2025-12-20T09:12:54Z,2,0,179,876948,2.488415,medium,mature,1
2020-seller-lee-company,https://github.com/woowacourse-teams/2020-seller-lee-company,49,12,17872,Java,2020-06-20T14:08:49Z,2025-03-05T15:21:42Z,15,0,215,214464,3.061224,medium,mature,5
trainingcamp005,https://github.com/algorithmzuo/trainingcamp005,49,41,206,Java,2020-05-22T13:31:47Z,2024-10-11T11:31:05Z,0,0,19,2472,0.266854,low,mature,1
fallingleaves,https://github.com/Fourmisain/fallingleaves,49,20,1383,Java,2020-11-04T04:08:44Z,2026-03-27T23:07:31Z,13,1,286,16596,4.35533,medium,mature,17
sample-quarkus-applications,https://github.com/piomin/sample-quarkus-applications,49,25,355,Java,2020-08-09T08:34:19Z,2026-03-25T22:40:39Z,1,0,402,4260,5.862907,medium,mature,3
WebViewAdblock-Library,https://github.com/MonsterTechnoGits/WebViewAdblock-Library,49,18,3766,Java,2020-06-07T15:43:20Z,2026-01-19T03:56:59Z,6,0,20,45192,0.283019,low,mature,1
olympus-chaos,https://github.com/RadianceL/olympus-chaos,49,2,499,Java,2020-06-21T16:46:30Z,2025-08-26T02:23:41Z,0,0,76,5988,1.082621,medium,mature,1
CameraTakeManager,https://github.com/Giftedcat/CameraTakeManager,49,10,143,Java,2020-09-24T09:37:07Z,2026-02-25T02:42:10Z,1,0,5,1716,0.07459,low,mature,1
Android-Face-Recognition,https://github.com/Malikanhar/Android-Face-Recognition,49,15,5531,Java,2020-08-21T07:12:20Z,2026-03-18T03:46:19Z,2,0,7,66372,0.102689,low,mature,2
KCommando,https://github.com/koply/KCommando,49,4,343,Java,2020-10-19T21:29:44Z,2026-02-25T22:27:39Z,1,0,228,4116,3.445844,medium,mature,3
userManagementApplication,https://github.com/Ashish-Bhagat/userManagementApplication,49,70,2468,Java,2020-06-27T16:09:04Z,2025-12-01T16:09:06Z,3,0,1,29616,0.014286,low,mature,1
gnss-web,https://github.com/gnss-pro/gnss-web,49,30,2342,Java,2020-08-20T23:59:53Z,2025-10-26T19:53:28Z,1,0,10,28104,0.146699,low,mature,2
bbq-ddd,https://github.com/smingjie/bbq-ddd,49,31,571,Java,2020-01-13T01:54:57Z,2025-11-27T06:54:36Z,1,0,69,6852,0.913504,low,mature,1
SlideShow,https://github.com/teaconmc/SlideShow,49,31,9621,Java,2020-05-14T05:58:48Z,2026-02-23T12:34:50Z,6,0,263,115452,3.680037,medium,mature,12
java-gm,https://github.com/Hyperledger-TWGC/java-gm,49,19,223,Java,2020-09-01T02:45:41Z,2026-03-02T10:51:11Z,4,1,127,2676,1.873156,medium,mature,6
thefreedomwrapper,https://github.com/The-Freedom-Wrapper-Project/thefreedomwrapper,49,8,6175,Java,2020-12-22T18:25:34Z,2026-02-24T19:13:36Z,0,0,6,74100,0.093701,low,mature,2
sample-web-application,https://github.com/DeekshithSN/sample-web-application,49,1285,248,Java,2020-03-31T14:51:56Z,2026-02-26T18:35:46Z,2,27,115,2976,1.576782,medium,mature,2
android-camerax-java,https://github.com/akhilbattula/android-camerax-java,49,18,149,Java,2020-04-25T10:49:38Z,2026-02-07T15:43:16Z,0,1,6,1788,0.083218,low,mature,1
GeyserAndroid,https://github.com/GeyserMC/GeyserAndroid,49,23,3221,Java,2020-07-05T13:49:15Z,2026-03-27T19:11:15Z,4,2,95,38652,1.362333,medium,mature,19
numerical-methods-lecture,https://github.com/qntlb/numerical-methods-lecture,49,12,13750,Java,2020-04-11T21:02:44Z,2025-11-24T19:36:12Z,4,0,386,165000,5.321691,medium,mature,1
OpenHVACControl,https://github.com/lbrombach/OpenHVACControl,49,3,9583,Java,2020-12-30T22:12:55Z,2026-02-27T19:03:42Z,5,0,40,114996,0.627287,low,mature,1
NESS-Reloaded,https://github.com/herobrine99dan/NESS-Reloaded,49,6,4104,Java,2020-04-15T10:11:34Z,2026-03-27T20:01:36Z,19,1,1019,49248,14.068109,high,mature,6
hms-push-serverdemo-java,https://github.com/HMS-Core/hms-push-serverdemo-java,49,37,147,Java,2020-05-26T01:19:02Z,2025-10-13T17:08:54Z,8,4,33,1764,0.464353,low,mature,3
SimpleVideoEditor,https://github.com/fahimfarhan/SimpleVideoEditor,49,15,1462,Java,2020-05-20T13:52:02Z,2025-11-10T12:46:51Z,6,0,21,17544,0.294668,low,mature,1
refactored-client-435,https://github.com/runejs/refactored-client-435,49,36,55633,Java,2020-02-21T20:26:15Z,2026-03-14T00:58:44Z,4,2,1344,667596,18.113208,high,mature,17
Android-Object-Tracking-OpenCV,https://github.com/longpth/Android-Object-Tracking-OpenCV,49,25,23337,Java,2020-05-28T05:13:26Z,2026-01-25T15:42:59Z,1,0,3,280044,0.042254,low,mature,1
dynahist,https://github.com/dynatrace-oss/dynahist,49,10,2042,Java,2020-08-11T14:18:16Z,2026-02-26T17:32:48Z,0,6,321,24504,4.686131,medium,mature,21
kafka-connect-redis,https://github.com/jaredpetersen/kafka-connect-redis,49,11,348,Java,2020-10-20T04:07:49Z,2024-07-01T01:30:37Z,7,1,19,4176,0.287154,low,mature,2
WMagicBotR,https://github.com/WhiteMagic2014/WMagicBotR,49,23,124414,Java,2020-08-24T03:42:27Z,2025-08-27T03:13:12Z,0,0,221,1492968,3.246817,medium,mature,1
react-native-pdf-thumbnail,https://github.com/songsterq/react-native-pdf-thumbnail,49,32,3135,Java,2020-07-06T06:29:37Z,2025-10-04T09:05:14Z,7,8,87,37620,1.248207,medium,mature,4
RichEditor,https://github.com/yeaper/RichEditor,49,10,459,Java,2020-02-13T02:57:12Z,2025-09-15T17:58:00Z,2,0,45,5508,0.604027,low,mature,1
BatchPDFSign,https://github.com/jmarxuach/BatchPDFSign,49,12,104,Java,2020-02-16T12:36:56Z,2026-03-01T16:09:54Z,7,0,113,1248,1.518817,medium,mature,5
tutu-cache,https://github.com/tri5m/tutu-cache,49,8,272,Java,2020-12-06T07:41:13Z,2025-12-15T07:46:38Z,2,1,95,3264,1.470588,medium,mature,1
DATROMTool,https://github.com/andrebrait/DATROMTool,49,0,373589,Java,2020-06-30T09:23:50Z,2026-03-22T17:10:38Z,3,1,233,4483068,3.333333,medium,mature,1
jmitm,https://github.com/hudaming1/jmitm,49,18,2359,Java,2020-07-28T23:23:20Z,2026-03-25T05:52:13Z,5,2,415,28308,6.020309,medium,mature,1
rmi-deserialization-vuldb,https://github.com/woodpecker-appstore/rmi-deserialization-vuldb,49,7,240,Java,2020-09-28T09:59:33Z,2025-08-13T11:22:11Z,0,0,15,2880,0.224215,low,mature,2
checks-api-plugin,https://github.com/jenkinsci/checks-api-plugin,49,30,536,Java,2020-07-23T14:27:35Z,2026-02-23T05:01:35Z,14,2,409,6432,5.916104,medium,mature,719
rickroll-security-spring-boot-starter,https://github.com/TomCools/rickroll-security-spring-boot-starter,49,6,2448,Java,2020-05-16T20:51:18Z,2024-12-22T12:05:57Z,1,1,59,29376,0.826716,low,mature,5
astounding,https://github.com/jlarriba/astounding,49,4,313,Java,2020-06-09T09:48:39Z,2026-01-26T11:22:14Z,3,2,29,3756,0.410765,low,mature,4
eCRNow,https://github.com/drajer-health/eCRNow,49,64,70725,Java,2020-04-06T12:22:54Z,2026-03-17T11:48:02Z,76,37,2205,848700,30.316224,high,mature,29
printtemplate,https://github.com/smart-rabbit-china/printtemplate,49,18,33046,Java,2020-04-25T13:40:13Z,2026-01-19T07:53:14Z,1,3,2,396552,0.027739,low,mature,1
RsyncServerApp,https://github.com/ktsr42/RsyncServerApp,49,5,1219,Java,2020-02-03T22:34:16Z,2026-02-16T22:58:20Z,6,0,66,14628,0.882353,low,mature,2
JvmStudy,https://github.com/willShuhuan/JvmStudy,49,30,126,Java,2020-03-27T07:43:09Z,2024-09-20T04:29:34Z,0,0,6,1512,0.082117,low,mature,1
Floral,https://github.com/vidit135g/Floral,49,11,9959,Java,2020-07-09T12:21:52Z,2026-03-21T12:51:31Z,13,1,11,119508,0.158046,low,mature,1
magic-api-spring-boot-starter,https://github.com/ssssssss-team/magic-api-spring-boot-starter,49,34,182,Java,2020-05-05T02:13:19Z,2025-12-16T13:46:27Z,1,3,180,2184,2.508128,medium,mature,2
react-native-utils-scale,https://github.com/hoaphantn7604/react-native-utils-scale,48,8,3979,Java,2020-11-06T04:35:57Z,2026-01-13T19:56:27Z,2,0,75,47748,1.143293,medium,mature,1
tko-electronics-sim,https://github.com/MittyRobotics/tko-electronics-sim,48,10,477197,Java,2020-07-31T23:23:22Z,2026-01-27T01:40:25Z,3,0,950,5726364,13.801453,high,mature,8
mqtt-chat-android-demo,https://github.com/medaboub/mqtt-chat-android-demo,48,17,36405,Java,2020-02-09T10:08:12Z,2025-09-05T10:28:18Z,0,1,94,436860,1.259491,medium,mature,1
douyin-crawler,https://github.com/GoldArowana/douyin-crawler,48,11,110,Java,2020-03-04T18:39:58Z,2026-01-07T13:33:46Z,2,2,15,1320,0.203252,low,mature,1
OnlineProductsApp,https://github.com/rbishtdev/OnlineProductsApp,48,43,1620,Java,2020-05-31T17:48:07Z,2025-10-16T12:20:29Z,2,1,1,19440,0.014111,low,mature,1
test-automation-bootstrap,https://github.com/sergiomartins8/test-automation-bootstrap,48,5,2288,Java,2020-03-09T11:36:47Z,2025-10-10T08:16:57Z,5,0,73,27456,0.99095,low,mature,1
Burp-AnonymousCloud,https://github.com/codewatchorg/Burp-AnonymousCloud,48,15,29945,Java,2020-01-22T02:47:55Z,2026-02-12T19:17:41Z,1,0,21,359340,0.279132,low,mature,1
edt-editing,https://github.com/marmyshev/edt-editing,48,6,1060,Java,2020-06-13T11:31:34Z,2026-03-27T04:12:12Z,0,1,76,12720,1.078524,medium,mature,6
ViewOptDemo,https://github.com/hongyangAndroid/ViewOptDemo,48,7,142,Java,2020-05-31T11:12:49Z,2025-11-03T06:27:58Z,1,0,2,1704,0.028209,low,mature,1
customer-onboarding-camunda-8-springboot,https://github.com/berndruecker/customer-onboarding-camunda-8-springboot,48,37,1455,Java,2020-04-04T08:31:54Z,2025-08-21T08:59:42Z,4,5,68,17460,0.934066,low,mature,2
flipping-utilities,https://github.com/Belieal/flipping-utilities,48,21,16423,Java,2020-03-19T22:06:34Z,2025-11-06T11:42:24Z,1,0,604,197076,8.240109,medium,mature,4
forum_server,https://github.com/KenLoong/forum_server,48,2,77673,Java,2020-12-11T03:43:52Z,2026-02-02T08:54:06Z,3,0,33,932076,0.512157,low,mature,1
bsuir-csn-cmsn-helper,https://github.com/steppbol/bsuir-csn-cmsn-helper,48,21,27349,Java,2020-02-27T21:02:52Z,2025-10-22T20:53:42Z,0,0,38,328188,0.513514,low,mature,2
JNDI-Injection-Exploit,https://github.com/TheKingOfDuck/JNDI-Injection-Exploit,48,10,658,Java,2020-11-08T13:42:54Z,2026-03-05T02:50:39Z,0,0,5,7896,0.076297,low,mature,1
ViaMCP,https://github.com/LaVache-FR/ViaMCP,48,5,10291,Java,2020-11-20T15:57:36Z,2025-07-05T10:32:32Z,11,0,9,123492,0.138178,low,mature,2
jRDF2Vec,https://github.com/dwslab/jRDF2Vec,48,8,176737,Java,2020-03-12T20:44:19Z,2026-02-13T14:14:22Z,8,15,465,2120844,6.323663,medium,mature,8
RemoteView,https://github.com/huanglinqing123/RemoteView,48,13,4403,Java,2020-06-02T12:52:44Z,2026-02-10T03:16:44Z,3,0,4,52836,0.056471,low,mature,1
IdeallandFramework,https://github.com/IdeallandEarthDept/IdeallandFramework,48,16,2353,Java,2020-08-21T15:41:28Z,2025-10-31T11:26:00Z,0,2,65,28236,0.953545,low,mature,4
Hotel-Management-System-Java,https://github.com/ShefaliDigikar/Hotel-Management-System-Java,48,20,2314,Java,2020-06-10T07:20:12Z,2026-03-23T12:27:48Z,4,1,12,27768,0.170052,low,mature,2
framework-comparison-2020,https://github.com/graemerocher/framework-comparison-2020,48,24,102,Java,2020-04-07T11:23:50Z,2025-06-23T08:39:23Z,0,1,3,1224,0.041265,low,mature,1
qa-jobs-in-portugal,https://github.com/sergiomartins8/qa-jobs-in-portugal,48,2,2495,Java,2020-08-26T11:58:47Z,2025-10-26T18:22:17Z,0,0,1429,29940,21.014706,high,mature,1
FarmControl,https://github.com/froobynooby/FarmControl,48,18,276,Java,2020-12-21T01:32:01Z,2025-11-13T15:15:14Z,22,4,115,3312,1.794072,medium,mature,3
FTB-Ultimine,https://github.com/FTBTeam/FTB-Ultimine,48,51,3436,Java,2020-03-21T00:19:01Z,2026-03-20T11:26:37Z,0,0,360,41232,4.913558,medium,mature,21
KafkaStreamsInAction2ndEdition,https://github.com/bbejeck/KafkaStreamsInAction2ndEdition,48,26,869,Java,2020-09-19T20:13:57Z,2026-03-25T08:01:28Z,1,0,260,10428,3.870968,medium,mature,4
2020-saebyeok,https://github.com/woowacourse-teams/2020-saebyeok,48,6,25882,Java,2020-06-20T14:08:39Z,2026-03-25T16:20:46Z,25,27,872,310584,12.415757,high,mature,5
keycloak-login-attribute,https://github.com/cnieg/keycloak-login-attribute,48,10,617,Java,2020-03-25T09:46:05Z,2026-03-19T12:38:20Z,3,1,456,7404,6.235187,medium,mature,4
fakeplayer,https://github.com/spigotplugins/fakeplayer,48,17,662,Java,2020-03-08T14:33:55Z,2025-07-23T10:47:20Z,35,10,233,7944,3.161465,medium,mature,3
Travel-and-Toursim-Management-System,https://github.com/kunaltyagi9/Travel-and-Toursim-Management-System,48,75,14092,Java,2020-09-28T17:07:46Z,2026-01-31T10:13:04Z,0,1,1,169104,0.014955,low,mature,1
Dungeons-Gear,https://github.com/Infamous-Misadventures/Dungeons-Gear,48,23,18476,Java,2020-09-12T02:40:07Z,2026-01-16T01:12:29Z,29,0,323,221712,4.789916,medium,mature,10
snowflake-id,https://github.com/phxql/snowflake-id,48,7,400,Java,2020-10-12T10:34:01Z,2026-03-14T15:33:33Z,0,0,272,4800,4.09433,medium,mature,1
java-functional-addons,https://github.com/skopylov58/java-functional-addons,48,6,1337,Java,2020-06-22T10:19:18Z,2025-09-16T13:41:26Z,0,0,118,16044,1.68171,medium,mature,1
react-native-amap-geolocation,https://github.com/uiwjs/react-native-amap-geolocation,48,6,8356,Java,2020-07-24T06:20:19Z,2026-03-24T05:51:51Z,5,12,93,100272,1.345876,medium,mature,7
question-admin,https://github.com/walkerverygood/question-admin,48,15,391,Java,2020-02-19T09:03:41Z,2026-01-12T18:29:49Z,1,5,17,4692,0.228802,low,mature,1
lc-spring-data-r2dbc,https://github.com/lecousin/lc-spring-data-r2dbc,48,12,581,Java,2020-11-22T11:52:48Z,2024-08-11T14:05:25Z,14,2,181,6972,2.781762,medium,mature,2
Dragon-Mounts-Legacy,https://github.com/MWall541/Dragon-Mounts-Legacy,48,42,5574,Java,2020-04-06T20:51:01Z,2026-01-08T16:21:40Z,38,6,309,66888,4.250344,medium,mature,8
zrp,https://github.com/zhangjun1998/zrp,48,24,481,Java,2020-02-23T09:41:14Z,2026-01-08T05:57:30Z,2,3,53,5772,0.714607,low,mature,1
covid-app,https://github.com/azzzub/covid-app,48,28,1595,Java,2020-05-04T13:54:21Z,2025-12-16T14:44:50Z,0,0,81,19140,1.128134,medium,mature,1
WechatDecode,https://github.com/respost/WechatDecode,48,15,259,Java,2020-11-04T07:12:36Z,2025-11-15T09:56:20Z,0,0,1,3108,0.015228,low,mature,1
Server-Translations,https://github.com/NucleoidMC/Server-Translations,48,22,431,Java,2020-08-03T10:26:20Z,2026-03-27T10:28:55Z,7,4,197,5172,2.86476,medium,mature,28
spring-cloud-huawei-samples,https://github.com/huaweicloud/spring-cloud-huawei-samples,48,99,563,Java,2020-05-21T01:45:10Z,2026-01-25T06:13:47Z,8,1,126,6756,1.768835,medium,mature,14
hms-location-demo,https://github.com/HMS-Core/hms-location-demo,48,32,47638,Java,2020-05-15T09:35:10Z,2024-11-21T05:45:05Z,4,0,194,571656,2.715819,medium,mature,7
pbft,https://github.com/xiaohuiduan/pbft,48,10,2533,Java,2020-02-11T15:34:56Z,2025-04-08T12:01:54Z,2,2,25,30396,0.33527,low,mature,1
OpenRTF,https://github.com/LibrePDF/OpenRTF,48,12,476,Java,2020-02-06T19:26:35Z,2026-03-21T16:05:31Z,4,2,104,5712,1.392236,medium,mature,8
yutils,https://github.com/yutils/yutils,48,13,1905,Java,2020-03-09T08:06:27Z,2026-03-18T08:55:16Z,2,0,360,22860,4.886878,medium,mature,1
mooc-java-programming-i,https://github.com/d-holguin/mooc-java-programming-i,48,23,647,Java,2020-07-20T01:48:40Z,2025-12-26T21:23:47Z,1,30,35,7764,0.505537,low,mature,2
k-means-mapreduce,https://github.com/seraogianluca/k-means-mapreduce,48,18,21515,Java,2020-05-09T09:22:09Z,2025-12-05T01:41:28Z,0,0,154,258180,2.149837,medium,mature,4
Code2Graph,https://github.com/Symbolk/Code2Graph,48,10,53053,Java,2020-12-13T11:49:44Z,2026-02-13T13:05:45Z,35,0,921,636636,14.308648,high,mature,3
RATs-Mischief,https://github.com/Ladysnake/RATs-Mischief,48,35,11234,Java,2020-12-28T16:33:38Z,2026-02-24T17:30:06Z,31,5,469,134808,7.343424,medium,mature,16
wuzhu-FaaS,https://github.com/tianxiao-zp/wuzhu-FaaS,48,11,3780,Java,2020-06-01T08:14:26Z,2026-03-13T13:29:09Z,0,2,120,45360,1.693321,medium,mature,4
smpe-admin,https://github.com/sanyueruanjian/smpe-admin,48,40,3546,Java,2020-11-27T10:13:00Z,2025-03-08T07:26:44Z,3,1,213,42552,3.281972,medium,mature,6
HookLoginDemo,https://github.com/sgl890226/HookLoginDemo,48,26,2393,Java,2020-09-04T03:08:47Z,2026-02-03T09:01:45Z,1,0,2,28716,0.029542,low,mature,1
rlcheck,https://github.com/sameerreddy13/rlcheck,48,10,106703,Java,2020-01-24T07:21:06Z,2025-09-09T02:54:14Z,0,0,14,1280436,0.186253,low,mature,3
ru-dev-path-java,https://github.com/redislabs-training/ru-dev-path-java,48,196,9397,Java,2020-05-29T22:26:19Z,2026-03-18T10:09:17Z,5,23,33,112764,0.465226,low,mature,10
robotstxt-java,https://github.com/google/robotstxt-java,47,23,126,Java,2020-07-21T16:15:18Z,2025-08-13T11:21:57Z,3,3,118,1512,1.705202,medium,mature,16
nhaystack,https://github.com/ci-richard-mcelhinney/nhaystack,47,29,5441,Java,2020-07-02T10:29:01Z,2026-03-26T09:48:07Z,12,1,558,65292,7.990453,medium,mature,9
amazon-kinesis-data-analytics-flink-starter-kit,https://github.com/aws-samples/amazon-kinesis-data-analytics-flink-starter-kit,47,14,91,Java,2020-09-20T17:35:34Z,2024-10-18T09:20:52Z,1,2,34,1092,0.506455,low,mature,13
shipkit-auto-version,https://github.com/shipkit/shipkit-auto-version,47,9,419,Java,2020-01-14T21:50:47Z,2026-03-06T12:51:34Z,3,4,286,5028,3.789753,medium,mature,10
timecrypt,https://github.com/TimeCrypt/timecrypt,47,3,296,Java,2020-01-14T08:36:23Z,2025-05-02T05:51:00Z,0,0,24,3552,0.317881,low,mature,4
recommenderSystem,https://github.com/truedei/recommenderSystem,47,11,4825,Java,2020-06-14T05:49:55Z,2026-03-01T08:49:11Z,0,0,6,57900,0.085187,low,mature,1
forumsys,https://github.com/rogepi/forumsys,47,4,812,Java,2020-12-12T16:38:12Z,2025-11-26T08:17:52Z,0,0,16,9744,0.248447,low,mature,1
Online-Legal-Consulting-System,https://github.com/HoniiTro19/Online-Legal-Consulting-System,47,7,126372,Java,2020-05-07T02:13:37Z,2026-03-10T04:14:26Z,1,0,40,1516464,0.55788,low,mature,1
sqs-starter,https://github.com/thombergs/sqs-starter,47,15,151,Java,2020-03-15T19:58:11Z,2025-01-10T04:01:23Z,3,2,54,1812,0.735361,low,mature,2
eCommerceWebsite,https://github.com/BIP-TeamVN/eCommerceWebsite,47,8,85696,Java,2020-11-14T01:45:34Z,2025-08-27T12:25:20Z,1,1,499,1028352,7.637755,medium,mature,4
OpenCode20-Collaborative-TheApp,https://github.com/opencodeiiita/OpenCode20-Collaborative-TheApp,47,48,9289,Java,2020-01-17T16:08:49Z,2025-11-07T17:40:00Z,0,0,132,111468,1.750663,medium,mature,63
Lokiboard-Mod,https://github.com/hakistan/Lokiboard-Mod,47,13,2590,Java,2020-06-11T10:12:38Z,2026-01-30T20:27:34Z,1,0,2,31080,0.028355,low,mature,2
free_learning,https://github.com/Jdroida/free_learning,47,14,121,Java,2020-01-27T01:17:06Z,2026-02-10T06:34:23Z,0,0,13,1452,0.173179,low,mature,2
CVE-2020-2555,https://github.com/wsfengfan/CVE-2020-2555,47,24,511,Java,2020-03-06T16:02:59Z,2025-02-11T20:50:35Z,2,0,14,6132,0.189788,low,mature,1
burp-jq,https://github.com/synacktiv/burp-jq,47,11,201,Java,2020-11-12T10:07:31Z,2026-02-12T19:21:13Z,1,0,6,2412,0.091743,low,mature,3
SimAnalyzer,https://github.com/Col-E/SimAnalyzer,47,4,284,Java,2020-05-06T05:24:49Z,2025-08-13T11:21:38Z,2,0,85,3408,1.184944,medium,mature,2
learn-java-base-9-to-20,https://github.com/ddean2009/learn-java-base-9-to-20,47,18,341,Java,2020-04-25T05:00:25Z,2026-02-10T11:10:00Z,1,3,70,4092,0.970874,low,mature,1
react-native-expandable-list-view,https://github.com/Cnilton/react-native-expandable-list-view,47,9,770,Java,2020-02-03T00:49:09Z,2024-08-19T02:40:43Z,7,2,2,9240,0.026726,low,mature,2
vueblog,https://github.com/HimitZH/vueblog,47,16,47778,Java,2020-07-21T14:43:25Z,2026-01-02T14:51:55Z,2,23,7,573336,0.101156,low,mature,1
p2p-cdn-sdk-android,https://github.com/vadootvpeer/p2p-cdn-sdk-android,47,8,7154,Java,2020-04-25T05:24:39Z,2026-02-21T19:28:51Z,0,0,35,85848,0.485437,low,mature,1
aws-embedded-metrics-java,https://github.com/awslabs/aws-embedded-metrics-java,47,38,383,Java,2020-06-10T02:23:26Z,2026-02-21T11:58:22Z,12,8,120,4596,1.70052,medium,mature,31
frettler,https://github.com/philwhiles/frettler,47,7,5553,Java,2020-06-29T21:45:37Z,2025-10-09T19:05:45Z,0,1,249,66636,3.562232,medium,mature,3
lottieTabView,https://github.com/wantWhat/lottieTabView,47,5,189,Java,2020-08-22T01:38:24Z,2025-03-13T09:06:05Z,2,0,12,2268,0.176125,low,mature,1
MinecraftMovies,https://github.com/0Adiber/MinecraftMovies,47,4,27160,Java,2020-08-22T20:56:14Z,2025-12-31T07:52:38Z,2,0,24,325920,0.352423,low,mature,1
AndroidAPMSample,https://github.com/xiangang/AndroidAPMSample,47,6,157,Java,2020-03-15T13:05:46Z,2026-01-09T14:28:17Z,1,0,3,1884,0.040835,low,mature,1
benchmarksql,https://github.com/pgsql-io/benchmarksql,47,15,6614,Java,2020-11-30T16:39:03Z,2025-12-30T09:46:56Z,9,3,326,79368,5.030864,medium,mature,3
imagelab,https://github.com/scorelab/imagelab,47,61,16772,Java,2020-05-07T02:55:11Z,2026-03-08T01:19:54Z,29,10,203,201264,2.831241,medium,mature,19
xmind-to-md,https://github.com/NotInWine/xmind-to-md,47,15,604,Java,2020-08-06T14:37:15Z,2026-01-21T11:35:22Z,0,0,16,7248,0.23301,low,mature,1
AntiAntiDebug,https://github.com/xxDark/AntiAntiDebug,47,7,107,Java,2020-08-29T20:29:45Z,2025-11-22T19:33:50Z,0,0,35,1284,0.515717,low,mature,2
react-native-smart-refresh,https://github.com/gaokaikai/react-native-smart-refresh,47,19,2818,Java,2020-12-19T03:56:13Z,2025-08-30T11:53:10Z,8,0,25,33816,0.38961,low,mature,1
googleads-admob-api-samples,https://github.com/googleads/googleads-admob-api-samples,47,39,97,Java,2020-03-30T20:07:23Z,2025-12-29T04:39:30Z,6,2,30,1164,0.411335,low,mature,20
AndroidUSBSerialPort,https://github.com/MickJson/AndroidUSBSerialPort,47,6,7456,Java,2020-09-07T10:23:37Z,2026-02-08T12:01:11Z,2,0,5,89472,0.073964,low,mature,1
parallel-asynchronous-using-java,https://github.com/dilipsundarraj1/parallel-asynchronous-using-java,47,187,36347,Java,2020-07-14T11:10:13Z,2025-10-09T02:31:13Z,0,0,26,436164,0.37446,low,mature,1
javaOoBasico,https://github.com/jomarnavarro/javaOoBasico,47,63,4946,Java,2020-04-03T22:52:40Z,2021-07-29T01:54:04Z,0,0,7,59352,0.096154,low,mature,1
apache-kafka-connect-docker,https://github.com/OneCricketeer/apache-kafka-connect-docker,47,16,203,Java,2020-05-17T21:52:43Z,2026-02-13T18:39:02Z,3,2,68,2436,0.953271,low,mature,2
StudyEnglish,https://github.com/saysky/StudyEnglish,47,10,3204,Java,2020-12-13T03:08:09Z,2026-03-25T14:07:41Z,0,0,12,38448,0.186432,low,mature,1
pay-route,https://github.com/ck-jesse/pay-route,47,19,333,Java,2020-06-24T06:19:51Z,2026-02-08T04:07:32Z,0,4,10,3996,0.142653,low,mature,1
ByteXPlugin,https://github.com/yhaolpz/ByteXPlugin,47,4,1632,Java,2020-08-18T02:35:34Z,2023-11-13T03:39:29Z,0,0,23,19584,0.336914,low,mature,1
community,https://github.com/songjilong/community,47,13,12680,Java,2020-02-13T12:07:30Z,2026-01-23T08:56:07Z,1,4,142,152160,1.90604,medium,mature,1
toolbar-android,https://github.com/react-native-toolbar-android/toolbar-android,47,39,1790,Java,2020-01-08T00:52:29Z,2025-03-28T18:46:12Z,3,41,93,21480,1.228534,medium,mature,3
PistonMOTD,https://github.com/AlexProgrammerDE/PistonMOTD,47,10,1879,Java,2020-06-23T09:34:40Z,2026-03-27T20:34:15Z,6,1,865,22548,12.33365,high,mature,8
ATAK-Plugin-Example,https://github.com/paulmandal/ATAK-Plugin-Example,47,9,149,Java,2020-10-04T20:20:03Z,2026-01-17T15:56:57Z,0,0,6,1788,0.09,low,mature,1
Whiteboard-Drawer,https://github.com/abhaybd/Whiteboard-Drawer,47,2,19261,Java,2020-06-22T21:10:36Z,2026-03-11T06:31:35Z,0,0,43,231132,0.613118,low,mature,1
scanner-master,https://github.com/kellysong/scanner-master,47,15,148,Java,2020-09-07T13:53:01Z,2025-09-20T17:36:06Z,2,0,8,1776,0.118343,low,mature,1
WATUT,https://github.com/Corosauce/WATUT,47,20,22396,Java,2020-12-26T23:16:41Z,2026-03-13T23:14:30Z,61,0,76,268752,1.189358,medium,mature,1
ShakeAlarmClock,https://github.com/WrichikBasu/ShakeAlarmClock,47,59,909,Java,2020-10-10T08:41:36Z,2025-12-03T13:12:04Z,0,0,225,10908,3.383459,medium,mature,1
spring-boot-starters-project,https://github.com/hocgin/spring-boot-starters-project,47,23,52205,Java,2020-08-14T14:27:12Z,2026-02-07T16:36:58Z,2,1,642,626460,9.385965,medium,mature,1
flink-sql-client,https://github.com/molsionmo/flink-sql-client,47,20,4773,Java,2020-03-21T13:30:52Z,2025-11-10T12:43:31Z,0,2,25,57276,0.341219,low,mature,1
covidsafe-android-decompiled,https://github.com/covidsafewatch/covidsafe-android-decompiled,47,8,117647,Java,2020-04-26T10:20:00Z,2023-09-10T09:18:48Z,0,0,7,1411764,0.097132,low,mature,3
pistorder,https://github.com/Fallen-Breath/pistorder,47,3,1262,Java,2020-11-19T09:18:40Z,2025-12-13T10:58:23Z,0,0,192,15144,2.946292,medium,mature,4
OpenMediation-Android,https://github.com/OpenMediationProject/OpenMediation-Android,47,46,143620,Java,2020-03-16T08:36:27Z,2026-01-13T02:06:58Z,2,1,73,1723440,0.994099,low,mature,3
OffLicenseDemo,https://github.com/brucevanfdm/OffLicenseDemo,46,13,149,Java,2020-07-28T16:59:57Z,2026-01-08T07:22:03Z,0,0,7,1788,0.101547,low,mature,1
radar-covid-backend-configuration-server,https://github.com/RadarCOVID/radar-covid-backend-configuration-server,46,28,207,Java,2020-09-05T00:54:36Z,2023-04-06T19:48:23Z,1,0,47,2484,0.694581,low,mature,6
Boat_H2O2,https://github.com/chlorineAya/Boat_H2O2,46,8,26372,Java,2020-11-07T14:13:09Z,2026-01-07T15:45:06Z,6,1,57,316464,0.869344,low,mature,3
SpeechToText,https://github.com/bugcacher/SpeechToText,46,39,135,Java,2020-05-28T12:03:04Z,2026-02-26T09:24:45Z,1,0,3,1620,0.042254,low,mature,1
quarkus-hazelcast-client,https://github.com/hazelcast/quarkus-hazelcast-client,46,15,493,Java,2020-03-06T10:15:36Z,2026-03-27T01:37:41Z,7,1,355,5916,4.812472,medium,mature,74
hms-health-demo-java,https://github.com/HMS-Core/hms-health-demo-java,46,20,2205,Java,2020-05-19T01:53:17Z,2026-02-17T11:06:15Z,1,1,115,26460,1.612903,medium,mature,6
android-chat-tutorial,https://github.com/GetStream/android-chat-tutorial,46,11,703,Java,2020-02-14T10:48:10Z,2026-03-17T09:17:20Z,1,0,288,8436,3.867502,medium,mature,107
JetpackStudy,https://github.com/holidayei/JetpackStudy,46,16,186,Java,2020-05-01T08:58:32Z,2024-10-19T13:02:19Z,0,0,8,2232,0.111266,low,mature,1
FlinkStreamETL,https://github.com/liwei199411/FlinkStreamETL,46,22,87888,Java,2020-08-02T01:14:39Z,2024-09-15T05:42:48Z,1,4,12,1054656,0.174419,low,mature,1
Spring-Study,https://github.com/Donkequan/Spring-Study,46,39,89,Java,2020-04-06T16:52:19Z,2025-08-04T08:16:18Z,0,6,3,1068,0.041265,low,mature,1
springboot-demo-4ye,https://github.com/Java4ye/springboot-demo-4ye,46,9,228,Java,2020-12-29T12:20:11Z,2026-02-11T16:43:30Z,0,0,56,2736,0.877285,low,mature,1
JustMap,https://github.com/Bulldog83/JustMap,46,18,6343,Java,2020-02-19T20:13:42Z,2026-02-18T12:18:49Z,20,0,631,76116,8.496409,medium,mature,4
spring-cloud-bindings,https://github.com/spring-cloud/spring-cloud-bindings,46,33,479,Java,2020-04-28T20:11:55Z,2026-03-17T16:32:11Z,13,6,197,5748,2.737378,medium,mature,25
UniversalPocket,https://github.com/MrHGJ/UniversalPocket,46,9,24625,Java,2020-05-06T13:59:13Z,2026-03-11T01:19:40Z,0,0,10,295500,0.139405,low,mature,1
AndroidCrashX,https://github.com/aiyangtianci/AndroidCrashX,46,9,352,Java,2020-04-16T10:59:50Z,2025-01-08T02:47:24Z,2,0,50,4224,0.690608,low,mature,1
spring-study,https://github.com/g908682550/spring-study,46,43,309,Java,2020-01-15T12:27:05Z,2025-05-08T06:24:28Z,0,2,8,3708,0.106007,low,mature,1
mulefd,https://github.com/manikmagar/mulefd,46,7,1239,Java,2020-02-16T03:54:38Z,2025-08-13T11:21:19Z,4,5,188,14868,2.526882,medium,mature,2
bytecode-book,https://github.com/wujiuye/bytecode-book,46,24,1638,Java,2020-07-27T10:54:37Z,2026-01-05T08:50:09Z,1,0,14,19656,0.202899,low,mature,1
InputScope,https://github.com/OSUSecLab/InputScope,46,6,33757,Java,2020-01-30T17:17:57Z,2025-11-10T07:56:43Z,0,0,4,405084,0.053381,low,mature,2
spring-framework-read,https://github.com/SourceHot/spring-framework-read,46,24,128407,Java,2020-02-27T06:35:01Z,2025-06-21T07:06:51Z,0,1,20530,1540884,277.307519,high,mature,428
tnoodle-lib,https://github.com/thewca/tnoodle-lib,46,19,30181,Java,2020-01-22T19:40:28Z,2026-03-02T22:40:32Z,9,3,727,362172,9.667553,medium,mature,38
HackerRank-Solutions,https://github.com/codedecks-in/HackerRank-Solutions,46,19,186,Java,2020-06-18T10:49:59Z,2026-01-26T00:43:28Z,1,2,81,2232,1.152205,medium,mature,2
Netty-Simple-UDP-TCP-server-client,https://github.com/narkhedesam/Netty-Simple-UDP-TCP-server-client,46,11,3857,Java,2020-09-26T11:33:22Z,2026-01-21T10:59:10Z,0,0,4,46284,0.059731,low,mature,1
euromessage-android,https://github.com/relateddigital/euromessage-android,46,2,3253,Java,2020-02-17T11:32:15Z,2025-08-15T10:54:30Z,0,0,928,39036,12.478709,high,mature,8
ST80,https://github.com/devhawala/ST80,46,4,20681,Java,2020-02-02T20:03:06Z,2026-02-14T08:50:22Z,4,0,8,248172,0.106904,low,mature,1
ysoserial,https://github.com/shadowsock5/ysoserial,46,10,52081,Java,2020-11-21T09:17:25Z,2025-02-12T08:50:09Z,2,0,162,624972,2.488479,medium,mature,21
PowerAct,https://github.com/ryuunoakaihitomi/PowerAct,46,6,381,Java,2020-05-24T03:46:53Z,2026-02-10T11:10:04Z,0,0,201,4572,2.825679,medium,mature,1
h5app-corp-quickstart,https://github.com/open-dingtalk/h5app-corp-quickstart,46,26,4636,Java,2020-02-12T01:44:21Z,2025-09-11T04:19:26Z,1,22,11,55632,0.147585,low,mature,2
Data-Export,https://github.com/WeBankBlockchain/Data-Export,46,17,1364,Java,2020-10-21T07:34:07Z,2025-11-30T17:00:13Z,5,0,46,16368,0.695565,low,mature,7
AndExAlertDialog,https://github.com/salehyarahmadi/AndExAlertDialog,46,8,4921,Java,2020-01-04T04:39:24Z,2023-12-26T19:37:58Z,2,0,14,59052,0.184615,low,mature,1
Data-Structures-Algorithms,https://github.com/akshat-fsociety/Data-Structures-Algorithms,46,21,433,Java,2020-09-02T09:10:07Z,2026-02-28T12:28:36Z,0,1,449,5196,6.625676,medium,mature,2
pubsenti-finder,https://github.com/marwincn/pubsenti-finder,46,9,719,Java,2020-04-02T08:59:20Z,2026-01-18T15:24:53Z,1,3,18,8628,0.247027,low,mature,1
Android_Realtime_Communication_Using_WebRTC,https://github.com/mail2chromium/Android_Realtime_Communication_Using_WebRTC,46,7,1204,Java,2020-03-10T03:49:39Z,2026-03-25T08:43:45Z,1,0,28,14448,0.380263,low,mature,1
CaroOnline_SocketJava,https://github.com/HoangTran0410/CaroOnline_SocketJava,46,29,3197,Java,2020-10-06T07:19:36Z,2026-03-28T00:07:38Z,0,1,159,38364,2.386193,medium,mature,2
SimplePlacePicker,https://github.com/esam00/SimplePlacePicker,46,12,12177,Java,2020-06-29T13:46:52Z,2025-03-27T03:15:57Z,1,0,11,146124,0.157293,low,mature,2
map-kit-android,https://github.com/SupasinTatiyanupanwong/map-kit-android,46,12,1721,Java,2020-02-14T13:24:43Z,2025-11-25T02:11:37Z,1,0,130,20652,1.745748,medium,mature,3
websocket,https://github.com/cpaqyx/websocket,46,32,4497,Java,2020-04-11T11:44:06Z,2026-02-11T16:43:32Z,2,4,34,53964,0.468535,low,mature,1
lemminx-maven,https://github.com/eclipse-lemminx/lemminx-maven,46,27,2618,Java,2020-03-30T17:54:19Z,2026-03-20T06:39:51Z,45,3,488,31416,6.691042,medium,mature,24
idempotent,https://github.com/it4alla/idempotent,46,16,499,Java,2020-04-15T03:52:29Z,2026-03-25T03:50:02Z,1,2,17,5988,0.234699,low,mature,4
jfa,https://github.com/0x4a616e/jfa,46,7,208,Java,2020-11-19T18:13:27Z,2026-03-08T06:06:03Z,0,1,62,2496,0.951894,low,mature,2
Office-Buddy,https://github.com/ddvader44/Office-Buddy,46,12,357,Java,2020-08-13T20:17:08Z,2026-03-09T10:45:29Z,1,0,8,4284,0.116959,low,mature,1
online-bank,https://github.com/wsw5/online-bank,46,11,16579,Java,2020-04-20T12:56:34Z,2026-03-18T12:31:15Z,4,2,13,198948,0.179889,low,mature,1
storage-service,https://github.com/signalapp/storage-service,46,60,618,Java,2020-10-21T18:27:54Z,2026-03-05T13:58:58Z,0,2,229,7416,3.464448,medium,mature,54
Covid19-Web-Application,https://github.com/mohaghighi/Covid19-Web-Application,46,45,101041,Java,2020-06-24T10:59:50Z,2025-10-22T07:18:34Z,1,1,85,1212492,1.212553,medium,mature,1
RestaurantOrder,https://github.com/Ikarosx/RestaurantOrder,46,2,1674,Java,2020-07-06T15:26:01Z,2026-03-02T09:47:19Z,1,1,81,20088,1.162123,medium,mature,1
mxd-scroll-V2-server,https://github.com/fubicheng208/mxd-scroll-V2-server,46,7,176,Java,2020-07-02T10:23:55Z,2025-05-01T12:42:19Z,1,4,7,2112,0.100239,low,mature,1
ChatApp-MVVM-Dagger2-RxJava-Firestore,https://github.com/Musfick/ChatApp-MVVM-Dagger2-RxJava-Firestore,46,21,6520,Java,2020-01-23T14:26:33Z,2024-08-03T18:32:21Z,1,0,11,78240,0.146277,low,mature,1
TTS_Lctest,https://github.com/ccc920123/TTS_Lctest,46,14,7429,Java,2020-01-16T08:02:14Z,2025-09-17T07:14:49Z,2,0,11,89148,0.145824,low,mature,1
Software-Design-Requirements-Release-2825344,https://github.com/LinkedInLearning/Software-Design-Requirements-Release-2825344,46,41,2285,Java,2020-01-28T00:20:49Z,2026-01-25T13:24:21Z,0,3,31,27420,0.41315,low,mature,4
Webicity,https://github.com/WebicityBrowser/Webicity,45,5,3084,Java,2020-07-14T19:18:22Z,2025-10-14T16:12:22Z,1,0,291,37008,4.193084,medium,mature,3
minecraft-bingo,https://github.com/Extremelyd1/minecraft-bingo,45,20,1332,Java,2020-05-27T20:35:32Z,2026-03-19T12:35:04Z,2,1,152,15984,2.140845,medium,mature,8
HH_STUDY,https://github.com/wenrenjie1994/HH_STUDY,45,45,308648,Java,2020-05-20T06:45:52Z,2025-10-22T14:01:25Z,1,0,48,3703776,0.673527,low,mature,209
CloudDisk,https://github.com/Gepeng18/CloudDisk,45,4,27570,Java,2020-03-05T15:15:05Z,2025-12-01T11:16:27Z,0,21,85,330840,1.151762,medium,mature,2
hms-iap-clientdemo-android-studio,https://github.com/HMS-Core/hms-iap-clientdemo-android-studio,45,15,2330,Java,2020-05-18T01:36:21Z,2025-07-16T18:14:52Z,3,0,50,27960,0.700935,low,mature,4
react-native-immersive-bars,https://github.com/oceanbit/react-native-immersive-bars,45,4,1210,Java,2020-04-15T21:02:37Z,2025-06-25T15:58:41Z,2,1,22,14520,0.303867,low,mature,3
GUET-Schedule-Open,https://github.com/guet1024/GUET-Schedule-Open,45,6,24395,Java,2020-12-25T17:38:40Z,2026-03-18T02:23:17Z,1,0,470,292740,7.351408,medium,mature,5
web-api-commander,https://github.com/RESOStandards/web-api-commander,45,22,155565,Java,2020-02-19T07:51:24Z,2026-02-18T14:34:37Z,20,2,211,1866780,2.839838,medium,mature,12
BluetoothCommunicator,https://github.com/niedev/BluetoothCommunicator,45,9,364,Java,2020-10-22T14:54:51Z,2026-02-03T20:18:37Z,0,0,29,4368,0.438729,low,mature,1
tekton-client-plugin,https://github.com/jenkinsci/tekton-client-plugin,45,41,731,Java,2020-07-30T17:03:40Z,2026-01-20T12:50:01Z,29,14,458,8772,6.650532,medium,mature,722
kafka-tutorial,https://github.com/redhat-developer-demos/kafka-tutorial,45,34,3038,Java,2020-05-12T14:10:54Z,2026-02-06T20:48:45Z,1,1,47,36456,0.657036,low,mature,12
GCMP,https://github.com/SZFHH/GCMP,45,7,6358,Java,2020-10-22T08:24:56Z,2025-09-15T06:11:41Z,2,0,68,76296,1.028744,medium,mature,1
flytekit-java,https://github.com/flyteorg/flytekit-java,45,27,2766,Java,2020-04-14T14:32:32Z,2026-03-24T21:07:31Z,0,5,587,33192,8.100276,medium,mature,57
ScaleView,https://github.com/ChiuLui/ScaleView,45,7,1503,Java,2020-04-30T07:51:48Z,2025-11-19T01:47:34Z,0,0,56,18036,0.778499,low,mature,1
etcd-config-spring-boot,https://github.com/zzlgo/etcd-config-spring-boot,45,18,243,Java,2020-05-10T09:27:32Z,2025-12-01T05:37:37Z,0,1,8,2916,0.111732,low,mature,1
react-native-zoom-us-bridge,https://github.com/nagarro-dv/react-native-zoom-us-bridge,45,23,9545,Java,2020-04-10T23:14:21Z,2024-12-12T08:29:04Z,30,1,65,114540,0.895728,low,mature,3
leukocyte,https://github.com/NucleoidMC/leukocyte,45,18,402,Java,2020-11-25T10:30:06Z,2025-11-05T00:06:12Z,35,2,80,4824,1.231401,medium,mature,22
blockpuzzle,https://github.com/SoltauFintel/blockpuzzle,45,13,7468,Java,2020-08-24T17:25:47Z,2026-02-18T05:56:59Z,8,0,339,89616,4.982852,medium,mature,4
Android-VPN-to-Socket,https://github.com/DrBrad/Android-VPN-to-Socket,45,17,153,Java,2020-09-18T17:45:42Z,2025-12-31T04:12:16Z,0,0,14,1836,0.208333,low,mature,1
jodd-util,https://github.com/oblac/jodd-util,45,10,607,Java,2020-08-28T21:58:45Z,2026-03-03T09:32:49Z,3,0,66,7284,0.972018,low,mature,5
ticket-booking-camunda-8,https://github.com/berndruecker/ticket-booking-camunda-8,45,38,438,Java,2020-07-15T08:30:04Z,2026-03-04T14:51:17Z,2,2,37,5256,0.533141,low,mature,1
react-native-daily-js,https://github.com/daily-co/react-native-daily-js,45,18,673,Java,2020-10-12T21:36:56Z,2026-03-16T18:56:42Z,9,3,852,8076,12.831325,high,mature,26
blog,https://github.com/hellokuls/blog,45,6,26538,Java,2020-07-20T10:22:24Z,2025-10-05T12:10:59Z,1,2,25,318456,0.361098,low,mature,1
gor,https://github.com/gorpipe/gor,45,14,17503,Java,2020-02-20T13:36:52Z,2026-03-27T20:29:59Z,5,0,1260,210036,16.965889,high,mature,16
MethodTimeMonitor,https://github.com/lzddlg/MethodTimeMonitor,45,5,99,Java,2020-03-28T12:30:25Z,2025-12-01T11:16:32Z,2,0,11,1188,0.150616,low,mature,1
LandsAPI,https://github.com/IncrediblePlugins/LandsAPI,45,6,868,Java,2020-05-21T08:10:51Z,2026-03-27T13:27:24Z,0,0,7,10416,0.098269,low,mature,2
foundation,https://github.com/wuda0112/foundation,45,35,8454,Java,2020-05-11T14:09:33Z,2025-11-12T07:54:01Z,1,3,140,101448,1.956218,medium,mature,1
facebook-group-scrape-tool,https://github.com/postullat/facebook-group-scrape-tool,45,9,72004,Java,2020-02-04T21:28:26Z,2023-09-24T16:43:17Z,5,5,26,864048,0.347749,low,mature,1
CANHunter,https://github.com/OSUSecLab/CANHunter,45,13,1894,Java,2020-01-05T20:02:11Z,2025-12-06T20:39:50Z,0,0,10,22728,0.131984,low,mature,2
AssetsRefGenerator,https://github.com/AndrewShen812/AssetsRefGenerator,45,8,2519,Java,2020-01-08T09:40:55Z,2025-11-17T02:07:21Z,14,0,51,30228,0.673712,low,mature,3
k8sbook,https://github.com/kazusato/k8sbook,45,15,485,Java,2020-03-18T16:23:39Z,2026-01-05T16:26:32Z,2,1,12,5820,0.163562,low,mature,4
FileAndFolderPicker,https://github.com/salehyarahmadi/FileAndFolderPicker,45,13,320,Java,2020-06-27T05:14:45Z,2025-12-17T21:22:30Z,7,1,22,3840,0.314286,low,mature,1
apache-skywalking-in-action,https://github.com/book-apache-skywalking-in-action/apache-skywalking-in-action,45,21,414,Java,2020-05-27T08:27:44Z,2025-11-12T13:10:41Z,0,0,7,4968,0.098545,low,mature,2
Google-Recaptcha-Solver-SeleniumAutomation,https://github.com/ozgurkayaist/Google-Recaptcha-Solver-SeleniumAutomation,45,16,5923,Java,2020-01-30T14:25:24Z,2025-12-09T13:36:03Z,2,2,30,71076,0.400178,low,mature,1
jmeter-grpc-plugin,https://github.com/zalopay-oss/jmeter-grpc-plugin,45,24,239,Java,2020-03-07T09:26:41Z,2025-11-10T02:07:42Z,9,3,26,2868,0.352622,low,mature,3
godot-android-plugin-firebase,https://github.com/yalcin-ata/godot-android-plugin-firebase,45,11,37526,Java,2020-05-07T08:41:22Z,2026-03-01T23:46:08Z,13,2,2,450312,0.027894,low,mature,1
douyin-open-api-sdk,https://github.com/LovebuildJ/douyin-open-api-sdk,45,18,311,Java,2020-09-11T06:26:50Z,2026-02-11T17:54:42Z,2,0,11,3732,0.163043,low,mature,1
Skungee-2.0.0,https://github.com/Skungee/Skungee-2.0.0,45,9,510,Java,2020-06-13T21:43:21Z,2025-12-06T03:20:51Z,31,9,241,6120,3.421675,medium,mature,1
java-spring-webhooks-sample,https://github.com/microsoftgraph/java-spring-webhooks-sample,45,26,2861,Java,2020-03-09T17:40:15Z,2025-10-24T16:23:12Z,1,14,1331,34332,18.076053,high,mature,12
tumo-boot,https://github.com/Tumo-Team/tumo-boot,45,12,2350,Java,2020-10-07T23:36:18Z,2025-11-18T04:16:50Z,1,2,147,28200,2.208312,medium,mature,1
djl-spring-boot-starter-demo,https://github.com/deepjavalibrary/djl-spring-boot-starter-demo,45,32,9446,Java,2020-02-18T23:47:18Z,2026-02-07T19:30:04Z,2,0,47,113352,0.632571,low,mature,24
PLGSharepointRestAPI-java,https://github.com/kikovalle/PLGSharepointRestAPI-java,44,33,222,Java,2020-07-12T10:11:55Z,2026-02-02T16:40:27Z,13,1,145,2664,2.086331,medium,mature,6
BugTorch,https://github.com/jss2a98aj/BugTorch,44,21,648,Java,2020-05-02T13:15:44Z,2026-02-12T12:50:22Z,20,2,201,7776,2.796846,medium,mature,13
KingMusic,https://github.com/SsiriYang/KingMusic,44,8,37187,Java,2020-02-15T11:49:01Z,2025-11-24T11:04:59Z,2,0,3,446244,0.040305,low,mature,1
XmlToCode,https://github.com/fengdeyingzi/XmlToCode,44,9,501,Java,2020-05-27T05:37:04Z,2026-03-15T06:14:46Z,2,0,24,6012,0.33787,low,mature,1
CodeEditor,https://github.com/2487686673/CodeEditor,44,14,1883,Java,2020-04-16T03:06:05Z,2026-01-19T03:56:56Z,0,0,11,22596,0.151934,low,mature,1
CodeEditor,https://github.com/MrIkso/CodeEditor,44,11,240,Java,2020-06-03T18:16:03Z,2026-02-22T03:34:13Z,1,0,6,2880,0.084786,low,mature,1
BuildSystem,https://github.com/thomasmny/BuildSystem,44,16,3382,Java,2020-10-12T13:22:30Z,2026-03-27T13:22:17Z,10,1,664,40584,9.994982,medium,mature,8
NeutrinoSourceCode,https://github.com/FledgeXu/NeutrinoSourceCode,44,10,6459,Java,2020-04-27T02:41:22Z,2026-01-25T15:23:23Z,0,0,77,77508,1.06895,medium,mature,1
cubeIDE_Autocomplete,https://github.com/nopear1/cubeIDE_Autocomplete,44,11,5414,Java,2020-05-21T07:54:29Z,2025-01-13T01:11:26Z,1,2,2,64968,0.028077,low,mature,1
PolymPic,https://github.com/KnIfER/PolymPic,44,18,7601,Java,2020-11-08T11:46:46Z,2025-09-25T04:16:44Z,3,0,167,91212,2.548321,medium,mature,2
instagrabber,https://github.com/umerov1999/instagrabber,44,109,3763,Java,2020-07-27T19:26:08Z,2026-02-25T04:44:01Z,0,0,135,45156,1.957467,medium,mature,4
MadPixelSort-Legacy,https://github.com/madlitch/MadPixelSort-Legacy,44,1,8591,Java,2020-04-22T21:04:25Z,2026-03-03T20:24:48Z,0,0,26,103092,0.360277,low,mature,1
StaffPlusPlus,https://github.com/garagepoort/StaffPlusPlus,44,25,452191,Java,2020-09-04T14:22:53Z,2026-03-27T22:27:04Z,18,2,1668,5426292,24.638109,high,mature,16
severell,https://github.com/severell/severell,44,4,1022,Java,2020-08-12T20:30:52Z,2025-08-28T06:48:53Z,4,0,213,12264,3.112518,medium,mature,2
ServerBackup,https://github.com/SF-Sudio/ServerBackup,44,15,779,Java,2020-05-26T22:41:10Z,2025-11-04T05:55:25Z,17,7,87,9348,1.224777,medium,mature,1
VTDownloader,https://github.com/IotaBread/VTDownloader,44,16,2481,Java,2020-12-16T17:31:00Z,2026-03-08T13:17:50Z,6,0,324,29772,5.04411,medium,mature,12
AndroidSerialPortManager,https://github.com/Giftedcat/AndroidSerialPortManager,44,12,229,Java,2020-06-13T04:39:08Z,2026-02-25T02:42:15Z,0,0,18,2748,0.25544,low,mature,1
kafka-notes,https://github.com/pierre94/kafka-notes,44,13,10767,Java,2020-04-26T11:13:48Z,2025-04-15T03:10:24Z,5,1,30,129204,0.416281,low,mature,1
Liberg,https://github.com/liberg-cn/Liberg,44,4,485,Java,2020-07-04T01:35:06Z,2025-10-16T13:45:51Z,0,1,25,5820,0.358337,low,mature,1
NaturalHour,https://github.com/forrestguice/NaturalHour,44,3,2104,Java,2020-09-24T04:12:22Z,2026-03-17T02:59:41Z,5,0,675,25248,10.069617,high,mature,1
IPTV-Android,https://github.com/bachors/IPTV-Android,44,41,29579,Java,2020-04-11T10:01:55Z,2026-03-27T02:03:13Z,7,0,8,354948,0.110243,low,mature,1
Challenges,https://github.com/coding-area-net/Challenges,44,15,3948,Java,2020-06-21T13:21:08Z,2025-11-14T21:40:21Z,7,7,1799,47376,25.626781,high,mature,10
B4J,https://github.com/AnywhereSoftware/B4J,44,11,117420,Java,2020-03-09T11:48:54Z,2026-03-11T12:11:37Z,0,0,26,1409040,0.352941,low,mature,2
bankid4keycloak,https://github.com/sweid4keycloak/bankid4keycloak,44,29,211,Java,2020-05-01T19:53:50Z,2026-03-23T23:32:35Z,8,2,144,2532,2.003711,medium,mature,11
practice_system,https://github.com/violetks/practice_system,44,5,2800,Java,2020-07-02T06:15:39Z,2026-03-18T08:49:57Z,1,1,9,33600,0.128878,low,mature,1
data-systems-learning,https://github.com/LiebingYu/data-systems-learning,44,36,1008,Java,2020-03-08T13:04:41Z,2025-06-18T07:44:01Z,1,19,43,12096,0.583446,low,mature,1
viper-edit,https://github.com/maks/viper-edit,44,13,3232,Java,2020-03-04T00:22:22Z,2026-02-03T20:18:29Z,9,0,137,38784,1.85553,medium,mature,11
Advanced-HttpURLConnection,https://github.com/VishnuSivadasVS/Advanced-HttpURLConnection,44,30,175,Java,2020-06-23T13:19:36Z,2025-10-21T14:21:53Z,0,0,50,2100,0.712928,low,mature,1
CineWatch,https://github.com/bugcacher/CineWatch,44,14,2330,Java,2020-06-07T15:05:59Z,2025-07-22T06:34:30Z,0,0,29,27960,0.410377,low,mature,1
VideoPreload,https://github.com/zhuozp/VideoPreload,44,4,7620,Java,2020-05-13T14:57:37Z,2025-06-24T07:32:10Z,4,0,20,91440,0.27972,low,mature,1
dat100public,https://github.com/dat100hib/dat100public,44,181,2949,Java,2020-07-28T20:04:24Z,2026-03-26T06:17:49Z,0,1,341,35388,4.946809,medium,mature,4
cursocompiladores,https://github.com/dlucredio/cursocompiladores,44,10,4696,Java,2020-03-25T13:16:25Z,2025-11-13T18:01:55Z,1,0,31,56352,0.423883,low,mature,2
xiaoMi,https://github.com/gongshijier/xiaoMi,44,3,417,Java,2020-02-23T03:03:48Z,2025-12-08T17:29:28Z,0,0,11,5004,0.148315,low,mature,1
AndroidLeaning,https://github.com/hufeiyang/AndroidLeaning,44,12,8949,Java,2020-04-18T06:23:29Z,2025-11-04T10:14:47Z,0,0,90,107388,1.24424,medium,mature,1
jpackage-maven-plugin,https://github.com/petr-panteleyev/jpackage-maven-plugin,44,13,735,Java,2020-05-18T21:56:47Z,2026-03-02T00:06:27Z,1,0,36,8820,0.504909,low,mature,3
2FA,https://github.com/LielAmar/2FA,44,12,24802,Java,2020-11-03T13:47:00Z,2025-11-20T20:26:36Z,10,6,284,297624,4.322679,medium,mature,8
BitsAndChisels,https://github.com/CoolMineman/BitsAndChisels,44,39,8345,Java,2020-10-30T19:03:14Z,2025-12-04T02:51:02Z,81,2,100,100140,1.519757,medium,mature,12
mCPP-optimized-DARP,https://github.com/savvas-ap/mCPP-optimized-DARP,44,3,6934,Java,2020-12-09T08:42:22Z,2025-12-06T09:05:47Z,0,0,49,83208,0.75969,low,mature,1
sales-order-system-2,https://github.com/colinbut/sales-order-system-2,44,22,2549,Java,2020-03-16T22:05:34Z,2026-02-13T17:22:39Z,1,20,122,30588,1.662125,medium,mature,2
azure-devops-java-sdk,https://github.com/hkarthik7/azure-devops-java-sdk,44,30,4077,Java,2020-11-26T06:26:02Z,2026-02-27T06:06:00Z,5,0,550,48924,8.470226,medium,mature,16
jtoolprovider-plugin,https://github.com/wiverson/jtoolprovider-plugin,44,4,171,Java,2020-10-28T18:35:00Z,2026-01-20T01:49:41Z,2,1,146,2052,2.216599,medium,mature,1
jvmxray,https://github.com/spoofzu/jvmxray,44,5,2179,Java,2020-02-10T17:48:14Z,2026-03-27T13:57:18Z,1,0,48,26148,0.643719,low,mature,4
Personal-Health-Manage,https://github.com/wangxinshuo0421/Personal-Health-Manage,44,11,12514,Java,2020-10-28T15:53:19Z,2026-01-12T13:03:25Z,3,0,5,150168,0.075873,low,mature,1
springboot-chowder,https://github.com/503612012/springboot-chowder,44,18,537,Java,2020-04-12T09:59:17Z,2026-02-11T16:44:26Z,0,2,163,6444,2.247243,medium,mature,1
Color-Switch-Game,https://github.com/hadron43/Color-Switch-Game,44,7,6418,Java,2020-10-24T16:10:05Z,2026-03-22T06:43:52Z,7,0,220,77016,3.331651,medium,mature,2
api-gateway-auth,https://github.com/aws-samples/api-gateway-auth,44,24,120,Java,2020-11-11T15:22:27Z,2026-03-09T22:08:48Z,1,7,20,1440,0.305655,low,mature,10
java-clean-architecture,https://github.com/full-stack-engineering/java-clean-architecture,44,24,113,Java,2020-04-24T21:05:02Z,2026-03-26T09:46:02Z,0,0,11,1356,0.152566,low,mature,1
gods-deluxe,https://github.com/jotd666/gods-deluxe,44,3,42342,Java,2020-04-05T13:10:38Z,2026-03-02T05:25:45Z,5,0,35,508104,0.480989,low,mature,2
TakePhotoX,https://github.com/yijiebuyi/TakePhotoX,44,15,795,Java,2020-07-24T04:41:07Z,2025-12-17T21:22:31Z,1,0,76,9540,1.099855,medium,mature,1
Shield-Lib,https://github.com/StellarWind22/Shield-Lib,44,19,5196,Java,2020-05-03T06:50:54Z,2026-01-10T22:59:58Z,0,0,494,62352,6.87703,medium,mature,10
jakartaee-faces-sample,https://github.com/hantsy/jakartaee-faces-sample,44,20,476,Java,2020-02-05T12:57:08Z,2026-03-02T14:02:22Z,0,0,445,5712,5.95185,medium,mature,1
visilabs-android,https://github.com/relateddigital/visilabs-android,44,6,10990,Java,2020-01-23T10:51:10Z,2026-03-12T00:23:17Z,1,0,856,131880,11.382979,high,mature,8
agate,https://github.com/dinstone/agate,44,10,3982,Java,2020-03-21T04:04:19Z,2025-08-17T08:42:41Z,1,1,126,47784,1.719745,medium,mature,2
FaceRecognitionAttendance,https://github.com/ntshvicky/FaceRecognitionAttendance,44,20,14729,Java,2020-11-13T20:07:19Z,2025-11-07T07:32:28Z,2,0,4,176748,0.061224,low,mature,1
ghidra-stm32,https://github.com/wrongbaud/ghidra-stm32,44,9,6083,Java,2020-02-23T03:39:35Z,2026-02-27T16:28:34Z,1,0,10,72996,0.134831,low,mature,2
sims,https://github.com/LeeCue/sims,44,11,2659,Java,2020-05-29T09:14:49Z,2026-02-27T11:38:03Z,2,1,42,31908,0.591827,low,mature,2
spotifyApiSpring,https://github.com/hardikSinghBehl/spotifyApiSpring,44,17,27702,Java,2020-08-20T01:34:15Z,2025-07-17T18:12:48Z,0,0,50,332424,0.733138,low,mature,2
ResumeBuilder-App,https://github.com/VaibhavSaini19/ResumeBuilder-App,44,12,3415,Java,2020-03-19T06:30:07Z,2026-02-03T05:45:34Z,3,0,23,40980,0.313636,low,mature,2
activiti-workflow,https://github.com/heartlhj/activiti-workflow,44,50,169,Java,2020-05-17T12:59:40Z,2025-11-01T04:05:30Z,2,3,28,2028,0.39234,low,mature,1
butcherknife,https://github.com/LitterSun/butcherknife,44,5,185,Java,2020-10-26T12:19:29Z,2025-01-19T07:49:46Z,1,0,8,2220,0.121273,low,mature,1
clearscreen,https://github.com/lmxjw3/clearscreen,44,9,141,Java,2020-03-13T10:08:59Z,2025-06-04T02:18:54Z,1,0,11,1692,0.149592,low,mature,1
LexianLife,https://github.com/EslSuwen/LexianLife,43,11,12393,Java,2020-07-22T08:50:37Z,2025-12-23T01:22:04Z,2,2,26,148716,0.375904,low,mature,1
slidetoconfirm,https://github.com/chinalwb/slidetoconfirm,43,9,419,Java,2020-03-27T17:22:37Z,2026-02-01T09:14:07Z,1,0,56,5028,0.766773,low,mature,3
easyCode-MybatisCodeHelper,https://github.com/gejun123456/easyCode-MybatisCodeHelper,43,30,16485,Java,2020-02-21T07:30:15Z,2026-03-14T12:04:51Z,16,1,458,197820,6.169735,medium,mature,9
ipfs-cloud,https://github.com/doobo/ipfs-cloud,43,12,134807,Java,2020-07-20T11:34:28Z,2025-08-28T14:35:51Z,0,0,139,1617684,2.007703,medium,mature,1
AndroidProguardGenerate,https://github.com/lantah-1/AndroidProguardGenerate,43,26,147,Java,2020-04-10T02:04:44Z,2025-12-01T11:16:36Z,0,0,1,1764,0.013774,low,mature,1
stocks-android,https://github.com/rehmanis/stocks-android,43,12,9403,Java,2020-11-11T01:31:47Z,2026-01-20T16:06:01Z,0,0,36,112836,0.550178,low,mature,1
aem-stubs,https://github.com/wttech/aem-stubs,43,4,29572,Java,2020-05-08T08:02:14Z,2025-08-13T11:21:39Z,1,0,57,354864,0.795349,low,mature,5
app,https://github.com/feedbacky-project/app,43,4,4529,Java,2020-02-19T16:38:56Z,2025-12-04T05:33:25Z,0,7,873,54348,11.749664,high,mature,6
loomylin,https://github.com/tipsy/loomylin,43,4,116,Java,2020-11-22T10:27:17Z,2025-08-23T03:22:02Z,3,0,7,1392,0.107582,low,mature,3
player-roles,https://github.com/NucleoidMC/player-roles,43,20,478,Java,2020-03-31T08:14:14Z,2025-11-05T00:05:55Z,25,1,133,5736,1.823583,medium,mature,26
hcnetsdk-java,https://github.com/lkqm/hcnetsdk-java,43,13,24393,Java,2020-11-25T05:51:27Z,2025-11-02T09:34:44Z,1,0,25,292716,0.384813,low,mature,1
file-transform-kit,https://github.com/tal-tech/file-transform-kit,43,17,34969,Java,2020-10-29T13:29:46Z,2026-01-28T15:44:38Z,1,1,7,419628,0.106275,low,mature,6
datax-admin,https://github.com/thestyleofme/datax-admin,43,18,328,Java,2020-12-17T12:57:42Z,2026-03-07T12:54:49Z,0,0,18,3936,0.280228,low,mature,1
Lyu-blog,https://github.com/zhaoguoshun/Lyu-blog,43,11,34516,Java,2020-12-30T10:24:38Z,2026-01-01T07:41:47Z,2,0,11,414192,0.172414,low,mature,1
cloudconvert-java,https://github.com/cloudconvert/cloudconvert-java,43,24,442,Java,2020-03-21T19:20:57Z,2026-03-20T10:23:01Z,8,1,102,5304,1.392808,medium,mature,6
Rukkit,https://github.com/RukkitDev/Rukkit,43,9,10594,Java,2020-07-06T08:47:40Z,2026-03-17T04:05:15Z,6,0,70,127128,1.004304,medium,mature,2
SuperCall,https://github.com/yangmingchuan/SuperCall,43,12,3444,Java,2020-04-28T11:10:58Z,2025-07-25T13:29:40Z,0,0,48,41328,0.666667,low,mature,1
Employee-Payroll-System,https://github.com/cerebrus-sys/Employee-Payroll-System,43,24,6011,Java,2020-07-01T04:41:15Z,2026-02-07T17:22:44Z,2,1,4,72132,0.057252,low,mature,1
Minecraft-Note,https://github.com/kaniol-lck/Minecraft-Note,43,2,84920,Java,2020-11-08T08:56:12Z,2026-03-02T07:26:45Z,0,0,19,1019040,0.289929,low,mature,1
flyway-multitenancy,https://github.com/arkuksin/flyway-multitenancy,43,19,107,Java,2020-01-20T21:13:25Z,2025-08-28T14:39:50Z,0,0,19,1284,0.252436,low,mature,1
PrivacyView,https://github.com/zfgandroid/PrivacyView,43,21,329,Java,2020-03-10T02:03:01Z,2026-02-25T06:51:05Z,0,0,4,3948,0.054323,low,mature,1
ctf-Challenge,https://github.com/Firebasky/ctf-Challenge,43,3,8416,Java,2020-12-22T10:01:23Z,2025-02-28T03:08:18Z,1,0,90,100992,1.404787,medium,mature,1
Netherite-Plus-Mod,https://github.com/OroArmorModding/Netherite-Plus-Mod,43,6,1447,Java,2020-07-07T01:25:38Z,2025-09-13T14:45:35Z,12,0,310,17364,4.449761,medium,mature,20
red-vs-blue,https://github.com/isilher/red-vs-blue,43,3,1831,Java,2020-07-16T19:01:26Z,2025-11-07T09:35:57Z,0,0,17,21972,0.245192,low,mature,1
Algorithms,https://github.com/spring2go/Algorithms,43,17,19264,Java,2020-06-17T08:57:42Z,2026-02-07T18:05:35Z,0,1,39,231168,0.554502,low,mature,0
TimeRuler,https://github.com/Liberations/TimeRuler,43,6,1614,Java,2020-08-24T06:57:06Z,2025-11-18T08:31:50Z,0,0,15,19368,0.220372,low,mature,2
seeso-sample-android,https://github.com/visualcamp/seeso-sample-android,43,13,4752,Java,2020-06-17T06:35:11Z,2025-12-22T03:01:45Z,0,0,67,57024,0.952607,low,mature,15
mooc.fi_java_programming_2020,https://github.com/chadwyck242/mooc.fi_java_programming_2020,43,26,341,Java,2020-04-26T01:20:23Z,2026-02-11T20:53:15Z,0,0,58,4092,0.80481,low,mature,1
Jyutdict-Android,https://github.com/JyutdictEB/Jyutdict-Android,43,3,3727,Java,2020-05-31T09:02:19Z,2026-02-23T11:38:17Z,1,0,22,44724,0.310296,low,mature,2
react-native-sdk,https://github.com/onfido/react-native-sdk,43,43,2025,Java,2020-04-08T04:01:46Z,2026-03-19T14:09:37Z,0,13,91,24300,1.252294,medium,mature,24
hrlweibo_server,https://github.com/huangruiLearn/hrlweibo_server,43,34,22801,Java,2020-05-18T15:45:55Z,2025-08-27T15:37:14Z,2,12,5,273612,0.070093,low,mature,1
TouchPortalPluginSDK,https://github.com/ChristopheCVB/TouchPortalPluginSDK,43,9,867,Java,2020-05-26T13:21:32Z,2026-01-27T14:26:25Z,11,1,312,10404,4.390244,medium,mature,5
imock,https://github.com/chufusheng/imock,43,33,1895,Java,2020-12-28T08:42:06Z,2025-06-23T03:00:26Z,6,1,39,22740,0.610647,low,mature,1
jt808client,https://github.com/ydajiang/jt808client,43,22,109,Java,2020-07-07T06:33:30Z,2025-12-21T15:16:34Z,3,2,8,1308,0.114833,low,mature,1
backend-notes,https://github.com/ceezyyy/backend-notes,43,8,317694,Java,2020-03-19T02:54:14Z,2024-08-20T05:28:33Z,0,0,1082,3812328,14.754545,high,mature,2
Lease,https://github.com/wowpH/Lease,43,9,1968,Java,2020-05-04T05:41:50Z,2026-03-23T16:30:11Z,1,9,36,23616,0.501393,low,mature,1
Promenade,https://github.com/DawnTeamMC/Promenade,43,13,56341,Java,2020-08-03T10:13:49Z,2026-01-12T11:28:07Z,33,1,638,676092,9.277751,medium,mature,4
springboot-microservices-distributed-transaction-2pc,https://github.com/anil-jaglan/springboot-microservices-distributed-transaction-2pc,43,48,84,Java,2020-07-25T08:29:19Z,2025-11-19T12:33:51Z,1,0,4,1008,0.057915,low,mature,1
egovframe-runtime,https://github.com/eGovFramework/egovframe-runtime,43,60,8626,Java,2020-02-14T06:32:50Z,2025-10-29T04:18:30Z,0,0,127,103512,1.705461,medium,mature,11
industry-app-framework,https://github.com/cosmoplat-dev/industry-app-framework,43,19,210,Java,2020-07-01T11:16:23Z,2023-12-13T07:52:03Z,67,4,153,2520,2.189885,medium,mature,13
facemaskdetector,https://github.com/estebanuri/facemaskdetector,43,45,54546,Java,2020-06-08T02:11:28Z,2025-06-13T19:38:24Z,8,1,17,654552,0.24068,low,mature,1
medium-articles,https://github.com/musibs/medium-articles,43,80,248,Java,2020-02-14T22:55:24Z,2025-10-11T03:18:18Z,0,0,38,2976,0.510524,low,mature,1
bpmn-layout-generators,https://github.com/process-analytics/bpmn-layout-generators,43,8,7956,Java,2020-04-08T14:56:26Z,2026-02-02T09:53:06Z,24,1,101,95472,1.389908,medium,mature,7
OneLineFinishedDrawing,https://github.com/Eaken/OneLineFinishedDrawing,43,8,3742,Java,2020-02-28T07:24:16Z,2025-12-09T12:14:04Z,0,0,12,44904,0.162162,low,mature,1
rest-spring-boot-hexagonal-architecture,https://github.com/naspredam/rest-spring-boot-hexagonal-architecture,43,14,346,Java,2020-10-29T20:22:49Z,2026-02-17T18:36:01Z,0,0,35,4152,0.531646,low,mature,1
vertx-sandbox,https://github.com/hantsy/vertx-sandbox,43,21,1827,Java,2020-12-10T11:48:17Z,2026-02-01T05:42:02Z,1,0,1496,21924,23.205791,high,mature,4
SunmiPrinterSdk,https://github.com/AhmedElsayed94/SunmiPrinterSdk,43,20,634,Java,2020-02-06T10:54:06Z,2026-03-09T10:27:06Z,10,1,5,7608,0.066905,low,mature,1
pngencoder,https://github.com/pngencoder/pngencoder,43,8,28141,Java,2020-08-17T09:04:51Z,2025-11-25T09:15:45Z,1,5,329,337692,4.816984,medium,mature,5
ProcessOnRegister,https://github.com/iimik/ProcessOnRegister,43,24,97,Java,2020-09-25T01:43:14Z,2026-03-05T07:43:02Z,3,0,17,1164,0.253731,low,mature,1
itext-pdfocr-java,https://github.com/itext/itext-pdfocr-java,43,8,737762,Java,2020-06-16T10:16:55Z,2026-03-27T16:52:50Z,0,8,409,8853144,5.812411,medium,mature,28
itstack-naive-chat-ui,https://github.com/itstack-naive-chat/itstack-naive-chat-ui,43,16,298,Java,2020-02-22T08:41:17Z,2025-04-08T07:20:16Z,0,0,9,3576,0.121294,low,mature,1
Springboot-JPA-Blog,https://github.com/codingspecialist/Springboot-JPA-Blog,42,33,745,Java,2020-04-20T14:19:20Z,2025-01-03T00:57:11Z,2,0,29,8940,0.401292,low,mature,2
ProyectoFrontendJava,https://github.com/CrissUD/ProyectoFrontendJava,42,5,13054,Java,2020-08-05T20:22:17Z,2025-11-24T15:32:23Z,2,0,43,156648,0.626214,low,mature,1
edap,https://github.com/edap-io/edap,42,8,11628,Java,2020-01-17T14:00:07Z,2026-01-16T11:27:39Z,0,0,73,139536,0.96817,low,mature,1
Aruco-Android,https://github.com/RivoLink/Aruco-Android,42,26,119654,Java,2020-03-21T19:25:12Z,2026-01-29T18:03:56Z,11,0,37,1435848,0.505234,low,mature,1
lin-cms-java-core,https://github.com/TaleLin/lin-cms-java-core,42,23,198,Java,2020-02-05T07:42:54Z,2026-01-06T08:41:14Z,1,2,54,2376,0.722247,low,mature,10
Weather_Bg,https://github.com/Rainvvy/Weather_Bg,42,15,689,Java,2020-11-09T06:50:39Z,2026-03-05T09:46:39Z,0,0,6,8268,0.091603,low,mature,1
ForgeGradle-2.3,https://github.com/anatawa12/ForgeGradle-2.3,42,10,4665,Java,2020-04-26T12:24:15Z,2026-01-19T11:12:09Z,4,14,1272,55980,17.650324,high,mature,36
two-factor-authentication,https://github.com/amrkhaledccd/two-factor-authentication,42,28,2927,Java,2020-07-14T19:26:25Z,2026-03-03T06:22:03Z,0,14,6,35124,0.086455,low,mature,1
Cinderscapes,https://github.com/TerraformersMC/Cinderscapes,42,26,98023,Java,2020-04-16T16:54:18Z,2026-02-17T15:46:29Z,15,1,373,1176276,5.154307,medium,mature,22
gregicality-legacy,https://github.com/GregTechCEu/gregicality-legacy,42,60,47348,Java,2020-05-18T17:28:22Z,2025-02-20T07:05:01Z,4,0,1574,568176,22.075736,high,mature,40
WeatherAppInAndroidStudio,https://github.com/Brijesh-kumar-sharma/WeatherAppInAndroidStudio,42,25,2270,Java,2020-12-24T11:15:11Z,2026-03-18T01:21:39Z,0,0,2,27240,0.03125,low,mature,1
bilibili-helper-pro,https://github.com/Schweigen1213/bilibili-helper-pro,42,122,1099,Java,2020-11-20T06:02:19Z,2026-01-25T09:35:14Z,0,1,10,13188,0.153531,low,mature,1
Social-Media-Users-Database-Managment-System,https://github.com/shubham4756/Social-Media-Users-Database-Managment-System,42,12,552,Java,2020-07-28T17:04:36Z,2025-09-15T12:12:14Z,0,0,5,6624,0.072534,low,mature,1
InteractiveChat-DiscordSRV-Addon,https://github.com/LOOHP/InteractiveChat-DiscordSRV-Addon,42,24,60181,Java,2020-09-16T07:18:27Z,2026-03-27T21:41:24Z,34,0,560,722172,8.320951,medium,mature,2
waynboot-sso,https://github.com/wayn111/waynboot-sso,42,18,46766,Java,2020-03-04T08:10:11Z,2025-08-09T06:56:26Z,0,2,61,561192,0.826185,low,mature,1
easyposter,https://github.com/quaintclever/easyposter,42,13,2796,Java,2020-03-30T09:50:04Z,2025-02-24T09:02:22Z,1,0,33,33552,0.452261,low,mature,1
silverchain,https://github.com/tomokinakamaru/silverchain,42,4,31204,Java,2020-03-21T10:37:09Z,2025-11-18T09:58:11Z,8,10,757,374448,10.33212,high,mature,3
Style_Is_You,https://github.com/77kkyu/Style_Is_You,42,19,178675,Java,2020-05-25T11:40:34Z,2026-01-05T15:32:11Z,0,12,352,2144100,4.950774,medium,mature,7
junit5-kubernetes,https://github.com/JeanBaptisteWATENBERG/junit5-kubernetes,42,3,168,Java,2020-05-08T23:32:47Z,2023-10-05T04:26:42Z,1,1,66,2016,0.921359,low,mature,2
azure-cosmos-java-sql-api-samples,https://github.com/Azure-Samples/azure-cosmos-java-sql-api-samples,42,73,624,Java,2020-03-03T18:05:56Z,2026-01-13T13:38:21Z,12,8,354,7488,4.794582,medium,mature,3510
GaodeMapDemo,https://github.com/lilongweidev/GaodeMapDemo,42,17,54147,Java,2020-12-25T09:46:17Z,2025-10-27T02:05:16Z,1,0,12,649764,0.187598,low,mature,1
felix-atomos,https://github.com/apache/felix-atomos,42,19,1366,Java,2020-02-24T22:02:20Z,2026-01-23T08:00:18Z,13,3,370,16392,4.993252,medium,mature,32
AngelMvp,https://github.com/liwentuo/AngelMvp,42,2,680,Java,2020-08-09T02:07:02Z,2022-09-28T08:59:23Z,0,0,2,8160,0.029169,low,mature,1
flutter_bluetooth_basic,https://github.com/wwandreww/flutter_bluetooth_basic,42,172,702,Java,2020-01-15T12:07:41Z,2025-08-08T02:06:19Z,30,5,31,8424,0.410777,low,mature,3
spring-cloud-gateway-demo,https://github.com/lifengdi/spring-cloud-gateway-demo,42,35,100,Java,2020-07-09T10:16:37Z,2025-08-07T12:25:28Z,0,2,7,1200,0.100575,low,mature,1
io.contek.invoker,https://github.com/contek-io/io.contek.invoker,42,30,1646,Java,2020-09-22T06:47:54Z,2025-10-26T08:34:32Z,15,1,583,19752,8.688525,medium,mature,12
intellij-prisma,https://github.com/gabrielcolson/intellij-prisma,42,8,155,Java,2020-05-02T23:22:00Z,2025-11-11T05:30:30Z,12,0,30,1860,0.417633,low,mature,4
uDance,https://github.com/balabanmetin/uDance,42,10,8687,Java,2020-09-15T15:10:25Z,2026-03-12T16:48:29Z,8,1,158,104244,2.346535,medium,mature,4
AndroidQRCodeScanner,https://github.com/learntodroid/AndroidQRCodeScanner,42,32,134,Java,2020-08-04T03:23:06Z,2025-09-18T06:29:19Z,4,0,1,1608,0.014549,low,mature,1
App-Android,https://github.com/Rule-34/App-Android,42,4,24455,Java,2020-02-21T11:09:24Z,2026-03-18T21:45:18Z,0,0,30,293460,0.404131,low,mature,1
sm64AndroidBuilder,https://github.com/VDavid003/sm64AndroidBuilder,42,7,133,Java,2020-08-28T21:37:43Z,2026-02-06T04:43:38Z,15,0,30,1596,0.441826,low,mature,1
ClearClipboard,https://github.com/amnesica/ClearClipboard,42,3,1168,Java,2020-07-05T09:14:35Z,2026-02-26T13:15:01Z,2,1,43,14016,0.616635,low,mature,3
mixintrace,https://github.com/comp500/mixintrace,42,6,200,Java,2020-09-05T21:21:55Z,2025-12-11T20:15:22Z,2,0,12,2400,0.177427,low,mature,2
FaceKeyPointsMask,https://github.com/yeyupiaoling/FaceKeyPointsMask,42,16,78000,Java,2020-09-02T07:35:45Z,2024-08-08T04:28:50Z,0,0,8,936000,0.118052,low,mature,1
Tomcat-AJP-EXP,https://github.com/LFYSec/Tomcat-AJP-EXP,42,11,871,Java,2020-02-22T07:40:40Z,2024-12-20T03:15:39Z,0,1,5,10452,0.067385,low,mature,1
runtime-exec-encoder,https://github.com/woodpecker-appstore/runtime-exec-encoder,42,8,3813,Java,2020-09-17T13:29:59Z,2025-08-29T01:58:16Z,0,0,8,45756,0.11893,low,mature,2
infomod2,https://github.com/casey-c/infomod2,42,3,18130,Java,2020-11-12T06:46:01Z,2026-03-11T13:07:37Z,4,0,117,217560,1.788991,medium,mature,1
HookOPAccount,https://github.com/kiritoxkiriko/HookOPAccount,42,1,48894,Java,2020-04-29T13:35:59Z,2025-07-22T12:57:00Z,1,0,16,586728,0.222325,low,mature,1
six-finger-web,https://github.com/bin392328206/six-finger-web,42,8,295,Java,2020-10-13T01:49:32Z,2026-01-06T07:42:49Z,0,0,40,3540,0.60241,low,mature,2
spring-cloud-alibaba-practice,https://github.com/metaphysical-road/spring-cloud-alibaba-practice,42,21,3517,Java,2020-09-28T05:09:33Z,2026-02-11T16:45:59Z,3,0,28,42204,0.418535,low,mature,1
3pigs-ddd,https://github.com/mat3e/3pigs-ddd,42,14,995,Java,2020-09-04T21:56:59Z,2025-11-19T20:50:34Z,0,0,65,11940,0.960591,low,mature,1
Unity-Native-Toasts,https://github.com/NicholasSheehan/Unity-Native-Toasts,42,4,196,Java,2020-03-28T20:21:35Z,2026-03-04T04:38:45Z,3,0,8,2352,0.109589,low,mature,2
CODE,https://github.com/fanjianhai/CODE,42,40,1017,Java,2020-12-16T06:48:56Z,2025-12-27T11:37:39Z,0,0,19,12204,0.295643,low,mature,1
epub4j,https://github.com/documentnode/epub4j,42,13,2615,Java,2020-10-28T03:07:46Z,2026-03-21T13:29:00Z,6,0,50,31380,0.758725,low,mature,3
XposedUETool,https://github.com/longshihan1/XposedUETool,42,6,2023,Java,2020-05-24T14:03:30Z,2025-10-27T11:07:25Z,2,0,11,24276,0.154639,low,mature,1
Swipeable-RecyclerView,https://github.com/tsuryo/Swipeable-RecyclerView,42,5,158,Java,2020-05-09T20:22:51Z,2024-12-09T04:31:55Z,1,1,13,1896,0.181564,low,mature,1
SMBSync3,https://github.com/Sentaroh/SMBSync3,42,12,354354,Java,2020-07-19T21:12:15Z,2026-03-17T03:05:18Z,2,1,178,4252248,2.571016,medium,mature,1
shoulder-platform,https://github.com/ChinaLym/shoulder-platform,42,11,5856,Java,2020-08-15T19:07:13Z,2025-09-06T11:18:13Z,0,0,52,70272,0.760976,low,mature,1
SchoolSystem,https://github.com/x-bessie/SchoolSystem,42,8,6494,Java,2020-01-10T03:35:06Z,2026-02-03T02:00:58Z,4,0,182,77928,2.406346,medium,mature,1
billing-hack,https://github.com/Techbrunch/billing-hack,42,30,161,Java,2020-04-18T18:25:57Z,2026-03-11T16:27:02Z,3,0,4,1932,0.055325,low,mature,1
sparkzxl-framework,https://github.com/zhouxinlei828/sparkzxl-framework,41,20,27667,Java,2020-09-12T10:12:56Z,2025-10-25T08:44:31Z,0,5,1185,332004,17.572912,high,mature,1
DMTQ-Localserver,https://github.com/samnyan/DMTQ-Localserver,41,8,11101,Java,2020-04-23T14:20:47Z,2026-01-02T17:19:09Z,5,0,15,133212,0.207852,low,mature,1
JXC,https://github.com/a6678696/JXC,41,12,1454,Java,2020-01-07T13:57:44Z,2025-05-18T08:55:48Z,0,2,87,17448,1.148768,medium,mature,1
Xavier-NX_Ignition_Maker,https://github.com/valdivj/Xavier-NX_Ignition_Maker,41,15,358,Java,2020-09-18T14:17:00Z,2026-01-20T00:44:59Z,0,0,17,4296,0.252851,low,mature,1
protostar,https://github.com/yezhihao/protostar,41,19,210,Java,2020-10-30T12:44:15Z,2026-01-27T09:24:06Z,1,0,105,2520,1.594937,medium,mature,1
yunheng_blog,https://github.com/javacxyxbc/yunheng_blog,41,43,15095,Java,2020-08-28T00:30:18Z,2026-03-25T05:38:06Z,0,0,9,181140,0.132483,low,mature,2
Beetlens,https://github.com/Krootl/Beetlens,41,6,12208,Java,2020-04-17T09:48:40Z,2025-03-31T05:06:22Z,0,0,1,146496,0.013819,low,mature,1
libcfsurface,https://github.com/Chainfire/libcfsurface,41,18,718,Java,2020-12-21T21:56:30Z,2026-03-04T15:39:00Z,1,1,25,8616,0.390219,low,mature,2
lincebi,https://github.com/LinceBI/lincebi,41,15,61992,Java,2020-03-13T13:35:26Z,2026-01-30T13:07:30Z,0,1,1018,743904,13.844062,high,mature,4
hospital,https://github.com/JavaGithubMoney/hospital,41,5,442,Java,2020-03-12T05:14:07Z,2025-10-17T07:24:55Z,0,2,4,5304,0.054372,low,mature,2
react-native-wifi-and-hotspot-wizard,https://github.com/prafulla-codes/react-native-wifi-and-hotspot-wizard,41,15,65860,Java,2020-06-14T18:27:03Z,2024-05-28T10:13:14Z,8,13,116,790320,1.647727,medium,mature,2
DynamicWallpaper,https://github.com/varunon9/DynamicWallpaper,41,16,2303,Java,2020-05-09T16:47:56Z,2026-02-23T01:13:23Z,2,0,12,27636,0.16752,low,mature,2
commons-graph,https://github.com/apache/commons-graph,41,11,1325,Java,2020-06-07T03:47:18Z,2026-02-28T02:03:38Z,0,4,931,15900,13.174528,high,mature,71
VideoDemo,https://github.com/LillteZheng/VideoDemo,41,7,64392,Java,2020-07-07T08:55:48Z,2026-01-28T02:35:07Z,2,0,39,772704,0.559809,low,mature,1
wanandroid,https://github.com/KnightAndroid/wanandroid,41,4,2595,Java,2020-12-03T12:58:21Z,2026-01-14T08:26:28Z,0,0,194,31140,2.998454,medium,mature,1
axis-axis2-java-core,https://github.com/apache/axis-axis2-java-core,41,47,78096,Java,2020-03-20T01:50:14Z,2026-03-25T08:24:45Z,0,9,15323,937152,209.04502,high,mature,35
rapidminer-studio-modular,https://github.com/rapidminer/rapidminer-studio-modular,41,9,31536,Java,2020-10-27T08:07:14Z,2025-12-02T20:42:52Z,2,0,4,378432,0.060667,low,mature,1
Project-wuye,https://github.com/sxzyc/Project-wuye,41,7,35813,Java,2020-08-13T06:23:22Z,2026-01-14T07:56:47Z,1,0,17,429756,0.248417,low,mature,1
Burp-IndicatorsOfVulnerability,https://github.com/codewatchorg/Burp-IndicatorsOfVulnerability,41,11,1271,Java,2020-01-10T14:44:03Z,2024-11-07T04:58:18Z,0,0,43,15252,0.568532,low,mature,1
jg-api-autotest,https://github.com/jinganglong123/jg-api-autotest,41,22,446,Java,2020-05-31T10:11:06Z,2025-12-04T05:03:56Z,0,6,3,5352,0.042313,low,mature,1
chat,https://github.com/nicoliuli/chat,41,49,7740,Java,2020-07-18T06:25:37Z,2025-04-27T13:33:32Z,1,4,44,92880,0.634921,low,mature,1
Release2Beta,https://github.com/DirtPowered/Release2Beta,41,3,877,Java,2020-03-01T21:54:58Z,2026-02-06T08:22:53Z,7,2,312,10524,4.221922,medium,mature,2
OnlyViewer,https://github.com/greyovo/OnlyViewer,41,7,7462,Java,2020-04-08T01:26:04Z,2026-03-16T12:14:50Z,1,0,322,89544,4.431193,medium,mature,2
ACC-Race-Control,https://github.com/LennysLounge/ACC-Race-Control,41,9,55597,Java,2020-09-01T23:50:05Z,2026-03-13T16:51:50Z,8,1,784,667164,11.56911,high,mature,1
light-blog,https://github.com/blankjee/light-blog,41,9,4631,Java,2020-02-29T03:35:22Z,2024-11-25T06:41:14Z,0,0,16,55572,0.216314,low,mature,1
evosuite-plus-plus,https://github.com/llmhyy/evosuite-plus-plus,41,16,187078,Java,2020-07-22T04:16:18Z,2026-01-20T01:12:59Z,92,15,9643,2244936,139.416867,high,mature,28
log-helper,https://github.com/Redick01/log-helper,41,22,637,Java,2020-12-23T08:35:08Z,2026-02-01T11:28:23Z,2,0,171,7644,2.670484,medium,mature,3
java-net-course,https://github.com/azarnovdaniil/java-net-course,41,65,569,Java,2020-12-11T13:00:14Z,2024-02-21T22:43:23Z,0,3,35,6828,0.543197,low,mature,1
Advanced_Selenium_Test_Automation_Framework,https://github.com/prakashnarkhede/Advanced_Selenium_Test_Automation_Framework,41,49,485,Java,2020-09-27T17:39:36Z,2025-05-12T13:45:46Z,0,0,7,5820,0.104634,low,mature,1
BlockCanaryCompat,https://github.com/BzCoder/BlockCanaryCompat,41,10,132,Java,2020-02-28T03:53:01Z,2024-05-06T06:28:50Z,0,0,14,1584,0.189189,low,mature,1
react-native-app-review,https://github.com/safaiyeh/react-native-app-review,41,2,394,Java,2020-08-10T01:22:53Z,2025-12-23T20:37:06Z,1,0,7,4728,0.10214,low,mature,1
android-voice-demo,https://github.com/wit-ai/android-voice-demo,41,24,1866,Java,2020-07-22T23:30:30Z,2025-10-11T02:36:09Z,1,0,5,22392,0.072324,low,mature,7
demo-java-completablefuture,https://github.com/aliakh/demo-java-completablefuture,41,21,1010,Java,2020-12-09T15:40:30Z,2026-01-22T19:28:11Z,0,0,1,12120,0.015504,low,mature,1
tiktok,https://github.com/oyo775881/tiktok,41,7,1170,Java,2020-08-01T00:16:53Z,2026-03-18T08:04:48Z,2,0,4,14040,0.058111,low,mature,1
editStepForLexinAndXiaoMi,https://github.com/biuaxia/editStepForLexinAndXiaoMi,41,18,309,Java,2020-09-18T20:30:54Z,2024-01-24T06:09:37Z,0,0,34,3708,0.505952,low,mature,1
jndc,https://github.com/qiweiview/jndc,41,12,14116,Java,2020-10-29T01:51:02Z,2025-05-16T09:26:54Z,0,0,195,169392,2.960526,medium,mature,2
smithy-language-server,https://github.com/smithy-lang/smithy-language-server,41,23,929,Java,2020-12-04T12:53:17Z,2026-03-25T23:41:01Z,15,2,221,11148,3.417526,medium,mature,28
i2scim,https://github.com/i2-open/i2scim,41,6,4389,Java,2020-06-29T22:01:45Z,2026-02-24T08:46:59Z,1,0,273,52668,3.905579,medium,mature,1
FlightHud,https://github.com/frodare/FlightHud,41,38,1835,Java,2020-07-07T21:05:20Z,2026-03-05T15:13:58Z,8,8,36,22020,0.516994,low,mature,5
hello-gluon-ci,https://github.com/gluonhq/hello-gluon-ci,41,49,659,Java,2020-11-20T23:18:20Z,2026-01-28T07:31:51Z,10,0,137,7908,2.104455,medium,mature,6
FabricWaystones,https://github.com/LordDeatHunter/FabricWaystones,41,66,5344,Java,2020-10-02T22:40:37Z,2026-01-31T21:11:57Z,84,5,388,64128,5.814186,medium,mature,39
Encryption-And-Decryption-By-Yu,https://github.com/szluyu99/Encryption-And-Decryption-By-Yu,41,13,14174,Java,2020-04-03T07:08:05Z,2025-07-14T04:27:40Z,3,0,5,170088,0.06865,low,mature,1
ProjectUnity,https://github.com/AvantTeam/ProjectUnity,41,18,222023,Java,2020-08-27T08:16:59Z,2025-09-08T11:48:35Z,4,1,2120,2664276,31.191761,high,mature,21
Stock-Trading-application,https://github.com/mitalisalvi/Stock-Trading-application,41,30,171,Java,2020-04-23T18:24:26Z,2026-02-03T11:00:43Z,2,1,2,2052,0.027726,low,mature,1
profiler,https://github.com/cxxsheng/profiler,41,15,43990,Java,2020-06-13T15:40:04Z,2026-01-09T03:18:16Z,1,0,16,527880,0.227058,low,mature,1
craftgate-java-client,https://github.com/craftgate/craftgate-java-client,41,4,609,Java,2020-12-03T13:17:59Z,2026-03-02T15:12:58Z,1,7,320,7308,4.945904,medium,mature,31
LunarClientSpoofer,https://github.com/leafypout/LunarClientSpoofer,41,3,486,Java,2020-05-03T10:42:11Z,2026-03-20T03:41:09Z,6,0,9,5832,0.12529,low,mature,1
SCRCPY-C-Sharp-Client,https://github.com/qaisbayabani/SCRCPY-C-Sharp-Client,41,18,2912,Java,2020-06-05T20:39:11Z,2026-03-24T11:09:30Z,2,0,83,34944,1.173975,medium,mature,1
jmh-jdk-microbenchmarks,https://github.com/openjdk/jmh-jdk-microbenchmarks,41,16,1462,Java,2020-10-09T09:13:03Z,2025-07-16T19:15:42Z,0,0,31,17544,0.465932,low,mature,31
HTTPSignatures,https://github.com/nccgroup/HTTPSignatures,41,10,120,Java,2020-11-11T19:25:22Z,2026-02-12T19:22:40Z,0,0,7,1440,0.107034,low,mature,5
KeepAlive,https://github.com/279154451/KeepAlive,41,5,196,Java,2020-09-03T08:05:04Z,2025-10-30T05:24:47Z,2,0,5,2352,0.073819,low,mature,1
express,https://github.com/xxxtai/express,41,13,366,Java,2020-01-12T04:28:10Z,2025-12-24T18:38:23Z,5,7,110,4392,1.455668,medium,mature,1
TASmod,https://github.com/MinecraftTAS/TASmod,41,8,14387,Java,2020-12-11T20:32:23Z,2026-03-26T22:52:00Z,21,2,931,172644,14.456522,high,mature,6
db_seeder,https://github.com/KonnexionsGmbH/db_seeder,40,3,710380,Java,2020-05-26T04:47:51Z,2025-12-09T03:41:23Z,0,0,1600,8524560,22.514071,high,mature,1
MorePaperLib,https://github.com/A248/MorePaperLib,40,5,96,Java,2020-08-28T13:17:37Z,2025-12-10T12:56:50Z,1,0,45,1152,0.662414,low,mature,3
snow-decoration,https://github.com/w350491385/snow-decoration,40,22,6083,Java,2020-01-07T06:19:45Z,2026-03-25T05:38:03Z,0,0,11,72996,0.145246,low,mature,2
nc-reactor-generator,https://github.com/ThizThizzyDizzy/nc-reactor-generator,40,7,115454,Java,2020-03-31T00:11:45Z,2026-03-14T13:41:19Z,58,1,1080,1385448,14.808044,high,mature,4
leetcode-solution-curation,https://github.com/Tahanima/leetcode-solution-curation,40,33,138,Java,2020-11-20T10:55:36Z,2025-07-17T20:43:37Z,17,16,147,1656,2.256909,medium,mature,11
heima-leadnews,https://github.com/Money8888/heima-leadnews,40,26,2095,Java,2020-02-29T10:37:16Z,2026-03-08T12:54:51Z,2,12,12,25140,0.162235,low,mature,1
netty-nat,https://github.com/likedan130/netty-nat,40,21,20122,Java,2020-09-23T01:38:19Z,2025-11-04T01:46:47Z,0,5,80,241464,1.192843,medium,mature,2
ciff,https://github.com/osirrc/ciff,40,3,110,Java,2020-01-25T15:45:56Z,2025-12-19T23:23:40Z,5,2,34,1320,0.452529,low,mature,25
springboot-buckets,https://github.com/qianniuspace/springboot-buckets,40,30,25582,Java,2020-02-22T14:49:45Z,2025-05-08T14:40:44Z,1,11,39,306984,0.525606,low,mature,1
rtmp_tencent_live,https://github.com/zhengzhuang96/rtmp_tencent_live,40,6,22273,Java,2020-06-09T07:07:46Z,2025-11-12T18:14:31Z,4,0,47,267276,0.665722,low,mature,3
how-to-become-rich,https://github.com/michaelliao/how-to-become-rich,40,10,400,Java,2020-05-14T09:59:49Z,2025-11-21T02:38:31Z,0,0,9,4800,0.125933,low,mature,1
oreilly_programming_with_sql,https://github.com/thomasnield/oreilly_programming_with_sql,40,38,7453,Java,2020-02-05T03:49:21Z,2026-02-16T21:21:53Z,0,0,27,89436,0.361123,low,mature,1
AndroidPdfRender,https://github.com/Zhang0o/AndroidPdfRender,40,8,22788,Java,2020-07-29T07:58:58Z,2025-05-01T12:42:13Z,2,0,38,273456,0.551257,low,mature,3
androidwebrtcexample,https://github.com/agent10/androidwebrtcexample,40,10,195,Java,2020-05-11T12:31:14Z,2026-01-15T13:01:05Z,4,0,3,2340,0.041919,low,mature,1
openmessaging-benchmark,https://github.com/redpanda-data/openmessaging-benchmark,40,32,1875,Java,2020-10-13T23:08:55Z,2026-03-10T22:13:24Z,9,11,468,22500,7.051733,medium,mature,57
hms-sitekit-demo,https://github.com/HMS-Core/hms-sitekit-demo,40,14,12527,Java,2020-02-11T16:07:36Z,2023-03-28T03:21:10Z,0,0,42,150324,0.563254,low,mature,6
ta4jCharting,https://github.com/team172011/ta4jCharting,40,16,10443,Java,2020-08-17T14:35:02Z,2025-09-29T08:58:14Z,2,0,65,125316,0.951684,low,mature,1
Laundry-App-UI,https://github.com/achmadqomarudin/Laundry-App-UI,40,9,5744,Java,2020-12-27T13:31:25Z,2026-02-21T05:56:36Z,0,0,3,68928,0.046948,low,mature,1
InfectStatistic-main,https://github.com/kofyou/InfectStatistic-main,40,80,4417,Java,2020-02-07T13:35:04Z,2024-03-06T02:10:08Z,0,4,1278,53004,17.108434,high,mature,73
phive-rules,https://github.com/phax/phive-rules,40,12,1155957,Java,2020-06-04T20:00:23Z,2026-03-27T16:13:30Z,1,0,1058,13871484,14.957587,high,mature,1
readable-regex,https://github.com/ricoapon/readable-regex,40,0,306,Java,2020-12-12T13:15:04Z,2025-08-13T11:22:25Z,1,0,168,3672,2.608696,medium,mature,1
txtai.java,https://github.com/neuml/txtai.java,40,6,103,Java,2020-12-22T20:52:19Z,2026-03-20T17:16:29Z,0,0,59,1236,0.921395,low,mature,2
MaterialClockWidget,https://github.com/y0av/MaterialClockWidget,40,12,13154,Java,2020-06-03T14:18:26Z,2025-10-21T18:22:24Z,4,0,21,157848,0.29661,low,mature,1
copycat,https://github.com/vegardit/copycat,40,4,676,Java,2020-11-28T17:21:07Z,2026-03-23T14:15:59Z,0,4,385,8112,5.938303,medium,mature,6
SpringBoot-Tutorials,https://github.com/loizenai/SpringBoot-Tutorials,40,68,302,Java,2020-07-21T16:46:25Z,2026-03-24T12:54:51Z,0,1,61,3624,0.881503,low,mature,1
rxlint,https://github.com/littlerobots/rxlint,40,0,8569,Java,2020-03-21T12:23:47Z,2026-03-25T14:14:36Z,3,0,116,102828,1.583258,medium,mature,3
SourceEngineQueryCacher,https://github.com/hyperxpro/SourceEngineQueryCacher,40,10,291,Java,2020-02-22T20:17:35Z,2026-03-07T21:47:00Z,1,0,88,3492,1.186517,medium,mature,1
NFCEMVReader,https://github.com/alimertozdemir/NFCEMVReader,40,20,488,Java,2020-04-21T09:28:00Z,2026-03-23T13:23:21Z,1,0,6,5856,0.083064,low,mature,1
bugzkit,https://github.com/while1618/bugzkit,40,7,7415,Java,2020-02-22T03:04:36Z,2026-03-28T15:46:03Z,15,0,1516,88980,20.431267,high,mature,3
cafe-latte,https://github.com/phoe/cafe-latte,40,2,128,Java,2020-11-14T13:03:40Z,2025-05-08T01:24:56Z,4,0,60,1536,0.918367,low,mature,3
spark_data_mining,https://github.com/jiangnanboy/spark_data_mining,40,15,29574,Java,2020-11-03T00:48:05Z,2025-01-17T18:48:52Z,0,0,47,354888,0.715373,low,mature,1
CarpetPlugin,https://github.com/ishland/CarpetPlugin,40,18,154,Java,2020-08-27T14:21:26Z,2025-02-14T20:32:06Z,10,0,43,1848,0.632663,low,mature,2
db_perftest,https://github.com/MaartenSmeets/db_perftest,40,11,2102,Java,2020-01-02T13:13:47Z,2024-05-20T10:02:28Z,1,1,63,25224,0.83004,low,mature,1
ShiroRce-Burp,https://github.com/0x141/ShiroRce-Burp,40,4,216,Java,2020-08-03T05:42:21Z,2026-01-14T07:36:38Z,0,0,5,2592,0.07271,low,mature,1
search.morling.dev,https://github.com/gunnarmorling/search.morling.dev,40,5,3117,Java,2020-06-18T12:51:07Z,2025-08-29T18:31:31Z,2,0,36,37404,0.512091,low,mature,1
inject,https://github.com/unnamed/inject,40,4,613,Java,2020-10-02T03:11:30Z,2026-03-23T22:44:08Z,0,0,228,7356,3.414878,medium,mature,10
epms,https://github.com/rawchen/epms,40,8,6482,Java,2020-09-03T15:00:42Z,2025-09-17T09:04:04Z,1,0,10,77784,0.147638,low,mature,1
KiwiClient,https://github.com/TangyKiwi/KiwiClient,40,4,40873,Java,2020-12-13T04:19:29Z,2026-01-01T16:30:29Z,0,0,407,490476,6.323149,medium,mature,2
swagger-tool,https://github.com/Pwhxbdk/swagger-tool,40,12,168,Java,2020-04-13T17:03:51Z,2026-03-22T04:57:31Z,1,0,11,2016,0.151794,low,mature,2
used-market-server,https://github.com/f-lab-edu/used-market-server,40,5,319,Java,2020-06-06T06:48:36Z,2025-08-10T23:16:41Z,13,4,148,3828,2.093352,medium,mature,37
sketch-frontend,https://github.com/asolarlez/sketch-frontend,40,8,69012,Java,2020-07-13T22:20:56Z,2026-03-24T02:59:51Z,4,4,3970,828144,57.177148,high,mature,8
Covid-19-Tracking-App-Microsoft-Student-Partner-Workshop-Learning-Materials-E03,https://github.com/soumyadip007/Covid-19-Tracking-App-Microsoft-Student-Partner-Workshop-Learning-Materials-E03,40,122,1343,Java,2020-04-24T19:24:39Z,2022-08-08T18:57:13Z,0,0,59,16116,0.818308,low,mature,3
OdTM,https://github.com/OWASP/OdTM,40,14,3257,Java,2020-09-01T13:42:11Z,2026-01-27T14:25:04Z,1,0,121,39084,1.784661,medium,mature,2
bookstore,https://github.com/kzj666/bookstore,40,13,16837,Java,2020-03-18T14:27:44Z,2025-12-21T01:19:45Z,0,2,21,202044,0.286234,low,mature,1
JavaDevGuide,https://github.com/ProceduralZC/JavaDevGuide,40,15,176,Java,2020-08-18T10:21:15Z,2026-03-21T04:21:31Z,0,0,39,2112,0.571289,low,mature,2
zksync-java,https://github.com/zksync-sdk/zksync-java,40,26,224,Java,2020-11-13T13:56:11Z,2025-08-31T07:03:01Z,4,0,144,2688,2.202958,medium,mature,6
spring-data-jpa,https://github.com/zempty-zhaoxuan/spring-data-jpa,40,16,2905,Java,2020-02-17T07:57:16Z,2026-03-24T23:49:22Z,0,0,21,34860,0.282385,low,mature,1
legend-sdlc,https://github.com/finos/legend-sdlc,40,122,7443,Java,2020-08-12T12:17:18Z,2026-03-27T16:42:11Z,13,29,1406,89316,20.53554,high,mature,108
cdp,https://github.com/kushu001/cdp,40,0,1285,Java,2020-07-08T13:40:26Z,2025-08-13T11:21:54Z,6,0,163,15420,2.340833,medium,mature,1
StockManager,https://github.com/averroes96/StockManager,40,7,27723,Java,2020-02-12T21:05:49Z,2025-09-11T14:42:34Z,0,1,140,332676,1.879195,medium,mature,2
keycloak-mysql-user-federation,https://github.com/kyrcha/keycloak-mysql-user-federation,40,21,196,Java,2020-05-29T07:45:28Z,2025-01-06T18:30:23Z,2,0,5,2352,0.070456,low,mature,1
ser321examples,https://github.com/amehlhase316/ser321examples,40,1095,96164,Java,2020-09-25T21:27:30Z,2026-03-18T20:16:11Z,4,3,69,1153968,1.030363,medium,mature,14
flutter_document_scanner,https://github.com/eliasteeny/flutter_document_scanner,40,28,82410,Java,2020-04-18T16:28:34Z,2025-07-15T12:02:34Z,18,1,36,988920,0.497696,low,mature,2
shopping_rest,https://github.com/kousen/shopping_rest,40,55,2614,Java,2020-02-06T09:00:53Z,2026-02-10T12:39:48Z,0,0,38,31368,0.508475,low,mature,1
avr-remote,https://github.com/pskiwi/avr-remote,40,8,462,Java,2020-09-03T14:43:13Z,2026-02-01T17:30:21Z,4,0,78,5544,1.151575,medium,mature,3
Java-Programs,https://github.com/amangit1314/Java-Programs,40,16,3665,Java,2020-08-18T11:58:26Z,2026-02-02T14:13:00Z,0,0,117,43980,1.713867,medium,mature,1
pathfinding,https://github.com/SvenWoltmann/pathfinding,40,24,1005,Java,2020-11-26T10:59:55Z,2026-03-27T17:12:31Z,1,2,465,12060,7.161191,medium,mature,1
Concurrent-Notes,https://github.com/wx-chevalier/Concurrent-Notes,40,7,621,Java,2020-03-26T01:51:11Z,2026-03-28T15:39:17Z,0,0,160,7452,2.188782,medium,mature,1
frgaal,https://github.com/eppleton/frgaal,39,5,1314716,Java,2020-09-04T08:20:29Z,2026-03-10T05:09:11Z,1,0,83917,15776592,1239.542097,high,mature,629
TUMGAD,https://github.com/ossner/TUMGAD,39,3,1872,Java,2020-02-19T19:55:40Z,2025-12-09T13:36:24Z,4,1,478,22464,6.436266,medium,mature,2
TikTok-guide,https://github.com/wangjiwang/TikTok-guide,39,11,27275,Java,2020-06-01T05:21:46Z,2026-01-20T13:22:31Z,0,0,52,327300,0.733772,low,mature,1
selling-partner-api-bootstrap,https://github.com/aws-samples/selling-partner-api-bootstrap,39,11,1178,Java,2020-12-17T09:54:01Z,2025-09-17T06:32:18Z,1,0,60,14136,0.934094,low,mature,16
AutoTBOXDataSystem,https://github.com/DolorHunter/AutoTBOXDataSystem,39,22,9223,Java,2020-12-02T09:28:40Z,2026-03-17T07:18:51Z,0,7,32,110676,0.494336,low,mature,1
H2MigrationTool,https://github.com/manticore-projects/H2MigrationTool,39,4,61283,Java,2020-09-16T15:16:25Z,2025-12-19T10:50:12Z,1,0,126,735396,1.872214,medium,mature,2
ddd-generic-java,https://github.com/Sofka-XT/ddd-generic-java,39,15,2484,Java,2020-02-20T18:37:52Z,2025-11-08T17:47:52Z,3,3,90,29808,1.212393,medium,mature,5
ReflectionFX,https://github.com/MeiVinEight/ReflectionFX,39,3,1507,Java,2020-03-26T03:37:26Z,2026-02-16T13:16:32Z,2,0,332,18084,4.541724,medium,mature,2
LiteSignIn,https://github.com/TRCStudioDean/LiteSignIn,39,39,456,Java,2020-06-27T06:04:56Z,2026-03-22T13:31:11Z,2,0,73,5472,1.042857,medium,mature,4
active4j,https://github.com/yunchaoyun/active4j,39,27,3642,Java,2020-03-26T06:32:46Z,2025-12-19T06:53:19Z,4,6,21,43704,0.287278,low,mature,1
minecraft-code-FoxBase,https://github.com/Enaium/minecraft-code-FoxBase,39,6,385,Java,2020-03-08T10:04:33Z,2026-02-25T21:49:52Z,0,0,99,4620,1.343284,medium,mature,1
TRF-Chat,https://github.com/The-Robotics-Forum/TRF-Chat,39,2,216,Java,2020-08-31T11:58:11Z,2025-06-01T18:55:06Z,4,0,8,2592,0.117936,low,mature,5
seckill,https://github.com/Heroicai0101/seckill,39,27,244,Java,2020-03-22T12:29:03Z,2026-02-13T05:02:22Z,0,0,2,2928,0.02731,low,mature,1
leetcode,https://github.com/redsun9/leetcode,39,3,48630,Java,2020-02-25T10:01:32Z,2026-01-25T01:26:19Z,1,0,2854,583560,38.51552,high,mature,1
redis-kit,https://github.com/jsrdxzw/redis-kit,39,7,128,Java,2020-05-24T04:20:12Z,2025-11-23T00:10:45Z,0,0,43,1536,0.604499,low,mature,1
jmeter-as-code,https://github.com/anasoid/jmeter-as-code,39,4,2581,Java,2020-09-15T12:26:40Z,2025-12-07T16:28:48Z,7,10,1424,30972,21.148515,high,mature,2
okafka,https://github.com/oracle/okafka,39,19,1842,Java,2020-04-24T21:12:09Z,2026-01-21T07:36:10Z,6,4,370,22104,5.131761,medium,mature,1753
SpringWebAPI,https://github.com/fawad1997/SpringWebAPI,39,50,279,Java,2020-04-14T10:43:44Z,2026-02-11T16:32:21Z,0,1,48,3348,0.662374,low,mature,1
The-Aether-Archived,https://github.com/The-Aether-Team/The-Aether-Archived,39,28,16595,Java,2020-12-04T16:00:18Z,2026-03-03T11:47:49Z,77,2,917,199140,14.180412,high,mature,6
marketing-api-java-sdk,https://github.com/TencentAd/marketing-api-java-sdk,39,16,22278,Java,2020-05-26T07:32:11Z,2026-03-28T09:31:34Z,32,2,455,267336,6.402439,medium,mature,2
chat-up,https://github.com/gnembon/chat-up,39,7,650,Java,2020-03-15T20:27:22Z,2025-03-06T20:42:12Z,4,1,23,7800,0.313209,low,mature,5
AXWaveAnimation,https://github.com/Aghajari/AXWaveAnimation,39,18,8118,Java,2020-12-27T19:50:49Z,2026-01-19T03:57:08Z,0,0,11,97416,0.172234,low,mature,1
camel-karaf,https://github.com/apache/camel-karaf,39,63,19428,Java,2020-03-14T09:48:41Z,2026-03-18T08:29:48Z,3,1,1814,233136,24.680272,high,mature,86
DuDu,https://github.com/eisuto/DuDu,39,10,216,Java,2020-04-08T11:53:45Z,2025-05-24T10:32:48Z,3,1,22,2592,0.302752,low,mature,1
L2jOrg,https://github.com/L2jOrg/L2jOrg,39,28,86101,Java,2020-06-08T04:55:05Z,2026-02-10T05:56:45Z,44,3,2241,1033212,31.72723,high,mature,5
KeyboardFX,https://github.com/dlsc-software-consulting-gmbh/KeyboardFX,39,7,495,Java,2020-11-18T10:08:21Z,2026-02-03T17:48:38Z,0,0,29,5940,0.444785,low,mature,2
netty-gatewayDemo,https://github.com/freedom-xiao007/netty-gatewayDemo,39,11,289,Java,2020-10-30T03:07:05Z,2026-02-01T11:28:38Z,0,0,24,3468,0.364557,low,mature,1
cos-snippets,https://github.com/tencentyun/cos-snippets,39,58,22225,Java,2020-08-05T03:16:38Z,2026-03-17T12:46:13Z,7,1,180,266700,2.620087,medium,mature,60
SpringMVC-RESTful-Web-Services,https://github.com/rajsingha/SpringMVC-RESTful-Web-Services,39,63,216,Java,2020-04-26T11:56:33Z,2026-02-24T21:43:14Z,0,1,47,2592,0.652174,low,mature,1
classic,https://github.com/l1j-en/classic,39,48,64576,Java,2020-07-05T02:57:32Z,2026-02-22T23:54:47Z,54,0,5508,774912,78.986616,high,mature,3
spring-data-starter,https://github.com/DataStax-Examples/spring-data-starter,39,33,1919,Java,2020-08-20T13:15:45Z,2025-02-21T21:56:54Z,0,0,101,23028,1.480938,medium,mature,8
polyglot-live-programming,https://github.com/hpi-swa/polyglot-live-programming,39,2,525,Java,2020-10-08T08:06:35Z,2025-10-19T00:52:59Z,0,0,57,6300,0.856284,low,mature,16
spring-mvc-and-webflux,https://github.com/Apress/spring-mvc-and-webflux,39,34,2598,Java,2020-09-02T22:23:10Z,2026-03-15T13:32:49Z,1,0,6,31176,0.088583,low,mature,2
spring-k8s-cassandra-microservices,https://github.com/datastax-archive/spring-k8s-cassandra-microservices,39,17,536,Java,2020-06-10T15:22:31Z,2026-03-17T20:00:02Z,0,2,22,6432,0.311762,low,mature,2
Duelers,https://github.com/Duelers/Duelers,39,12,111819,Java,2020-02-01T17:24:31Z,2025-06-05T04:01:58Z,72,15,454,1341828,6.064114,medium,mature,11
immudb4j,https://github.com/codenotary/immudb4j,39,13,16536,Java,2020-08-10T15:39:23Z,2026-01-26T13:07:41Z,12,1,246,198432,3.589494,medium,mature,10
XDCC-AutoDL,https://github.com/Vodes/XDCC-AutoDL,39,1,339,Java,2020-05-13T18:44:13Z,2026-01-21T09:00:48Z,0,0,39,4068,0.545709,low,mature,1
StoreManagementSystem,https://github.com/sajdoko/StoreManagementSystem,39,21,2441,Java,2020-12-19T10:43:30Z,2026-02-25T18:35:07Z,0,0,36,29292,0.561039,low,mature,1
AnimatedBottomBar,https://github.com/achmadqomarudin/AnimatedBottomBar,39,10,1367,Java,2020-06-27T14:29:43Z,2025-11-17T05:54:11Z,0,0,2,16404,0.028571,low,mature,1
player-events,https://github.com/IotaBread/player-events,39,9,454,Java,2020-08-23T21:03:26Z,2025-10-24T05:32:53Z,18,1,163,5448,2.394711,medium,mature,2
kafka-with-microservices,https://github.com/hakdogan/kafka-with-microservices,39,13,1080,Java,2020-08-17T20:24:36Z,2025-09-04T14:59:25Z,0,0,22,12960,0.322266,low,mature,1
SvAnna,https://github.com/monarch-initiative/SvAnna,39,4,9271,Java,2020-07-12T16:54:49Z,2025-11-29T06:40:13Z,9,2,912,111252,13.128599,high,mature,13
CollegeMaterials,https://github.com/mkassm/CollegeMaterials,39,14,1532003,Java,2020-01-17T18:51:58Z,2026-01-24T18:02:50Z,0,0,72,18384036,0.95533,low,mature,2
Android-development-with-example,https://github.com/FirstVoyager/Android-development-with-example,39,11,31047,Java,2020-05-29T12:33:20Z,2025-10-21T05:02:29Z,0,0,32,372564,0.450916,low,mature,2
spanner-schema-diff-tool,https://github.com/cloudspannerecosystem/spanner-schema-diff-tool,39,21,459,Java,2020-04-21T11:59:53Z,2026-03-06T15:26:12Z,9,5,171,5508,2.367328,medium,mature,18
HeadDatabase-API,https://github.com/Arcaniax-Development/HeadDatabase-API,39,8,509,Java,2020-09-11T13:18:19Z,2026-03-01T07:50:43Z,7,2,121,6108,1.793478,medium,mature,4
java-a-beginners-guide-herbert-schildt,https://github.com/pavel-rossinsky/java-a-beginners-guide-herbert-schildt,39,19,492,Java,2020-04-11T17:17:40Z,2026-03-05T11:45:39Z,7,0,392,5904,5.404412,medium,mature,1
PrivacyDog,https://github.com/hluwa/PrivacyDog,39,3,111,Java,2020-07-23T02:26:35Z,2026-03-17T18:47:32Z,0,0,33,1332,0.477338,low,mature,2
Cumulus,https://github.com/GeyserMC/Cumulus,39,9,399,Java,2020-12-01T22:49:58Z,2025-12-07T22:45:57Z,2,1,64,4788,0.988671,low,mature,17
base-service,https://github.com/xdmdcp/base-service,39,13,545,Java,2020-01-24T17:11:33Z,2026-02-17T09:55:16Z,0,6,24,6540,0.319432,low,mature,1
LXStudio-IDE,https://github.com/heronarts/LXStudio-IDE,39,24,63095,Java,2020-04-23T00:42:48Z,2025-08-13T11:21:36Z,0,0,51,757140,0.706697,low,mature,5
shopify,https://github.com/uniVocity/shopify,39,6,2210,Java,2020-02-13T16:53:01Z,2026-03-18T16:13:37Z,4,2,82,26520,1.100671,medium,mature,3
akasha,https://github.com/akasha/akasha,39,2,15959,Java,2020-03-07T04:39:14Z,2026-02-09T01:06:46Z,21,0,3307,191508,44.850814,high,mature,1
jdk15,https://github.com/openjdk/jdk15,39,17,304240,Java,2020-06-12T04:16:44Z,2025-01-08T21:06:18Z,0,0,59984,3650880,850.836879,high,mature,451
LeetCode,https://github.com/victorchennn/LeetCode,39,6,1806,Java,2020-04-18T21:06:02Z,2026-03-09T11:19:06Z,0,0,68,21672,0.940526,low,mature,1
30DaysOfJava,https://github.com/dotQuestionmark/30DaysOfJava,39,21,627,Java,2020-04-30T17:06:50Z,2026-03-10T23:27:46Z,0,1,402,7524,5.591099,medium,mature,5
JSP-Presentation,https://github.com/RyanWangPersonalTeam/JSP-Presentation,39,13,7755,Java,2020-08-03T06:56:13Z,2025-02-26T14:26:24Z,0,23,39,93060,0.567135,low,mature,1
1.15-Tut-Mod,https://github.com/DaRealTurtyWurty/1.15-Tut-Mod,39,21,3235,Java,2020-02-25T18:44:25Z,2025-11-25T08:28:01Z,1,1,64,38820,0.864086,low,mature,2
camel-plantuml,https://github.com/ncasaux/camel-plantuml,39,7,241,Java,2020-11-06T15:17:57Z,2025-11-12T09:42:22Z,1,0,130,2892,1.981707,medium,mature,3
atlassian-slack-integration-server,https://github.com/atlassian-labs/atlassian-slack-integration-server,39,28,2335,Java,2020-06-12T23:31:00Z,2026-02-19T17:21:51Z,53,4,551,28020,7.8193,medium,mature,41
flink-spillable-statebackend,https://github.com/realtime-storage-engine/flink-spillable-statebackend,39,10,188,Java,2020-04-30T09:45:55Z,2024-10-22T09:36:38Z,3,2,9,2256,0.125116,low,mature,3
WhatsJava,https://github.com/Louuke/WhatsJava,39,16,13353,Java,2020-08-06T22:40:29Z,2025-12-29T07:03:19Z,9,0,44,160236,0.641088,low,mature,1
orion-server,https://github.com/MapleStoryA/orion-server,39,29,37641,Java,2020-06-20T15:29:27Z,2025-12-15T01:18:48Z,3,1,244,451692,3.474134,medium,mature,1
Oauth2Secure-microservices-architecture-apiGateway-springCloud-netflixOSS-PostgreSQL-full-demo,https://github.com/amran-bd/Oauth2Secure-microservices-architecture-apiGateway-springCloud-netflixOSS-PostgreSQL-full-demo,39,50,88,Java,2020-09-01T16:58:53Z,2026-02-05T01:24:19Z,4,0,6,1056,0.088539,low,mature,1
K6nele-service,https://github.com/Kaljurand/K6nele-service,39,0,262,Java,2020-07-18T13:29:38Z,2026-02-10T11:10:13Z,5,1,28,3144,0.40404,low,mature,1
termux-launcher,https://github.com/rajpar29/termux-launcher,39,6,1462,Java,2020-04-19T15:17:08Z,2026-03-21T18:26:38Z,0,0,21,17544,0.290456,low,mature,1
josson,https://github.com/octomix/josson,39,9,1241,Java,2020-12-26T01:39:09Z,2025-08-13T11:22:27Z,0,2,245,14892,3.832117,medium,mature,3
AdvancementInfo,https://github.com/gbl/AdvancementInfo,39,35,1365,Java,2020-08-22T18:02:57Z,2025-11-04T10:27:19Z,20,0,71,16380,1.042584,medium,mature,12
T2-FHE-Compiler-and-Benchmarks,https://github.com/TrustworthyComputing/T2-FHE-Compiler-and-Benchmarks,39,6,4747,Java,2020-08-27T20:43:23Z,2025-10-26T14:09:01Z,0,0,303,56964,4.460255,medium,mature,3
orihimeMod,https://github.com/undertrox/orihimeMod,39,10,4211,Java,2020-04-30T21:22:46Z,2026-01-20T14:40:33Z,1,0,88,50532,1.223922,medium,mature,1
cucumber-junit5-example,https://github.com/cronn/cucumber-junit5-example,39,16,715,Java,2020-08-25T12:04:01Z,2026-03-09T02:27:16Z,1,33,243,8580,3.571779,medium,mature,5
kafka-connect-jdbc-sink,https://github.com/ibm-messaging/kafka-connect-jdbc-sink,39,27,133,Java,2020-04-09T08:11:35Z,2025-05-23T02:46:00Z,13,1,93,1596,1.280404,medium,mature,14
springboot-vue-online-mall,https://github.com/tablu666/springboot-vue-online-mall,39,8,33435,Java,2020-09-09T14:37:56Z,2026-03-04T15:05:23Z,1,0,21,401220,0.310958,low,mature,1
drink-and-delight,https://github.com/Gagandeep39/drink-and-delight,39,31,5816,Java,2020-10-27T18:24:00Z,2026-03-04T09:26:35Z,4,0,543,69792,8.239757,medium,mature,3
SkyblockCore,https://github.com/IllusionTheDev/SkyblockCore,39,9,22305,Java,2020-12-15T15:07:03Z,2026-03-16T06:34:01Z,1,4,338,267660,5.25661,medium,mature,4
MultiProtocol,https://github.com/IceSoulHanxi/MultiProtocol,38,5,9551,Java,2020-06-16T03:15:14Z,2025-06-06T17:10:09Z,1,0,2,114612,0.028423,low,mature,1
EcommerceApp,https://github.com/teixeira-fernando/EcommerceApp,38,6,574,Java,2020-09-11T22:55:08Z,2025-05-27T08:49:52Z,2,11,402,6888,5.961443,medium,mature,2
jsongenerator,https://github.com/jimblackler/jsongenerator,38,9,161,Java,2020-09-06T20:42:15Z,2025-11-05T14:47:00Z,5,0,103,1932,1.523669,medium,mature,5
EasiestSqlLibrary,https://github.com/p32929/EasiestSqlLibrary,38,7,166,Java,2020-03-28T10:24:15Z,2025-03-25T13:51:33Z,1,0,26,1992,0.356002,low,mature,2
rainbow-fart-tts,https://github.com/jadepeng/rainbow-fart-tts,38,9,1646,Java,2020-06-29T03:32:54Z,2026-03-01T12:29:00Z,1,0,3,19752,0.042898,low,mature,1
XGlow,https://github.com/Xezard/XGlow,38,13,8067,Java,2020-10-30T21:04:27Z,2025-10-30T09:31:31Z,4,2,112,96804,1.702128,medium,mature,3
api-android,https://github.com/organicmaps/api-android,38,14,648,Java,2020-12-27T19:04:31Z,2026-03-09T14:25:35Z,5,0,55,7776,0.861169,low,mature,16
Orion-Stress-Tester,https://github.com/MirrenTools/Orion-Stress-Tester,38,14,2441,Java,2020-02-17T15:15:57Z,2025-04-15T04:20:43Z,0,3,11,29292,0.147916,low,mature,1
WildLoaders,https://github.com/BG-Software-LLC/WildLoaders,38,18,7716,Java,2020-08-14T22:17:00Z,2026-03-20T12:34:57Z,6,0,249,92592,3.642126,medium,mature,3
KaizPatchX,https://github.com/Kai-Z-JP/KaizPatchX,38,7,16290,Java,2020-12-22T16:08:05Z,2026-03-11T19:25:34Z,39,6,821,195480,12.814776,high,mature,6
lsp4jakarta,https://github.com/eclipse-lsp4jakarta/lsp4jakarta,38,57,9073,Java,2020-09-16T20:15:23Z,2026-03-23T10:35:36Z,227,17,653,108876,9.707631,medium,mature,52
enterprise,https://github.com/hub058/enterprise,38,8,14646,Java,2020-06-04T07:27:16Z,2025-12-29T10:10:29Z,1,10,4,175752,0.056524,low,mature,1
mcosm,https://github.com/BleachDev/mcosm,38,6,1669,Java,2020-04-20T05:50:03Z,2025-12-18T20:11:43Z,6,0,80,20028,1.107011,medium,mature,1
opa-java-client,https://github.com/Bisnode/opa-java-client,38,9,202,Java,2020-01-29T09:56:34Z,2025-07-20T00:17:27Z,4,6,99,2424,1.32,medium,mature,11
Dbuz,https://github.com/ANASDAVOODTK/Dbuz,38,10,47536,Java,2020-12-14T10:12:14Z,2025-11-20T11:32:46Z,0,0,47,570432,0.73057,low,mature,5
SlashBlade_2,https://github.com/flammpfeil/SlashBlade_2,38,41,5124,Java,2020-03-08T12:04:15Z,2026-02-03T04:17:07Z,53,3,108,61488,1.4654,medium,mature,1
LiveChat,https://github.com/Giyn/LiveChat,38,2,10376,Java,2020-12-16T03:26:38Z,2025-11-29T03:53:09Z,1,0,20,124512,0.311203,low,mature,1
movie_kg,https://github.com/jiangnanboy/movie_kg,38,9,2811,Java,2020-08-12T15:05:14Z,2025-12-16T02:12:35Z,6,0,66,33732,0.963973,low,mature,1
books-api,https://github.com/Project-Books/books-api,38,62,706,Java,2020-11-18T18:16:48Z,2026-02-28T15:49:14Z,14,1,470,8472,7.212276,medium,mature,14
Cloudsim-FCFS-SJF-RR-PSO-,https://github.com/AtheerAlgherairy/Cloudsim-FCFS-SJF-RR-PSO-,38,12,1549,Java,2020-12-12T12:55:53Z,2026-01-20T16:30:27Z,1,0,4,18588,0.062112,low,mature,1
BottomNavigationBar,https://github.com/vejei/BottomNavigationBar,38,9,471,Java,2020-12-29T14:15:51Z,2026-02-01T08:30:50Z,4,0,37,5652,0.579634,low,mature,1
Disable-Battery-Optimizations,https://github.com/pvsvamsi/Disable-Battery-Optimizations,38,75,22063,Java,2020-09-01T10:05:35Z,2026-02-11T14:22:15Z,12,7,44,264756,0.648968,low,mature,2
tuya-ui-bizbundle-android-demo,https://github.com/tuya/tuya-ui-bizbundle-android-demo,38,23,1207,Java,2020-11-12T02:31:18Z,2026-03-21T12:43:24Z,2,0,125,14484,1.911315,medium,mature,10
azure-functions-samples-java,https://github.com/Azure-Samples/azure-functions-samples-java,38,78,484,Java,2020-02-14T03:52:43Z,2025-07-19T00:33:18Z,3,1,68,5808,0.91316,low,mature,3506
material-smart-rating,https://github.com/vimalcvs/material-smart-rating,38,19,34226,Java,2020-09-20T16:05:38Z,2025-06-02T07:34:22Z,0,0,86,410712,1.280397,medium,mature,1
SceneryView,https://github.com/youlookwhat/SceneryView,38,10,688,Java,2020-01-16T09:34:27Z,2025-12-17T21:22:25Z,0,0,51,8256,0.676094,low,mature,1
ExCamera,https://github.com/ConvergenceSoftware/ExCamera,38,10,57169,Java,2020-11-23T03:32:52Z,2026-01-28T02:30:20Z,3,0,31,686028,0.476679,low,mature,3
apim-analytics-publisher,https://github.com/wso2/apim-analytics-publisher,38,51,968,Java,2020-12-17T07:31:17Z,2026-03-07T11:51:23Z,0,5,565,11616,8.796056,medium,mature,709
ContractTestingBoilerplate,https://github.com/SrinivasanTarget/ContractTestingBoilerplate,38,27,260,Java,2020-04-11T14:14:31Z,2026-03-14T17:30:10Z,4,11,76,3120,1.047313,medium,mature,3
android10DownFile,https://github.com/CMzhizhe/android10DownFile,38,11,136,Java,2020-03-17T06:45:11Z,2023-09-07T06:56:11Z,2,0,4,1632,0.054496,low,mature,1
mxreflection,https://github.com/Ismail-Mekni/mxreflection,38,0,680,Java,2020-09-07T22:22:46Z,2025-07-26T15:37:50Z,0,0,93,8160,1.376418,medium,mature,1
jooq-meta-postgres-flyway,https://github.com/sabomichal/jooq-meta-postgres-flyway,38,9,290,Java,2020-08-30T12:10:46Z,2026-01-29T13:17:23Z,0,5,361,3480,5.319253,medium,mature,4
alibabacloud-kms-demo,https://github.com/aliyun/alibabacloud-kms-demo,38,9,123,Java,2020-01-15T08:44:26Z,2026-01-30T04:22:01Z,0,0,21,1476,0.278269,low,mature,8
UseBlessingSkin,https://github.com/hank9999/UseBlessingSkin,38,1,200,Java,2020-06-25T11:43:37Z,2026-02-07T15:17:34Z,0,1,70,2400,0.999049,low,mature,1
HA_FJSP,https://github.com/zll-hust/HA_FJSP,38,17,12546,Java,2020-08-02T06:36:10Z,2026-02-19T15:19:34Z,0,0,9,150552,0.130814,low,mature,1
cloud-native-java-2020,https://github.com/joshlong-attic/cloud-native-java-2020,38,11,176,Java,2020-09-27T10:00:31Z,2023-05-20T17:23:56Z,0,0,35,2112,0.522908,low,mature,1
RxSchedulerSuppress,https://github.com/YvesCheung/RxSchedulerSuppress,38,4,205,Java,2020-07-06T12:14:48Z,2025-12-01T11:16:54Z,2,0,30,2460,0.430416,low,mature,1
filesync,https://github.com/lazlaz/filesync,38,15,3066,Java,2020-07-09T09:12:23Z,2026-01-13T11:04:03Z,0,1,28,36792,0.402299,low,mature,1
JavaCardKeymaster,https://github.com/divegeek/JavaCardKeymaster,38,26,5270,Java,2020-02-20T16:19:36Z,2026-02-19T09:31:04Z,4,2,782,63240,10.529623,high,mature,7
BetterChairs,https://github.com/SpraxDev/BetterChairs,38,6,9183,Java,2020-05-06T03:27:49Z,2026-03-02T12:51:33Z,7,1,554,110196,7.723048,medium,mature,5
auto,https://github.com/Priytam/auto,38,1,1585,Java,2020-05-30T03:05:32Z,2024-10-02T12:12:13Z,5,0,109,19020,1.536654,medium,mature,4
springboot-vue-blog,https://github.com/doukangtai/springboot-vue-blog,38,9,3143,Java,2020-08-08T14:59:49Z,2025-10-05T12:11:04Z,1,0,24,37716,0.349854,low,mature,1
Algorithms-Princeton-Combined,https://github.com/hishamcse/Algorithms-Princeton-Combined,38,10,381329,Java,2020-07-25T13:11:46Z,2026-02-07T05:08:20Z,0,0,142,4575948,2.055985,medium,mature,1
ADSuyiSdkDemo-Android,https://github.com/ADSuyi/ADSuyiSdkDemo-Android,38,13,1283,Java,2020-04-27T01:45:41Z,2025-06-16T08:03:32Z,0,0,3,15396,0.041647,low,mature,0
Plant-App-UI,https://github.com/achmadqomarudin/Plant-App-UI,38,10,23190,Java,2020-12-20T13:53:30Z,2026-03-06T13:24:50Z,0,0,6,278280,0.093555,low,mature,1
jarjar-abrams,https://github.com/eed3si9n/jarjar-abrams,38,25,4550,Java,2020-05-24T18:38:39Z,2026-02-23T02:14:06Z,9,2,347,54600,4.88045,medium,mature,34
java-algorithms-data-structures,https://github.com/metanet/java-algorithms-data-structures,38,13,212,Java,2020-03-02T08:38:46Z,2026-02-18T04:08:03Z,0,0,18,2544,0.243572,low,mature,2
HungerGames,https://github.com/ShaneBeeStudios/HungerGames,38,35,1458,Java,2020-04-14T22:24:15Z,2026-02-18T00:28:40Z,2,0,758,17496,10.464795,high,mature,3
PCNGateway-Java-SDK,https://github.com/BSNDA/PCNGateway-Java-SDK,38,15,22852,Java,2020-06-30T09:24:53Z,2025-09-19T06:49:58Z,2,1,60,274224,0.858369,low,mature,7
gdx-websockets,https://github.com/MrStahlfelge/gdx-websockets,38,11,184,Java,2020-11-17T21:47:56Z,2026-03-01T02:17:48Z,8,4,45,2208,0.690184,low,mature,5
react-native-wechat,https://github.com/uiwjs/react-native-wechat,38,5,4675,Java,2020-08-01T10:42:33Z,2025-12-26T05:03:44Z,3,11,27,56100,0.392252,low,mature,6
HadEnoughItems,https://github.com/CleanroomMC/HadEnoughItems,38,26,5191,Java,2020-09-26T01:01:56Z,2026-03-17T11:19:25Z,28,5,1637,62292,24.444998,high,mature,27
Loom,https://github.com/LoomDev/Loom,38,5,29774,Java,2020-07-05T15:36:19Z,2024-11-19T11:51:46Z,1,0,261,357288,3.74283,medium,mature,4
GodzillaSource,https://github.com/Slzdude/GodzillaSource,38,18,1519,Java,2020-08-26T17:41:50Z,2024-11-01T02:37:56Z,0,0,6,18228,0.088279,low,mature,1
HotCorners,https://github.com/AsishRaju/HotCorners,38,1,5324,Java,2020-02-05T15:23:11Z,2026-01-05T07:47:26Z,6,0,19,63888,0.254124,low,mature,1
Flip_Digit,https://github.com/aldrek/Flip_Digit,38,6,1377,Java,2020-03-31T21:48:30Z,2026-01-20T09:12:21Z,0,0,46,16524,0.631001,low,mature,1
SpeechRecognitionAI,https://github.com/viktorvano/SpeechRecognitionAI,38,2,69766,Java,2020-06-19T17:23:42Z,2025-10-19T05:54:37Z,0,0,392,837192,5.581395,medium,mature,1
StardewValleyTool,https://github.com/roadwide/StardewValleyTool,38,2,521,Java,2020-04-03T10:58:53Z,2025-12-22T16:15:18Z,1,0,3,6252,0.04119,low,mature,1
workshop-spring-data-cassandra,https://github.com/datastax-archive/workshop-spring-data-cassandra,38,35,9371,Java,2020-12-10T13:39:20Z,2026-03-17T19:58:55Z,0,1,28,112452,0.434333,low,mature,5
MyLibreLab,https://github.com/MyLibreLab/MyLibreLab,38,8,50212,Java,2020-04-17T10:34:58Z,2026-03-24T23:16:39Z,28,1,240,602544,3.316444,medium,mature,12
WoPeD,https://github.com/woped/WoPeD,38,23,726749,Java,2020-05-04T09:50:03Z,2026-03-17T08:54:00Z,31,0,3368,8720988,46.908078,high,mature,23
MapDrawDemo,https://github.com/xuezhongyang/MapDrawDemo,38,11,192,Java,2020-07-30T10:25:38Z,2025-09-05T06:47:23Z,0,0,6,2304,0.087083,low,mature,1
gekko,https://github.com/jobop/gekko,38,15,372,Java,2020-07-11T09:31:11Z,2025-01-17T16:06:57Z,0,4,39,4464,0.560882,low,mature,1
CoordinatesObfuscator,https://github.com/cavallium/CoordinatesObfuscator,38,3,95,Java,2020-07-06T15:57:07Z,2026-03-15T21:59:12Z,2,0,56,1140,0.803443,low,mature,4
android-course-design,https://github.com/xiaoyou-project/android-course-design,38,9,37973,Java,2020-12-19T06:04:54Z,2025-12-16T11:58:34Z,1,0,28,455676,0.436364,low,mature,2
SerialPortPlus,https://github.com/azhon/SerialPortPlus,38,13,211,Java,2020-07-30T06:56:14Z,2025-12-03T01:47:48Z,0,0,7,2532,0.101597,low,mature,1
bubbles,https://github.com/StevenReiss/bubbles,38,1,224687,Java,2020-05-14T12:11:06Z,2026-03-26T22:04:33Z,1,0,497,2696244,6.954291,medium,mature,1
second-edition,https://github.com/bdd-in-action/second-edition,38,23,15352,Java,2020-08-30T17:00:50Z,2026-02-28T01:27:12Z,0,0,108,184224,1.592138,medium,mature,2
tuling-mall,https://github.com/wjdcrw/tuling-mall,38,35,8533,Java,2020-12-16T13:45:29Z,2024-11-25T11:31:17Z,1,0,16,102396,0.248963,low,mature,1
courier-demo,https://github.com/fraktalio/courier-demo,38,18,3959,Java,2020-08-14T16:02:14Z,2025-05-21T19:23:48Z,1,6,417,47508,6.096491,medium,mature,1
aaa4j-radius,https://github.com/aaa4j/aaa4j-radius,38,16,492,Java,2020-10-31T21:06:29Z,2026-03-02T06:39:13Z,6,0,60,5904,0.912316,low,mature,1
covid19-stream-processors,https://github.com/SolaceLabs/covid19-stream-processors,38,13,516,Java,2020-03-20T15:04:44Z,2026-03-13T11:32:11Z,0,0,54,6192,0.736698,low,mature,6
cloudx,https://github.com/chachae/cloudx,38,29,1568,Java,2020-04-13T12:08:18Z,2026-03-17T07:18:25Z,1,0,29,18816,0.4,low,mature,1
Mal4J,https://github.com/KatsuteDev/Mal4J,38,5,7566,Java,2020-11-21T21:09:54Z,2026-03-24T20:27:55Z,0,0,600,90792,9.221311,medium,mature,2
CanvasX,https://github.com/wuyr/CanvasX,38,3,58585,Java,2020-08-29T07:50:39Z,2026-01-20T09:13:54Z,0,0,9,703020,0.132548,low,mature,1
EnchantmentsPlus,https://github.com/Geolykt/EnchantmentsPlus,38,15,903,Java,2020-08-29T16:12:30Z,2026-03-26T12:57:23Z,8,0,258,10836,3.799705,medium,mature,6
hive-mr3,https://github.com/mr3project/hive-mr3,38,7,440400,Java,2020-02-03T13:35:08Z,2026-01-17T12:53:40Z,0,4,18100,5284800,241.870824,high,mature,418
disaster-radio-android,https://github.com/beegee-tokyo/disaster-radio-android,38,3,36180,Java,2020-02-06T08:32:06Z,2026-01-04T01:58:23Z,0,0,29,434160,0.388046,low,mature,4
EIE,https://github.com/im1235/EIE,38,17,192,Java,2020-01-14T23:29:17Z,2026-02-24T10:30:24Z,0,0,2,2304,0.026502,low,mature,1
cxf-codegen-gradle,https://github.com/ciscoo/cxf-codegen-gradle,38,6,8137,Java,2020-10-08T03:47:14Z,2026-03-05T13:30:13Z,3,4,682,97644,10.245368,high,mature,3
QRzxingScan,https://github.com/kangzhou/QRzxingScan,38,4,607,Java,2020-05-21T10:41:07Z,2024-07-04T05:28:17Z,2,0,6,7284,0.08423,low,mature,1
spring-selenium,https://github.com/vinsguru/spring-selenium,38,73,114,Java,2020-05-16T21:23:30Z,2025-08-08T04:17:36Z,0,0,31,1368,0.434376,low,mature,1
java-pubsublite,https://github.com/googleapis/java-pubsublite,38,25,8104,Java,2020-04-09T16:25:14Z,2026-03-23T22:45:19Z,11,20,1730,97248,23.818265,high,mature,53
Programas,https://github.com/Tomvargas/Programas,38,6,179,Java,2020-12-17T00:55:58Z,2025-09-30T10:03:39Z,0,0,58,2148,0.902958,low,mature,2
RetrofitHelper,https://github.com/jenly1314/RetrofitHelper,38,8,8200,Java,2020-05-30T11:50:40Z,2026-01-21T06:38:54Z,0,0,25,98400,0.352444,low,mature,1
android-network-survey-rooted,https://github.com/christianrowlands/android-network-survey-rooted,38,12,5882,Java,2020-07-08T20:31:29Z,2026-03-06T18:08:05Z,2,0,141,70584,2.025862,medium,mature,5
PaniK,https://github.com/MaxwellDPS/PaniK,38,13,19650,Java,2020-08-31T03:37:24Z,2026-03-19T06:58:39Z,3,0,12,235800,0.176904,low,mature,1
EmendatusEnigmatica,https://github.com/Ridanisaurus/EmendatusEnigmatica,38,16,6651,Java,2020-08-04T09:21:11Z,2024-01-04T15:54:10Z,24,0,376,79812,5.470417,medium,mature,10
example-spring-boot,https://github.com/CRaC/example-spring-boot,38,17,203,Java,2020-05-15T07:26:49Z,2025-11-30T00:12:48Z,4,2,41,2436,0.573962,low,mature,5
manning-kube-native-microservices,https://github.com/jclingan/manning-kube-native-microservices,38,25,632,Java,2020-05-09T19:26:35Z,2025-09-12T20:29:39Z,1,0,85,7584,1.187151,medium,mature,2
IoPC,https://github.com/maksimkurb/IoPC,38,0,1922,Java,2020-07-15T07:21:53Z,2026-02-05T17:22:39Z,3,0,16,23064,0.230548,low,mature,1
micropolis,https://github.com/dheid/micropolis,38,5,2111,Java,2020-03-05T10:11:47Z,2026-03-18T19:16:18Z,8,2,454,25332,6.151762,medium,mature,1
MeetingApp,https://github.com/achmadqomarudin/MeetingApp,37,12,3006,Java,2020-10-22T15:50:14Z,2025-05-16T15:56:21Z,3,0,6,36072,0.090772,low,mature,1
spring-cloud-learning,https://github.com/Yufeng0918/spring-cloud-learning,37,29,2051,Java,2020-04-17T02:17:34Z,2023-12-15T07:34:18Z,0,0,50,24612,0.690926,low,mature,1
WeTabLayout,https://github.com/WangcWj/WeTabLayout,37,6,204,Java,2020-01-20T09:14:04Z,2026-03-11T09:27:22Z,3,0,22,2448,0.292165,low,mature,2
Mybatis-Study,https://github.com/Donkequan/Mybatis-Study,37,37,92,Java,2020-03-30T14:41:03Z,2025-04-28T03:31:10Z,2,0,3,1104,0.041115,low,mature,1
GregTech6-Unofficial,https://github.com/GregTech6-Unofficial/GregTech6-Unofficial,37,13,9155,Java,2020-02-04T14:35:34Z,2026-03-09T14:17:39Z,37,0,382,109860,5.106952,medium,mature,6
Sushida,https://github.com/Kamesuta/Sushida,37,3,236,Java,2020-10-13T02:57:18Z,2026-03-11T08:31:59Z,1,0,89,2832,1.340361,medium,mature,2
DBMS_ARIES,https://github.com/yixuaz/DBMS_ARIES,37,11,98,Java,2020-05-29T01:13:39Z,2024-12-25T06:15:50Z,0,0,18,1176,0.25364,low,mature,1
Argon2,https://github.com/signalapp/Argon2,37,21,263,Java,2020-01-13T16:12:13Z,2025-09-27T20:27:07Z,1,0,15,3156,0.198588,low,mature,53
TheAPI,https://github.com/TheDevTec/TheAPI,37,7,422902,Java,2020-01-11T17:58:04Z,2026-03-21T20:59:41Z,1,0,188,5074824,2.487869,medium,mature,4
SubtitlesView,https://github.com/silladus/SubtitlesView,37,5,1278,Java,2020-03-23T16:41:26Z,2024-07-03T11:51:22Z,1,0,3,15336,0.040984,low,mature,1
garbage-collection,https://github.com/diaomina/garbage-collection,37,16,4521,Java,2020-02-10T14:04:23Z,2026-03-06T06:06:39Z,0,11,5,54252,0.067024,low,mature,1
WalletCount,https://github.com/GittyMac/WalletCount,37,8,2672,Java,2020-05-05T00:58:18Z,2026-01-04T05:07:52Z,5,0,40,32064,0.557362,low,mature,4
scalatest-junit-runner,https://github.com/helmethair-co/scalatest-junit-runner,37,10,368,Java,2020-02-28T20:43:39Z,2024-05-27T01:54:36Z,5,3,290,4416,3.920685,medium,mature,7
sample-quarkus-microservices-consul,https://github.com/piomin/sample-quarkus-microservices-consul,37,20,285,Java,2020-11-24T09:48:07Z,2026-02-21T16:31:57Z,1,1,271,3420,4.169231,medium,mature,1
cdk-constructs,https://github.com/stratospheric-dev/cdk-constructs,37,23,1209,Java,2020-10-08T06:57:36Z,2026-03-24T12:04:12Z,0,0,1355,14508,20.355533,high,mature,7
SeedUtils,https://github.com/KaptainWutax/SeedUtils,37,6,396,Java,2020-02-12T21:45:55Z,2025-08-09T23:56:55Z,1,1,95,4752,1.275168,medium,mature,5
ChartView,https://github.com/lihangleo2/ChartView,37,8,1544,Java,2020-04-22T03:07:14Z,2024-04-26T03:11:35Z,1,0,25,18528,0.34626,low,mature,1
VulEnv,https://github.com/XuCcc/VulEnv,37,10,93,Java,2020-08-29T03:16:47Z,2026-01-13T09:06:10Z,0,0,23,1116,0.338733,low,mature,1
advanced-java-tutorials,https://github.com/JJBRT/advanced-java-tutorials,37,16,568,Java,2020-12-15T20:09:52Z,2025-04-19T08:07:23Z,0,0,510,6816,7.935685,medium,mature,2
spring-boot-data-r2dbc-jooq,https://github.com/gofabian/spring-boot-data-r2dbc-jooq,37,11,112,Java,2020-01-19T17:12:11Z,2025-12-22T18:55:40Z,12,0,52,1344,0.690571,low,mature,2
liboscal-java,https://github.com/usnistgov/liboscal-java,37,17,7711,Java,2020-02-20T16:19:53Z,2026-02-16T14:01:38Z,7,14,200,92532,2.692998,medium,mature,17
treechop,https://github.com/hammertater/treechop,37,22,5211,Java,2020-11-20T03:32:55Z,2026-01-14T23:04:47Z,89,2,784,62532,12.036847,high,mature,4
CameraIDs,https://github.com/vibhorSrv/CameraIDs,37,29,237,Java,2020-09-23T18:03:58Z,2026-01-05T15:08:02Z,9,2,10,2844,0.14918,low,mature,1
ITBookDemo-springboot-android,https://github.com/GAOli-cong/ITBookDemo-springboot-android,37,6,3801,Java,2020-05-05T09:41:50Z,2025-05-26T13:05:12Z,0,0,10,45612,0.13934,low,mature,1
HamsterAPI,https://github.com/ArkFlame/HamsterAPI,37,19,227,Java,2020-10-21T02:06:12Z,2026-01-17T13:16:05Z,0,0,107,2724,1.617944,medium,mature,6
online-book-store,https://github.com/shashirajraja/online-book-store,37,26,4694,Java,2020-06-26T15:43:03Z,2026-02-08T02:07:35Z,0,0,3,56328,0.042837,low,mature,1
SSM-CRUD,https://github.com/SAIKA952/SSM-CRUD,37,21,42025,Java,2020-05-20T17:49:37Z,2025-06-04T14:54:36Z,1,5,18,504300,0.252691,low,mature,1
jenkins,https://github.com/culturadevops/jenkins,37,144,121,Java,2020-01-19T11:37:50Z,2026-01-12T21:39:54Z,0,6,91,1452,1.207965,medium,mature,6
noiapp-backend-old,https://github.com/noiapp/noiapp-backend-old,37,12,652,Java,2020-04-19T11:26:10Z,2025-10-30T20:02:30Z,0,0,93,7824,1.286307,medium,mature,17
amazon-codeguru-reviewer-sample-app,https://github.com/aws-samples/amazon-codeguru-reviewer-sample-app,37,694,455,Java,2020-05-07T20:21:07Z,2026-02-21T20:19:57Z,1,135,14,5460,0.195349,low,mature,14
bKash_Integration,https://github.com/Mominulcse7/bKash_Integration,37,27,1560,Java,2020-06-08T18:57:18Z,2025-08-02T09:00:22Z,1,0,5,18720,0.070822,low,mature,1
zdm_push,https://github.com/Grt1228/zdm_push,37,11,26230,Java,2020-12-11T08:03:08Z,2025-09-09T15:57:00Z,3,0,14,314760,0.217279,low,mature,1
opal-tools,https://github.com/daust/opal-tools,37,3,62133,Java,2020-10-14T15:25:55Z,2025-10-06T02:36:22Z,6,0,158,745596,2.380713,medium,mature,1
Android-Loading-Dots,https://github.com/razaghimahdi/Android-Loading-Dots,37,6,365,Java,2020-10-18T07:54:37Z,2026-03-22T17:00:12Z,2,0,57,4380,0.860594,low,mature,3
property-management-system,https://github.com/mmosaics/property-management-system,37,4,6554,Java,2020-07-01T12:24:03Z,2025-12-25T07:34:40Z,1,3,6,78648,0.085878,low,mature,1
WorkspaceJava,https://github.com/fdepablo/WorkspaceJava,37,10,29348,Java,2020-10-02T12:18:22Z,2026-02-05T14:54:01Z,0,0,257,352176,3.849226,medium,mature,1
microservice-catalog,https://github.com/tillias/microservice-catalog,37,17,1490,Java,2020-09-30T17:49:05Z,2025-06-13T01:22:05Z,19,0,256,17880,3.832335,medium,mature,1
dataflow-video-analytics,https://github.com/GoogleCloudPlatform/dataflow-video-analytics,37,30,1300,Java,2020-06-11T18:03:13Z,2025-06-04T13:54:39Z,3,4,94,15600,1.333333,medium,mature,471
starlarky,https://github.com/verygoodsecurity/starlarky,37,38,7436,Java,2020-10-02T16:15:15Z,2026-02-22T00:27:12Z,25,42,406,89232,6.080879,medium,mature,35
agan-redis-open,https://github.com/agan-java/agan-redis-open,37,35,157,Java,2020-08-25T15:43:31Z,2025-08-24T09:59:54Z,1,0,2,1884,0.029397,low,mature,2
mirth-plugins,https://github.com/ChristopherSchultz/mirth-plugins,37,11,90,Java,2020-01-15T18:01:10Z,2026-02-27T00:01:12Z,1,0,70,1080,0.927972,low,mature,1
Spring-boot-auth0-discriminator-multitenancy,https://github.com/M-Devloo/Spring-boot-auth0-discriminator-multitenancy,37,5,195,Java,2020-06-13T22:16:58Z,2026-03-27T19:09:58Z,2,0,66,2340,0.937056,low,mature,1
Dawn-Desktop-Addons,https://github.com/Dawncraft/Dawn-Desktop-Addons,37,1,1631,Java,2020-01-28T12:49:08Z,2026-03-23T06:51:11Z,3,0,62,19572,0.826299,low,mature,1
CVE-2020-8840,https://github.com/fairyming/CVE-2020-8840,37,7,3238,Java,2020-02-24T07:43:12Z,2025-12-09T07:55:55Z,0,0,2,38856,0.026978,low,mature,1
jetpack-WanAndroid,https://github.com/283006603/jetpack-WanAndroid,37,8,7530,Java,2020-09-17T09:24:06Z,2022-08-26T09:18:50Z,1,0,46,90360,0.683845,low,mature,1
nfc_emulator,https://github.com/ryanhz/nfc_emulator,37,20,110,Java,2020-08-07T10:42:07Z,2025-07-27T00:05:39Z,5,0,28,1320,0.407965,low,mature,2
Payment-Choreography-Saga,https://github.com/JohnChangUK/Payment-Choreography-Saga,37,16,206,Java,2020-12-30T21:19:01Z,2024-02-21T01:10:37Z,0,0,29,2472,0.454783,low,mature,1
aquiver,https://github.com/i1619khz/aquiver,37,5,900,Java,2020-01-13T12:49:04Z,2025-10-12T20:39:50Z,30,0,585,10800,7.744925,medium,mature,5
SchoolManagementSystem,https://github.com/lihe/SchoolManagementSystem,37,4,54092,Java,2020-06-05T14:11:21Z,2026-03-22T13:01:03Z,0,0,17,649104,0.240339,low,mature,1
YUNGs-Better-Mineshafts,https://github.com/YUNG-GANG/YUNGs-Better-Mineshafts,37,18,7414,Java,2020-03-29T22:56:55Z,2026-02-26T02:15:12Z,21,2,202,88968,2.768387,medium,mature,5
object-bot,https://github.com/dreamhead/object-bot,37,10,313,Java,2020-07-19T11:07:32Z,2025-08-13T11:21:56Z,0,0,91,3756,1.313763,medium,mature,1
wallet-rpc,https://github.com/SevenEX/wallet-rpc,37,37,1072,Java,2020-03-31T02:12:58Z,2025-10-28T18:09:18Z,0,9,10,12864,0.137112,low,mature,2
spring-graalvm-native-plugin,https://github.com/ayltai/spring-graalvm-native-plugin,37,8,17071,Java,2020-06-19T15:55:08Z,2023-05-04T15:50:20Z,4,0,299,204852,4.255218,medium,mature,5
StringScrambler,https://github.com/xxDark/StringScrambler,37,1,84,Java,2020-07-20T14:52:47Z,2025-12-15T11:28:30Z,0,0,2,1008,0.028888,low,mature,1
SOCharts,https://github.com/syampillai/SOCharts,37,14,1036,Java,2020-05-30T10:26:18Z,2026-03-17T14:00:47Z,11,1,138,12432,1.945489,medium,mature,5
cc-admin-api,https://github.com/zhy6599/cc-admin-api,37,14,4884,Java,2020-12-24T14:18:57Z,2025-08-07T12:25:56Z,0,8,12,58608,0.1875,low,mature,1
AndroidWebView,https://github.com/FantasyLWX/AndroidWebView,37,6,230,Java,2020-01-09T09:40:00Z,2025-07-31T12:29:54Z,0,0,9,2760,0.118943,low,mature,1
tiktok_open,https://github.com/BekeyChao/tiktok_open,37,18,262,Java,2020-07-27T09:53:47Z,2025-12-27T13:13:28Z,2,3,55,3144,0.797101,low,mature,1
rfcs,https://github.com/PayString/rfcs,37,16,950,Java,2020-04-14T14:33:38Z,2025-12-23T07:57:01Z,5,13,45,11400,0.620975,low,mature,13
tutor-server,https://github.com/JuchiaLu/tutor-server,37,6,23297,Java,2020-07-03T11:39:16Z,2026-02-12T08:08:06Z,3,0,10,279564,0.143266,low,mature,1
beecp-starter,https://github.com/Chris2018998/beecp-starter,37,13,3604,Java,2020-06-20T13:17:41Z,2026-03-26T21:40:39Z,15,0,795,43248,11.319411,high,mature,1
minitweaks,https://github.com/manyrandomthings/minitweaks,37,2,692,Java,2020-05-10T00:11:46Z,2025-12-22T14:23:37Z,1,0,224,8304,3.128492,medium,mature,1
AEM-Tutorials,https://github.com/ani03sha/AEM-Tutorials,37,19,429,Java,2020-06-22T19:37:57Z,2025-12-08T09:38:28Z,0,0,27,5148,0.384981,low,mature,1
Setram-Tramway-Control-APP,https://github.com/elhadjx/Setram-Tramway-Control-APP,37,0,997,Java,2020-12-24T15:55:48Z,2025-09-01T11:54:11Z,0,0,11,11964,0.171875,low,mature,1
magic-bottle,https://github.com/kellen0903/magic-bottle,37,10,7704,Java,2020-03-10T11:34:13Z,2024-09-10T14:12:14Z,1,9,20,92448,0.271616,low,mature,1
saml-sso-and-slo-demo-idp-azure-sp-springboot,https://github.com/pateluday07/saml-sso-and-slo-demo-idp-azure-sp-springboot,37,28,518,Java,2020-07-07T18:31:15Z,2026-01-12T07:59:58Z,0,0,2,6216,0.028722,low,mature,1
jvav,https://github.com/MagicLu550/jvav,37,2,376,Java,2020-04-18T04:42:28Z,2026-03-04T13:37:35Z,1,1,28,4512,0.387097,low,mature,1
GymMS,https://github.com/pgcai/GymMS,37,10,5714,Java,2020-05-10T14:47:10Z,2025-11-10T09:12:08Z,0,5,6,68568,0.083799,low,mature,1
Burp_AES_Plugin,https://github.com/jas502n/Burp_AES_Plugin,37,8,1090,Java,2020-06-17T13:31:40Z,2025-12-15T07:11:58Z,0,0,11,13080,0.156398,low,mature,1
data-prepper,https://github.com/opendistro-for-elasticsearch/data-prepper,37,24,4719,Java,2020-08-27T08:48:22Z,2024-06-12T15:22:37Z,49,0,2114,56628,31.103482,high,mature,20
AndroidHelper,https://github.com/picoxr/AndroidHelper,37,12,2183,Java,2020-05-15T02:18:42Z,2025-12-09T06:38:07Z,0,0,5,26196,0.069995,low,mature,1
QuickFigures,https://github.com/grishkam/QuickFigures,37,6,335495,Java,2020-09-19T15:21:15Z,2026-02-01T03:50:35Z,13,0,726,4025940,10.803571,high,mature,1
flinkSql-remote-submit,https://github.com/yiwei00000/flinkSql-remote-submit,36,11,6145,Java,2020-05-24T06:58:02Z,2026-02-26T05:31:44Z,1,1,40,73740,0.562324,low,mature,1
flutter_face_detect,https://github.com/hisan-web/flutter_face_detect,36,11,36864,Java,2020-05-12T01:08:57Z,2026-01-28T01:11:28Z,1,0,11,442368,0.153774,low,mature,1
FabricHax,https://github.com/pranavgade20/FabricHax,36,3,327,Java,2020-09-14T11:49:22Z,2026-03-28T13:16:18Z,5,0,126,3924,1.870361,medium,mature,5
flutter_asset_literal_idea_plugin,https://github.com/bytedance/flutter_asset_literal_idea_plugin,36,15,5271,Java,2020-04-14T07:50:55Z,2025-04-08T03:29:47Z,6,0,80,63252,1.103956,medium,mature,8
healthcare-data-harmonization-dataflow,https://github.com/GoogleCloudPlatform/healthcare-data-harmonization-dataflow,36,25,258,Java,2020-05-06T19:16:08Z,2025-07-04T06:15:33Z,13,5,117,3096,1.631799,medium,mature,474
eThaler,https://github.com/hyperledger-labs/eThaler,36,13,3287,Java,2020-02-19T16:39:54Z,2025-03-04T23:19:18Z,2,0,73,39444,0.982503,low,mature,8
yjys,https://github.com/yongjiu8/yjys,36,8,64341,Java,2020-10-10T05:59:46Z,2026-01-26T18:47:35Z,0,0,30,772092,0.451128,low,mature,1
TafqeetJ,https://github.com/osamabmaq/TafqeetJ,36,4,97,Java,2020-11-29T16:16:43Z,2025-11-25T04:46:54Z,0,0,31,1164,0.478149,low,mature,2
IConnection,https://github.com/yeyunHZ/IConnection,36,6,142,Java,2020-11-18T01:58:16Z,2025-01-17T16:07:06Z,0,0,2,1704,0.030675,low,mature,2
Payouts-Java-SDK,https://github.com/paypal/Payouts-Java-SDK,36,27,387,Java,2020-02-07T09:45:56Z,2025-12-01T02:44:10Z,3,0,38,4644,0.508701,low,mature,16
CatAntiCheat-Public,https://github.com/Luohuayu/CatAntiCheat-Public,36,18,18397,Java,2020-07-26T00:16:57Z,2025-08-02T20:12:34Z,0,0,5,220764,0.072429,low,mature,1
training_system,https://github.com/335747949/training_system,36,23,7432,Java,2020-03-02T02:56:41Z,2026-01-25T14:29:37Z,3,4,397,89184,5.372124,medium,mature,2
MultipeerConnectivity,https://github.com/huailiang/MultipeerConnectivity,36,5,710,Java,2020-03-15T05:29:27Z,2025-02-19T05:37:05Z,0,0,11,8520,0.149728,low,mature,1
react-native-typescript-examples,https://github.com/robinhuy/react-native-typescript-examples,36,11,1552,Java,2020-11-25T04:39:27Z,2025-07-04T08:59:41Z,0,0,28,18624,0.43099,low,mature,1
SpringMVC-kuang-,https://github.com/lzh66666/SpringMVC-kuang-,36,34,1284,Java,2020-07-20T02:16:25Z,2025-10-29T08:20:35Z,0,7,2,15408,0.028888,low,mature,1
ApplicationInsightsRiderPlugin,https://github.com/Socolin/ApplicationInsightsRiderPlugin,36,4,624,Java,2020-03-22T02:54:37Z,2025-12-15T14:47:15Z,1,0,122,7488,1.665908,medium,mature,3
spring-microservice-oauth2-keycloak-starter,https://github.com/liqili/spring-microservice-oauth2-keycloak-starter,36,19,84,Java,2020-10-12T10:03:49Z,2025-12-12T03:16:00Z,0,0,15,1008,0.22579,low,mature,1
yarrow,https://github.com/y1yang0/yarrow,36,5,1449,Java,2020-02-12T03:17:11Z,2025-12-05T05:11:21Z,1,0,237,17388,3.179785,medium,mature,2
LProgressView,https://github.com/liys666666/LProgressView,36,15,370,Java,2020-04-14T10:41:40Z,2025-10-25T08:36:06Z,0,0,33,4440,0.455382,low,mature,1
system-design-examples,https://github.com/spatnaik77/system-design-examples,36,20,3277,Java,2020-09-28T06:17:07Z,2026-03-07T19:16:21Z,0,0,93,39324,1.390135,medium,mature,1
ecotones,https://github.com/jaskarth/ecotones,36,16,5323,Java,2020-01-06T19:15:44Z,2025-05-25T14:10:09Z,15,3,419,63876,5.53257,medium,mature,7
algorithmic-toolbox,https://github.com/anishLearnsToCode/algorithmic-toolbox,36,22,5765,Java,2020-06-29T06:14:16Z,2025-12-25T06:07:20Z,1,0,22,69180,0.314585,low,mature,1
SpringBoot2SecurityJwtAp,https://github.com/javabyraghu/SpringBoot2SecurityJwtAp,36,28,119,Java,2020-05-30T18:43:37Z,2025-07-21T09:04:08Z,0,0,4,1428,0.056417,low,mature,1
MultiImageView,https://github.com/ydslib/MultiImageView,36,4,1176,Java,2020-03-15T12:01:53Z,2025-01-24T12:38:18Z,0,0,22,14112,0.299456,low,mature,1
spock_example,https://github.com/lucas-myx/spock_example,36,18,197,Java,2020-06-14T02:47:51Z,2026-02-27T10:08:39Z,1,1,12,2364,0.170374,low,mature,1
camerax-opengl,https://github.com/MaTriXy/camerax-opengl,36,7,111,Java,2020-06-23T11:19:27Z,2025-08-30T13:34:38Z,0,0,15,1332,0.213878,low,mature,1
minegasm,https://github.com/RainbowVille/minegasm,36,10,1731,Java,2020-10-17T23:04:42Z,2026-03-10T16:51:09Z,10,1,247,20772,3.72924,medium,mature,3
memento,https://github.com/RokLenarcic/memento,36,2,732,Java,2020-08-02T21:04:24Z,2026-03-19T11:37:16Z,1,0,70,8784,1.017935,medium,mature,1
NetworkApp,https://github.com/LeslieLeung/NetworkApp,36,1,7782,Java,2020-09-12T10:05:03Z,2026-01-08T03:23:58Z,0,0,32,93384,0.474543,low,mature,1
droiduino,https://github.com/Hype47/droiduino,36,83,32372,Java,2020-04-23T08:21:39Z,2026-03-24T06:43:29Z,0,0,32,388464,0.443418,low,mature,1
RecordTool,https://github.com/AfuAnthony/RecordTool,36,5,2616,Java,2020-08-20T07:35:24Z,2026-01-20T09:31:11Z,0,0,4,31392,0.058651,low,mature,1
whmj.java_server,https://github.com/hjj2017/whmj.java_server,36,47,800,Java,2020-12-25T15:15:46Z,2025-12-07T03:15:07Z,0,0,29,9600,0.453361,low,mature,1
ttlock_flutter,https://github.com/ttlock/ttlock_flutter,36,45,101732,Java,2020-09-16T06:48:38Z,2026-03-14T10:34:37Z,34,5,382,1220784,5.676077,medium,mature,5
DragPolygonView,https://github.com/jenly1314/DragPolygonView,36,6,5983,Java,2020-10-19T09:00:26Z,2026-03-15T23:12:23Z,0,0,13,71796,0.196375,low,mature,1
ACE,https://github.com/xcsp3team/ACE,36,8,94830,Java,2020-10-06T15:23:44Z,2026-03-28T13:44:51Z,0,0,547,1137960,8.209105,medium,mature,14
Building-Microservices-with-Micronaut,https://github.com/PacktPublishing/Building-Microservices-with-Micronaut,36,39,634,Java,2020-08-17T07:21:07Z,2026-01-13T18:42:43Z,3,2,68,7608,0.995608,low,mature,10
RxJava2_Retrofit_MVP2,https://github.com/LoveLifeEveryday/RxJava2_Retrofit_MVP2,36,12,189,Java,2020-02-08T07:30:29Z,2025-11-04T10:12:16Z,0,0,12,2268,0.160714,low,mature,1
Algorithm-Patterns,https://github.com/zdong1995/Algorithm-Patterns,36,6,1453,Java,2020-11-11T02:15:34Z,2026-02-01T11:36:14Z,0,0,85,17436,1.299032,medium,mature,1
MC-R6mod,https://github.com/USS-Shenzhou/MC-R6mod,36,2,3792,Java,2020-08-27T12:20:24Z,2026-03-13T09:29:32Z,0,0,102,45504,1.500736,medium,mature,2
testerra,https://github.com/telekom/testerra,36,19,69784,Java,2020-06-08T10:49:52Z,2026-03-24T12:09:06Z,12,3,6365,837408,90.113261,high,mature,18
ipipe-agent,https://github.com/baidu/ipipe-agent,36,13,156,Java,2020-10-27T05:42:59Z,2025-10-02T19:50:34Z,5,0,1,1872,0.015167,low,mature,1
ComponentInspector,https://github.com/TangoraBox/ComponentInspector,36,4,8344,Java,2020-06-02T05:51:58Z,2025-07-31T10:15:51Z,1,1,34,100128,0.48,low,mature,1
Smart-Parking-Android-App,https://github.com/dominic248/Smart-Parking-Android-App,36,14,31528,Java,2020-10-18T11:58:30Z,2026-03-27T09:31:43Z,0,0,151,378336,2.279819,medium,mature,1
JavaConcepts,https://github.com/sumon-dey/JavaConcepts,36,12,2589,Java,2020-10-11T20:28:42Z,2024-11-17T11:43:23Z,0,0,48,31068,0.722529,low,mature,1
oggus,https://github.com/leonfancy/oggus,36,3,317,Java,2020-05-30T02:29:09Z,2025-12-18T12:32:05Z,3,1,75,3804,1.057331,medium,mature,1
SBA,https://github.com/pronze/SBA,36,48,4234,Java,2020-06-02T19:12:07Z,2025-03-26T13:17:08Z,0,2,146,50808,2.062147,medium,mature,7
garlic-launcher,https://github.com/garlic-signage/garlic-launcher,36,9,531,Java,2020-02-18T23:32:24Z,2026-03-28T05:34:37Z,0,0,174,6372,2.341857,medium,mature,1
Kree-Java,https://github.com/jabo-bernardo/Kree-Java,36,6,250,Java,2020-04-11T02:49:05Z,2024-05-31T12:59:26Z,0,0,71,3000,0.978411,low,mature,2
async-profiler-actuator-endpoint,https://github.com/taboola/async-profiler-actuator-endpoint,36,0,126,Java,2020-11-17T08:52:42Z,2025-08-25T16:55:37Z,1,0,89,1512,1.364333,medium,mature,8
gnss-common,https://github.com/gnss-pro/gnss-common,36,27,98,Java,2020-08-20T09:28:36Z,2025-10-26T19:53:16Z,0,0,5,1176,0.073314,low,mature,2
authrn,https://github.com/tgmarinho/authrn,36,9,4571,Java,2020-06-11T19:52:34Z,2024-01-04T12:11:06Z,0,19,2,54852,0.028369,low,mature,1
Rhino,https://github.com/KubeJS-Mods/Rhino,36,16,6646,Java,2020-10-29T12:31:57Z,2026-02-14T19:51:37Z,20,1,386,79752,5.860324,medium,mature,11
hm,https://github.com/springbees/hm,36,6,1537,Java,2020-01-05T06:17:01Z,2025-06-04T08:48:02Z,1,3,28,18444,0.369393,low,mature,1
savage-and-ravage,https://github.com/team-abnormals/savage-and-ravage,36,32,3614,Java,2020-03-18T15:30:25Z,2025-10-01T21:36:44Z,0,0,957,43368,13.044071,high,mature,30
cr3stal,https://github.com/rebane2001/cr3stal,36,4,92,Java,2020-07-06T15:01:45Z,2024-07-20T08:03:37Z,1,2,11,1104,0.157819,low,mature,4
GPS-Video-Logger,https://github.com/abinpaul1/GPS-Video-Logger,36,7,20438,Java,2020-01-22T15:52:19Z,2026-03-04T02:10:25Z,6,0,61,245256,0.810811,low,mature,1
BoostedBrightness,https://github.com/adamviola/BoostedBrightness,36,21,185,Java,2020-05-26T01:38:00Z,2025-10-31T14:05:12Z,12,2,59,2220,0.830206,low,mature,10
indoor-positioning-system,https://github.com/hipstermartin/indoor-positioning-system,36,8,29872,Java,2020-10-21T13:18:14Z,2026-01-30T13:01:42Z,1,0,10,358464,0.15121,low,mature,4
stupid-week-2020,https://github.com/Road-of-CODEr/stupid-week-2020,36,11,44846,Java,2020-06-06T14:38:09Z,2023-01-28T11:16:12Z,3,0,615,538152,8.698727,medium,mature,16
bittboy-j2me,https://github.com/pthalin/bittboy-j2me,36,13,76833,Java,2020-05-11T14:24:19Z,2025-04-27T05:08:39Z,3,0,45,921996,0.628784,low,mature,3
jwalker,https://github.com/epieffe/jwalker,36,3,161,Java,2020-02-29T02:33:30Z,2026-01-05T09:14:51Z,0,0,76,1932,1.02749,medium,mature,2
yanglao-system,https://github.com/super611/yanglao-system,36,10,69189,Java,2020-06-06T03:33:56Z,2026-02-18T13:48:56Z,1,4,12,830268,0.169731,low,mature,1
observer-service,https://github.com/ObserveRTC/observer-service,36,4,5231,Java,2020-05-23T12:24:29Z,2024-12-10T09:48:11Z,5,1,365,62772,5.128806,medium,mature,5
result,https://github.com/LeakyAbstractions/result,36,0,7408,Java,2020-12-27T20:07:36Z,2026-03-13T10:16:18Z,1,0,534,88896,8.361169,medium,mature,1
CarRentalAppConceptIUIMotionLayout,https://github.com/nickyrabit/CarRentalAppConceptIUIMotionLayout,36,5,474,Java,2020-02-03T13:17:55Z,2024-05-12T06:22:10Z,0,0,2,5688,0.026726,low,mature,1
javafx-ui,https://github.com/edencoding/javafx-ui,36,11,152,Java,2020-07-06T19:27:40Z,2025-04-11T01:08:57Z,0,0,30,1824,0.430622,low,mature,2
GeeksforGeeks,https://github.com/sushovankarmakar/GeeksforGeeks,36,15,615,Java,2020-03-07T07:15:00Z,2025-08-12T06:01:16Z,0,0,462,7380,6.265823,medium,mature,1
dalvikgate,https://github.com/GraxCode/dalvikgate,36,2,561,Java,2020-04-27T20:47:45Z,2026-03-23T21:50:48Z,1,0,202,6732,2.805556,medium,mature,3
WechatMultiWebview,https://github.com/chouqibao/WechatMultiWebview,36,5,602,Java,2020-02-05T12:26:42Z,2025-04-14T07:19:17Z,3,0,7,7224,0.093625,low,mature,1
chatbot-conversations,https://github.com/neomatrix369/chatbot-conversations,36,12,1861,Java,2020-06-26T19:13:56Z,2026-01-17T06:57:25Z,12,2,143,22332,2.042857,medium,mature,3
E-Commerce-Microservice-Platform,https://github.com/iavtar/E-Commerce-Microservice-Platform,36,22,115,Java,2020-07-20T00:50:41Z,2026-02-18T09:59:02Z,1,0,4,1380,0.057776,low,mature,1
argo-client-java,https://github.com/argoproj-labs/argo-client-java,35,22,4422,Java,2020-02-24T23:45:08Z,2023-04-16T21:18:59Z,10,3,40,53064,0.539811,low,mature,10
HappyRun,https://github.com/Aristochi/HappyRun,35,15,66093,Java,2020-01-27T02:45:24Z,2025-11-05T08:49:34Z,1,0,7,793116,0.09325,low,mature,1
TransitionDemo,https://github.com/xiaweizi/TransitionDemo,35,10,710,Java,2020-03-03T12:56:31Z,2025-12-17T21:22:26Z,0,0,29,8520,0.392599,low,mature,1
ElectronMS,https://github.com/Bratah123/ElectronMS,35,27,241812,Java,2020-12-30T03:40:04Z,2025-12-08T13:58:21Z,0,0,47,2901744,0.736677,low,mature,4
Stress,https://github.com/pop4959/Stress,35,3,116,Java,2020-04-06T01:46:28Z,2026-02-09T08:04:42Z,0,0,12,1392,0.164986,low,mature,1
sap-adapter,https://github.com/wso2/sap-adapter,35,17,278,Java,2020-01-13T05:59:41Z,2026-02-13T11:04:10Z,0,2,557,3336,7.374228,medium,mature,724
UMS,https://github.com/ZeroOrInfinity/UMS,35,17,17550,Java,2020-09-15T05:24:43Z,2025-03-09T10:15:07Z,1,1,756,210600,11.227723,high,mature,1
examonline,https://github.com/bboyguan/examonline,35,11,16053,Java,2020-03-12T11:33:32Z,2025-10-15T00:28:34Z,0,0,11,192636,0.149524,low,mature,1
web-to-apk,https://github.com/mohssineAboutaj/web-to-apk,35,19,140,Java,2020-02-03T23:43:11Z,2026-03-19T06:08:20Z,1,0,2,1680,0.026738,low,mature,1
DeltaLogger,https://github.com/QuiltServerTools/DeltaLogger,35,21,4118,Java,2020-11-27T17:11:36Z,2025-09-13T14:45:32Z,16,0,208,49416,3.206578,medium,mature,12
APMPlus_Android,https://github.com/volcengine/APMPlus_Android,35,9,148,Java,2020-12-06T03:34:57Z,2026-01-09T14:28:12Z,5,0,38,1776,0.588235,low,mature,3
OpenClass,https://github.com/yuboon/OpenClass,35,16,763,Java,2020-01-11T10:15:35Z,2026-02-28T13:18:38Z,0,4,36,9156,0.47619,low,mature,1
AgendaBot,https://github.com/Kamilahsantos/AgendaBot,35,12,19006,Java,2020-09-20T18:43:06Z,2026-01-19T20:30:42Z,1,0,16,228072,0.238332,low,mature,1
appPublish,https://github.com/liu-xinhui/appPublish,35,16,3065,Java,2020-08-26T06:48:43Z,2025-07-09T09:49:02Z,1,0,45,36780,0.661765,low,mature,1
zcblog,https://github.com/progzc/zcblog,35,4,17769,Java,2020-09-24T12:22:56Z,2025-05-25T11:13:03Z,2,0,172,213228,2.565888,medium,mature,1
PuffinBASIC,https://github.com/mayuropensource/PuffinBASIC,35,6,10727,Java,2020-08-16T14:42:38Z,2026-02-21T04:28:06Z,0,0,148,128724,2.165854,medium,mature,1
chat,https://github.com/FreudFan/chat,35,10,22700,Java,2020-05-27T06:04:17Z,2026-03-13T03:26:54Z,1,25,43,272400,0.60535,low,mature,3
PingBypass-Client,https://github.com/3arthqu4ke/PingBypass-Client,35,7,167,Java,2020-10-23T18:17:18Z,2026-03-16T06:40:19Z,0,0,19,2004,0.287733,low,mature,2
adobe-dx,https://github.com/adobe/adobe-dx,35,29,2648,Java,2020-01-31T17:47:16Z,2026-01-08T14:57:35Z,0,1,504,31776,6.728972,medium,mature,250
newrelic-jfr-core,https://github.com/newrelic/newrelic-jfr-core,35,21,6074,Java,2020-05-06T13:26:14Z,2025-10-10T08:17:03Z,6,1,489,72888,6.816914,medium,mature,46
xtermjs-spring-boot-starter,https://github.com/linux-china/xtermjs-spring-boot-starter,35,6,630,Java,2020-01-18T00:26:16Z,2025-07-27T14:41:54Z,2,2,309,7560,4.099956,medium,mature,1
Awesome-Neumorphism-Android-Library,https://github.com/GovindaPaliwal/Awesome-Neumorphism-Android-Library,35,9,2386,Java,2020-02-26T09:20:11Z,2025-05-08T01:29:48Z,0,0,9,28632,0.121512,low,mature,1
com.the_tinkering.wk,https://github.com/ejplugge/com.the_tinkering.wk,35,43,15156,Java,2020-07-10T22:38:20Z,2024-12-05T03:58:54Z,0,2,155,181872,2.229147,medium,mature,1
livestreams,https://github.com/kabutz/livestreams,35,5,6293,Java,2020-07-13T13:02:10Z,2024-10-14T17:47:02Z,0,0,30,75516,0.431862,low,mature,1
tongasdp-test,https://github.com/tongasdp/tongasdp-test,35,10,1630,Java,2020-05-12T04:00:22Z,2025-04-07T09:15:48Z,0,3,6,19560,0.083877,low,mature,2
jt808-coder,https://github.com/yezhihao/jt808-coder,35,23,8035,Java,2020-12-17T02:43:05Z,2026-03-04T06:14:31Z,1,0,19,96420,0.295797,low,mature,1
GameAI-FightingAI,https://github.com/DRL-CASIA/GameAI-FightingAI,35,11,4123,Java,2020-09-04T07:37:36Z,2025-08-13T11:22:06Z,1,0,13,49476,0.192024,low,mature,1
DesignPatterns_Draw,https://github.com/heineman/DesignPatterns_Draw,35,32,288,Java,2020-10-10T03:13:32Z,2025-03-26T14:34:06Z,0,2,21,3456,0.315789,low,mature,1
APP_process,https://github.com/anysou/APP_process,35,25,159,Java,2020-02-13T01:05:51Z,2025-12-11T08:34:39Z,0,0,4,1908,0.053691,low,mature,1
oauth,https://github.com/kafka-security/oauth,35,13,437,Java,2020-05-06T12:25:35Z,2026-01-23T04:45:26Z,3,1,12,5244,0.167286,low,mature,5
demo-iso20022,https://github.com/Payment-Components/demo-iso20022,35,21,284,Java,2020-12-10T09:53:06Z,2026-03-18T11:18:51Z,1,0,90,3408,1.39607,medium,mature,5
DesignerToast,https://github.com/vedraj360/DesignerToast,35,11,1573,Java,2020-03-04T07:27:07Z,2024-05-09T18:40:53Z,0,0,33,18876,0.446953,low,mature,3
Data-Structure-and-Algorithms,https://github.com/Vishal023/Data-Structure-and-Algorithms,35,17,185,Java,2020-05-13T16:42:27Z,2025-09-27T10:21:25Z,0,0,212,2220,2.965035,medium,mature,3
thoth,https://github.com/MAIF/thoth,35,10,2553,Java,2020-09-24T14:05:45Z,2025-11-05T09:10:49Z,11,3,323,30636,4.818498,medium,mature,8
RxJava2_Retrofit_MVP,https://github.com/LoveLifeEveryday/RxJava2_Retrofit_MVP,35,10,136,Java,2020-02-03T09:16:05Z,2025-11-04T10:12:15Z,0,0,3,1632,0.040089,low,mature,1
pauth,https://github.com/FinVolution/pauth,35,26,1373,Java,2020-07-15T06:51:16Z,2026-02-09T09:04:19Z,1,0,7,16476,0.100865,low,mature,1
dio-experts,https://github.com/oswaldoneto/dio-experts,35,28,85,Java,2020-03-31T16:54:46Z,2023-09-13T19:52:20Z,1,0,4,1020,0.054845,low,mature,1
AndroidGo,https://github.com/HailouWang/AndroidGo,35,14,28791,Java,2020-03-20T04:25:03Z,2026-02-11T03:19:05Z,0,0,54,345492,0.736698,low,mature,1
ResistorCalculatorApp,https://github.com/FDelporte/ResistorCalculatorApp,35,14,1522,Java,2020-09-04T10:56:56Z,2025-01-15T13:25:01Z,2,0,141,18264,2.082718,medium,mature,4
react-native-audiokit,https://github.com/thehanimo/react-native-audiokit,35,4,2538,Java,2020-04-03T10:53:02Z,2025-02-07T15:09:21Z,1,0,8,30456,0.10984,low,mature,2
flinksql,https://github.com/dijiekstra/flinksql,35,16,143,Java,2020-05-06T10:04:46Z,2025-11-14T01:45:14Z,0,4,31,1716,0.432156,low,mature,1
indra,https://github.com/KyoriPowered/indra,35,8,1196,Java,2020-09-29T12:44:29Z,2025-12-16T22:58:26Z,18,10,598,14352,8.94317,medium,mature,8
mqttloader,https://github.com/dist-sys/mqttloader,35,14,321,Java,2020-08-18T16:17:31Z,2025-12-24T19:19:09Z,0,1,101,3852,1.479492,medium,mature,6
MCPatcherPatcher,https://github.com/LambdAurora/MCPatcherPatcher,35,10,162,Java,2020-08-05T11:26:18Z,2025-07-16T01:23:55Z,4,0,37,1944,0.538574,low,mature,3
ventilator,https://github.com/Nabilphysics/ventilator,35,7,84146,Java,2020-10-09T00:06:32Z,2025-02-16T15:06:42Z,0,1,65,1009752,0.976954,low,mature,6
Java-Programming-Build-a-Recommendation-System,https://github.com/konstantinkrumin/Java-Programming-Build-a-Recommendation-System,35,17,878,Java,2020-02-26T21:25:07Z,2025-12-09T13:36:31Z,4,0,30,10536,0.405223,low,mature,1
provider,https://github.com/mybatis-mapper/provider,35,12,217,Java,2020-10-22T00:26:36Z,2026-02-21T08:38:48Z,0,0,115,2604,1.739788,medium,mature,3
nexus-repository-ansiblegalaxy,https://github.com/l3ender/nexus-repository-ansiblegalaxy,35,15,198,Java,2020-12-28T00:22:27Z,2025-09-06T11:01:46Z,12,4,68,2376,1.064718,medium,mature,2
excel-parser-spring-boot-starter,https://github.com/cla9/excel-parser-spring-boot-starter,35,8,250,Java,2020-11-17T13:28:56Z,2025-06-04T08:09:30Z,0,0,54,3000,0.827798,low,mature,2
ChxUtility,https://github.com/MikeWang000000/ChxUtility,35,6,1628,Java,2020-03-31T05:48:33Z,2025-09-07T11:19:30Z,2,0,4,19536,0.054845,low,mature,2
UserAgency-Android,https://github.com/TerryHuangHD/UserAgency-Android,35,12,183,Java,2020-12-20T19:26:58Z,2025-10-11T01:15:29Z,0,0,22,2196,0.343214,low,mature,1
gzzd,https://github.com/pnboot/gzzd,35,23,42384,Java,2020-10-28T01:15:37Z,2025-11-17T12:45:36Z,7,0,12,508608,0.182094,low,mature,2
skywalking-agent-test-tool,https://github.com/apache/skywalking-agent-test-tool,35,35,231,Java,2020-02-28T02:18:33Z,2026-02-28T06:12:38Z,0,0,57,2772,0.77027,low,mature,73
Socio,https://github.com/mriaz717/Socio,35,17,3017,Java,2020-01-24T15:19:14Z,2025-02-06T16:39:21Z,0,0,8,36204,0.10643,low,mature,1
Monopoly-Deal,https://github.com/OldManAlpha/Monopoly-Deal,35,9,2381,Java,2020-11-01T09:25:04Z,2026-03-26T02:01:37Z,0,0,225,28572,3.421186,medium,mature,1
java_leaflet,https://github.com/makbn/java_leaflet,35,10,10418,Java,2020-06-19T19:28:09Z,2025-12-24T09:35:08Z,3,0,327,125016,4.655909,medium,mature,2
learnforSpringBoot,https://github.com/mxg133/learnforSpringBoot,35,38,18675,Java,2020-12-14T04:19:48Z,2026-01-12T03:02:21Z,0,0,4,224100,0.062176,low,mature,1
LeetCode-Solution-Well-Explained,https://github.com/zdong1995/LeetCode-Solution-Well-Explained,35,2,477,Java,2020-06-18T20:00:29Z,2025-05-25T21:05:26Z,0,0,200,5724,2.8463,medium,mature,1
StepCounterKotlin-AndroidFitnessApp,https://github.com/daniyalahmedkhan/StepCounterKotlin-AndroidFitnessApp,35,12,155,Java,2020-08-29T17:12:47Z,2026-03-07T23:03:34Z,1,0,11,1860,0.162083,low,mature,1
flacoco,https://github.com/ASSERT-KTH/flacoco,35,15,2436,Java,2020-09-11T14:59:33Z,2026-03-24T13:59:16Z,31,11,255,29232,3.779644,medium,mature,13
Kafka-Tutorials,https://github.com/lokeshgupta1981/Kafka-Tutorials,35,59,141,Java,2020-05-24T17:25:24Z,2025-03-25T14:21:42Z,0,2,18,1692,0.253165,low,mature,2
youtube,https://github.com/naresh1406/youtube,35,29,386,Java,2020-06-12T14:45:24Z,2025-07-19T00:33:30Z,0,0,360,4632,5.106383,medium,mature,1
2018118117_Android,https://github.com/cangeBig/2018118117_Android,35,64,3783,Java,2020-09-20T12:10:56Z,2025-08-30T12:29:02Z,0,0,108,45396,1.60794,medium,mature,1
Android-CSI-Labelling-App,https://github.com/StevenMHernandez/Android-CSI-Labelling-App,35,9,141,Java,2020-03-19T17:39:01Z,2026-03-06T08:05:07Z,4,0,7,1692,0.095498,low,mature,1
database-sync,https://github.com/somenzz/database-sync,35,13,35472,Java,2020-04-25T13:56:48Z,2026-03-07T13:17:57Z,0,5,12,425664,0.166436,low,mature,1
BookStoreSystem,https://github.com/DaulFrank/BookStoreSystem,35,11,7182,Java,2020-06-06T03:44:46Z,2026-03-04T06:15:10Z,3,0,3,86184,0.042433,low,mature,1
Music163-Download,https://github.com/KuroChan1998/Music163-Download,35,9,176,Java,2020-05-18T03:21:39Z,2025-10-24T06:24:23Z,1,1,4,2112,0.056075,low,mature,1
X-Prison,https://github.com/Drawethree/X-Prison,35,59,381208,Java,2020-12-10T22:02:33Z,2026-03-21T20:41:31Z,0,0,649,4574496,10.072426,high,mature,3
example-spring,https://github.com/jobrunr/example-spring,35,21,171,Java,2020-04-03T15:18:28Z,2026-03-24T00:18:37Z,0,0,46,2052,0.631579,low,mature,4
quarkus-qute,https://github.com/gunnarmorling/quarkus-qute,35,11,94,Java,2020-01-01T17:59:27Z,2025-12-31T08:08:51Z,0,0,14,1128,0.184453,low,mature,1
AOSP-DownloadProviderDbDumperSQLiWhere,https://github.com/IOActive/AOSP-DownloadProviderDbDumperSQLiWhere,35,20,676,Java,2020-01-14T12:20:18Z,2025-08-09T06:36:00Z,1,0,4,8112,0.05298,low,mature,1
qson,https://github.com/quarkusio/qson,35,11,411,Java,2020-11-18T18:56:55Z,2025-11-25T20:08:56Z,7,1,124,4932,1.902813,medium,mature,53
rest_assured-automation-framework,https://github.com/abu-sithik/rest_assured-automation-framework,35,38,492,Java,2020-05-21T13:38:07Z,2025-05-18T17:07:51Z,0,0,30,5904,0.421151,low,mature,1
owasp-zap-jwt-addon,https://github.com/SasanLabs/owasp-zap-jwt-addon,35,12,1992,Java,2020-04-22T15:58:53Z,2026-01-18T08:24:11Z,12,2,138,23904,1.911357,medium,mature,7
springboot-learn,https://github.com/cuifuan/springboot-learn,35,14,562,Java,2020-05-21T10:30:59Z,2026-02-13T05:03:52Z,0,0,45,6744,0.631727,low,mature,1
parkinglot,https://github.com/gopalbala/parkinglot,35,29,155,Java,2020-08-06T17:54:35Z,2025-06-09T13:07:54Z,0,0,63,1860,0.917921,low,mature,1
GoodMusic,https://github.com/lilongweidev/GoodMusic,35,12,241,Java,2020-10-14T07:24:22Z,2025-09-08T04:55:01Z,0,0,9,2892,0.13561,low,mature,1
NestedCeilingEffect,https://github.com/solartcc/NestedCeilingEffect,35,6,22004,Java,2020-07-17T08:40:55Z,2025-03-20T11:46:13Z,1,0,3,264048,0.043269,low,mature,1
McHeli2,https://github.com/BurnhamR/McHeli2,35,3,268,Java,2020-12-02T20:11:14Z,2026-03-17T05:51:56Z,0,0,15,3216,0.231839,low,mature,1
alpr-anpr-android,https://github.com/parkpow/alpr-anpr-android,35,28,768,Java,2020-02-15T17:34:40Z,2025-11-22T07:43:05Z,0,0,30,9216,0.403226,low,mature,6
JavaKnowledge,https://github.com/ipipman/JavaKnowledge,35,18,67039,Java,2020-12-10T01:40:45Z,2025-12-27T14:07:07Z,0,0,111,804468,1.72182,medium,mature,2
drasyl,https://github.com/drasyl/drasyl,35,4,59635,Java,2020-07-13T18:43:21Z,2025-10-25T14:11:06Z,4,12,4736,715620,68.209313,high,mature,5
LeetCodeTest,https://github.com/tinyvampirepudge/LeetCodeTest,35,11,373,Java,2020-09-01T08:14:11Z,2026-03-18T08:05:27Z,0,0,123,4476,1.814159,medium,mature,1
javaagent,https://github.com/hypertrace/javaagent,35,13,1825,Java,2020-10-08T11:12:36Z,2025-11-20T03:49:20Z,35,4,345,21900,5.182774,medium,mature,19
Callcenter-Simulator,https://github.com/A-Herzog/Callcenter-Simulator,35,10,24543,Java,2020-04-06T22:31:41Z,2026-03-26T23:28:32Z,0,0,220,294516,3.026135,medium,mature,2
tfsbot,https://github.com/vugluskr/tfsbot,35,10,753,Java,2020-05-11T16:51:45Z,2024-07-16T17:40:11Z,0,0,245,9036,3.423381,medium,mature,1
messenger-app-android-kotlin,https://github.com/mesibo/messenger-app-android-kotlin,35,18,4365,Java,2020-03-21T03:37:27Z,2025-12-06T19:57:34Z,3,0,13,52380,0.177434,low,mature,1
tsp,https://github.com/zhengyishan/tsp,34,22,28849,Java,2020-06-03T04:02:38Z,2026-03-21T15:26:02Z,0,0,4,346188,0.056497,low,mature,1
ZtlApi,https://github.com/Ztldc/ZtlApi,34,4,1965,Java,2020-12-03T07:33:50Z,2026-02-28T01:26:06Z,0,0,56,23580,0.865533,low,mature,2
ParkingManagementSystem,https://github.com/SimpleGraduationProjects/ParkingManagementSystem,34,5,4461,Java,2020-07-04T11:17:31Z,2025-11-07T00:18:33Z,0,0,12,53532,0.172002,low,mature,1
hms-iap-serverdemo,https://github.com/HMS-Core/hms-iap-serverdemo,34,17,106,Java,2020-05-28T16:04:03Z,2025-09-11T06:13:28Z,2,2,5,1272,0.070423,low,mature,4
BlueMapAPI,https://github.com/BlueMap-Minecraft/BlueMapAPI,34,14,338,Java,2020-04-09T19:39:32Z,2026-01-11T23:31:00Z,0,0,122,4056,1.680441,medium,mature,4
Simply-Improved-Terrain,https://github.com/KdotJPG/Simply-Improved-Terrain,34,9,1676,Java,2020-01-07T22:58:14Z,2026-03-27T09:23:53Z,14,0,42,20112,0.554822,low,mature,1
nat-plus,https://github.com/mysise/nat-plus,34,7,106,Java,2020-03-10T11:51:24Z,2025-10-24T08:13:42Z,1,3,16,1272,0.217293,low,mature,2
wechat-robot,https://github.com/AlienwareHe/wechat-robot,34,14,976,Java,2020-11-21T11:47:50Z,2025-12-08T08:46:14Z,2,0,19,11712,0.291859,low,mature,2
ScientificInformationSystem,https://github.com/yashuangyi/ScientificInformationSystem,34,6,3070,Java,2020-06-10T16:52:33Z,2026-01-10T10:07:10Z,1,4,2,36840,0.028342,low,mature,1
PJP,https://github.com/ohbus/PJP,34,15,6737,Java,2020-02-11T16:26:17Z,2026-03-04T21:19:48Z,1,21,141,80844,1.890925,medium,mature,1
mifos-reporting-plugin,https://github.com/openMF/mifos-reporting-plugin,34,81,4787,Java,2020-09-30T23:01:56Z,2026-03-16T03:42:38Z,1,5,882,57444,13.203593,high,mature,61
iOS_interviews,https://github.com/Knowledge-Precipitation-Tribe/iOS_interviews,34,2,1611,Java,2020-12-23T09:28:36Z,2026-03-23T03:49:14Z,2,0,39,19332,0.609058,low,mature,2
lhotse,https://github.com/everest-engineering/lhotse,34,14,3017,Java,2020-04-14T00:15:53Z,2024-12-29T09:57:00Z,3,0,267,36204,3.684453,medium,mature,12
ApacheFOP.Serverless,https://github.com/cajuncoding/ApacheFOP.Serverless,34,8,532,Java,2020-07-15T23:07:36Z,2026-01-30T04:48:20Z,0,0,116,6384,1.672273,medium,mature,1
luakt,https://github.com/only52607/luakt,34,6,1080,Java,2020-06-04T10:16:06Z,2026-03-12T13:32:56Z,0,0,119,12960,1.681583,medium,mature,1
did-sdk-java,https://github.com/hashgraph/did-sdk-java,34,19,1004,Java,2020-03-18T13:31:44Z,2026-03-25T19:48:08Z,7,3,71,12048,0.967742,low,mature,31
XDU_Simple_C_Language_Compiler,https://github.com/tgpcai/XDU_Simple_C_Language_Compiler,34,5,12399,Java,2020-06-03T16:26:48Z,2026-01-02T15:53:07Z,0,0,6,148788,0.084746,low,mature,1
Jwiki,https://github.com/viralvaghela/Jwiki,34,1,615,Java,2020-06-05T11:44:30Z,2025-12-02T09:59:31Z,1,0,10,7380,0.141376,low,mature,2
MovieRecommendation,https://github.com/pengchenyu111/MovieRecommendation,34,3,623936,Java,2020-12-01T10:31:42Z,2026-01-29T02:31:55Z,0,0,220,7487232,3.396809,medium,mature,2
STARE,https://github.com/kaist-dmlab/STARE,34,23,13441,Java,2020-06-03T01:51:55Z,2024-11-07T02:07:53Z,7,0,144,161292,2.033898,medium,mature,5
DownfallSTS,https://github.com/mikemayhemdev/DownfallSTS,34,73,1004998,Java,2020-01-20T17:54:35Z,2026-03-18T19:42:03Z,2,3,11772,12059976,156.403897,high,mature,52
selenium-webdriver-java,https://github.com/ugioni/selenium-webdriver-java,34,3,171349,Java,2020-08-16T01:37:48Z,2025-11-17T17:22:35Z,0,0,51,2056188,0.746341,low,mature,2
jsyntrax,https://github.com/atp-mipt/jsyntrax,34,4,5658,Java,2020-10-25T19:10:07Z,2026-02-24T08:51:57Z,3,11,252,67896,3.820111,medium,mature,11
Arduino-RubikSolver,https://github.com/EmanGM/Arduino-RubikSolver,34,6,496336,Java,2020-08-31T16:00:50Z,2026-01-14T07:27:19Z,1,0,23,5956032,0.339066,low,mature,1
TruthDare,https://github.com/fari-zma/TruthDare,34,17,11376,Java,2020-04-21T17:55:15Z,2025-12-05T09:14:18Z,0,1,13,136512,0.180055,low,mature,1
aerospike-jdbc,https://github.com/aerospike/aerospike-jdbc,34,9,1209,Java,2020-12-29T19:14:04Z,2026-03-25T17:05:35Z,4,13,213,14508,3.338558,medium,mature,130
simple-planes,https://github.com/przemykomo/simple-planes,34,31,14597,Java,2020-06-09T06:31:46Z,2025-12-15T12:57:20Z,51,1,521,175164,7.379603,medium,mature,17
QSPay,https://github.com/tohodog/QSPay,34,3,7646,Java,2020-07-08T09:17:49Z,2025-05-06T19:18:09Z,0,0,17,91752,0.244136,low,mature,2
opa-spring-security,https://github.com/Bisnode/opa-spring-security,34,6,190,Java,2020-02-21T07:31:31Z,2025-11-21T12:47:52Z,8,0,68,2280,0.916031,low,mature,8
OkBluetoothHook,https://github.com/okbean/OkBluetoothHook,34,5,200,Java,2020-12-14T14:42:23Z,2025-10-04T17:41:30Z,1,0,16,2400,0.248705,low,mature,1
JavaFrontendAsincrono,https://github.com/CrissUD/JavaFrontendAsincrono,34,12,20562,Java,2020-09-09T14:51:47Z,2025-06-05T15:20:25Z,0,0,2,246744,0.029615,low,mature,1
DocDex,https://github.com/PiggyPiglet/DocDex,34,9,898,Java,2020-01-25T09:48:54Z,2025-10-07T12:32:10Z,11,0,251,10776,3.340728,medium,mature,7
NestedRecyclerView,https://github.com/liyuzero/NestedRecyclerView,34,8,4021,Java,2020-08-10T12:51:58Z,2024-10-30T06:08:40Z,6,0,10,48252,0.145914,low,mature,1
lawyer-lover-cloud-backend,https://github.com/zhuchangwu/lawyer-lover-cloud-backend,34,11,4852,Java,2020-04-08T01:03:03Z,2025-04-23T01:02:14Z,1,5,10,58224,0.137615,low,mature,1
RTSP-Player,https://github.com/damianhoppe/RTSP-Player,34,9,723,Java,2020-09-25T16:46:27Z,2026-03-12T09:23:08Z,7,0,33,8676,0.492537,low,mature,1
ExtendingSecuringDockerizing,https://github.com/maryellenteaches/ExtendingSecuringDockerizing,34,49,232,Java,2020-07-19T15:26:05Z,2024-07-29T13:52:21Z,1,0,129,2784,1.862368,medium,mature,1
regel,https://github.com/utopia-group/regel,34,9,11451,Java,2020-03-27T23:19:16Z,2025-11-20T08:45:16Z,4,0,23,137412,0.314925,low,mature,4
Sonic-1-J2ME-Decompilation,https://github.com/Iso-Kilo/Sonic-1-J2ME-Decompilation,34,6,914,Java,2020-04-08T22:50:08Z,2026-03-08T12:46:19Z,3,0,30,10968,0.413034,low,mature,3
bibliothek,https://github.com/PaperMC/bibliothek,34,14,582,Java,2020-11-23T10:41:18Z,2025-06-27T03:08:01Z,3,1,179,6984,2.752435,medium,mature,25
flink-cos-fs,https://github.com/tencentyun/flink-cos-fs,34,13,18542,Java,2020-08-31T11:31:44Z,2025-12-23T04:25:32Z,3,0,59,222504,0.869779,low,mature,59
reacted,https://github.com/reacted-io/reacted,34,3,2475,Java,2020-10-06T18:28:01Z,2025-08-13T11:22:13Z,4,2,685,29700,10.285285,high,mature,4
AGTool,https://github.com/FateHack/AGTool,34,19,8904,Java,2020-06-24T02:50:59Z,2025-12-01T11:16:51Z,1,0,14,106848,0.199715,low,mature,1
carpet-discarpet,https://github.com/replaceitem/carpet-discarpet,34,7,3137,Java,2020-09-19T13:54:18Z,2026-01-28T18:37:36Z,1,0,629,37644,9.360119,medium,mature,7
axon-springboot-websocket,https://github.com/ivangfr/axon-springboot-websocket,34,11,10296,Java,2020-08-03T11:07:29Z,2025-08-18T09:59:07Z,0,0,69,123552,1.003393,medium,mature,1
developer-village,https://github.com/procompiler/developer-village,34,6,5059,Java,2020-11-11T11:57:51Z,2024-10-14T15:24:02Z,17,0,804,60708,12.287315,high,mature,5
SimRunner,https://github.com/schambon/SimRunner,50,17,492,Java,2021-10-29T16:57:53Z,2026-02-17T09:51:40Z,2,0,225,5904,4.192547,medium,mature,5
spring-ddd-boilerplate,https://github.com/dolap-tech/spring-ddd-boilerplate,50,7,391,Java,2021-05-06T23:31:50Z,2026-03-01T12:41:06Z,0,0,6,4692,0.100784,low,mature,3
starrocks-connector-for-apache-spark,https://github.com/StarRocks/starrocks-connector-for-apache-spark,50,71,360,Java,2021-09-13T06:32:51Z,2026-03-17T13:17:32Z,26,10,108,4320,1.955341,medium,mature,69
chariot,https://github.com/tors42/chariot,50,6,6391,Java,2021-08-12T15:05:40Z,2026-03-22T11:35:12Z,0,0,955,76692,16.9627,high,mature,2
BackDroid,https://github.com/VPRLab/BackDroid,50,9,249073,Java,2021-03-31T02:13:50Z,2025-04-12T08:31:35Z,2,0,27,2988876,0.444323,low,mature,1
meal_ordering_system,https://github.com/CodingLink/meal_ordering_system,50,7,1003,Java,2021-02-18T03:47:42Z,2025-12-24T09:27:31Z,0,0,104,12036,1.67382,medium,mature,3
patterns-distributed-systems,https://github.com/priyaaank/patterns-distributed-systems,50,35,1286,Java,2021-12-13T05:37:39Z,2025-10-05T16:47:32Z,1,0,58,15432,1.111111,medium,mature,1
CommunityPropertyManagementSystem,https://github.com/SimpleGraduationProjects/CommunityPropertyManagementSystem,50,4,47722,Java,2021-10-24T08:26:34Z,2026-03-07T11:05:18Z,0,0,37,572664,0.686881,low,mature,1
jjche-boot,https://github.com/miaoyinjun/jjche-boot,50,14,40881,Java,2021-09-16T03:06:51Z,2026-01-26T01:11:52Z,1,0,412,490572,7.472793,medium,mature,1
medium,https://github.com/georgeberar/medium,50,27,4837,Java,2021-11-24T19:58:59Z,2025-08-12T19:09:37Z,1,0,60,58044,1.136364,medium,mature,1
ruby-dragon,https://github.com/goatshriek/ruby-dragon,50,13,62102,Java,2021-03-08T16:28:57Z,2026-03-21T03:52:38Z,8,0,45,745224,0.731311,low,mature,2
LSPosed,https://github.com/naicfeng/LSPosed,50,18,22217,Java,2021-03-01T09:32:30Z,2026-03-27T10:01:11Z,0,0,3527,266604,57.101997,high,mature,68
JavaHRMS,https://github.com/halitkalayci/JavaHRMS,50,2,542,Java,2021-05-09T14:29:18Z,2025-10-15T20:34:17Z,0,0,17,6504,0.285874,low,mature,1
quarkus-htmx-todos,https://github.com/derkoe/quarkus-htmx-todos,50,5,134,Java,2021-02-04T22:10:08Z,2026-03-25T16:53:38Z,1,0,149,1608,2.38146,medium,mature,3
cyclonedx-linux-generator,https://github.com/CycloneDX/cyclonedx-linux-generator,50,13,4549,Java,2021-05-20T15:48:46Z,2026-02-04T17:53:26Z,5,15,81,54588,1.370558,medium,mature,12
crack-dbeaver-password,https://github.com/geekyouth/crack-dbeaver-password,50,8,257,Java,2021-03-29T12:03:34Z,2026-01-13T13:07:45Z,0,0,91,3084,1.49589,medium,mature,1
grpc-java-sample,https://github.com/helloworlde/grpc-java-sample,50,14,254,Java,2021-01-02T10:00:11Z,2025-08-07T12:25:58Z,0,0,49,3048,0.769231,low,mature,1
AndroidArcoreFacesStreaming,https://github.com/MaximeDup/AndroidArcoreFacesStreaming,50,12,2900,Java,2021-06-14T00:13:08Z,2026-01-07T14:21:32Z,2,0,12,34800,0.20595,low,mature,1
JavaBot,https://github.com/Java-Discord/JavaBot,50,23,5744,Java,2021-05-28T21:32:05Z,2026-03-18T21:04:02Z,20,0,2298,68928,39.081633,high,mature,21
fxsvgimage,https://github.com/hervegirod/fxsvgimage,50,7,2330,Java,2021-06-28T18:55:12Z,2026-03-01T09:37:13Z,15,1,379,27960,6.560877,medium,mature,5
mongo-flink,https://github.com/mongo-flink/mongo-flink,50,19,157,Java,2021-03-28T09:00:29Z,2025-06-11T11:29:22Z,7,1,114,1884,1.872946,medium,mature,3
SensitiveDiscoverer,https://github.com/CYS4srl/SensitiveDiscoverer,50,9,1360,Java,2021-08-25T07:35:39Z,2025-11-09T15:44:48Z,2,1,227,16320,4.063246,medium,mature,9
ijkplayer-android,https://github.com/ShikinChen/ijkplayer-android,50,25,12143,Java,2021-08-30T07:45:12Z,2026-03-23T12:03:40Z,3,0,2670,145716,47.935368,high,mature,42
reactive-todo-list-r2dbc,https://github.com/pictet-technologies-open-source/reactive-todo-list-r2dbc,50,35,5063,Java,2021-04-24T10:40:58Z,2025-06-19T09:40:11Z,0,0,139,60756,2.317954,medium,mature,1
DiscordDiceBot,https://github.com/twonirwana/DiscordDiceBot,50,9,77402,Java,2021-09-26T17:57:46Z,2026-03-27T11:18:47Z,3,1,1167,928824,21.308582,high,mature,3
smartcity_app,https://github.com/Lydever/smartcity_app,50,19,23180,Java,2021-05-28T05:40:26Z,2025-08-12T05:34:55Z,0,0,12,278160,0.203966,low,mature,1
polardbx-tools,https://github.com/polardb/polardbx-tools,50,27,7322,Java,2021-12-29T05:36:24Z,2026-03-24T03:22:16Z,2,1,160,87864,3.096774,medium,mature,8
Attacking_Shiro_with_CVE_2020_2555,https://github.com/feihong-cs/Attacking_Shiro_with_CVE_2020_2555,50,14,85366,Java,2021-03-20T15:28:09Z,2025-10-30T15:45:18Z,0,0,5,1024392,0.081788,low,mature,1
webdav-teambition,https://github.com/jnightlee/webdav-teambition,50,672,90,Java,2021-01-17T01:04:59Z,2025-09-15T02:04:50Z,0,0,12,1080,0.189873,low,mature,2
lucene-serverless,https://github.com/ArsenyYankovsky/lucene-serverless,50,19,123685,Java,2021-03-06T16:27:50Z,2025-04-20T14:37:11Z,0,0,17,1484220,0.275974,low,mature,3
jike-cli,https://github.com/junbaor/jike-cli,50,5,986,Java,2021-06-06T02:12:04Z,2026-02-03T14:06:30Z,0,2,27,11832,0.461276,low,mature,1
warbanner,https://github.com/Sun45/warbanner,49,3,72731,Java,2021-05-29T16:42:50Z,2025-10-03T09:17:01Z,1,0,87,872772,1.479592,medium,mature,1
Interview-Prep,https://github.com/donamj/Interview-Prep,49,12,2488,Java,2021-03-20T02:47:24Z,2024-06-17T09:57:50Z,0,0,36,29856,0.588877,low,mature,1
openk9,https://github.com/smclab/openk9,49,11,60291,Java,2021-02-18T12:06:24Z,2026-03-28T13:35:15Z,0,0,8124,723492,130.751073,high,mature,22
Animatica,https://github.com/FoundationGames/Animatica,49,30,177,Java,2021-09-30T04:06:31Z,2026-01-11T03:01:17Z,29,5,33,2124,0.603659,low,mature,4
AXGraphView,https://github.com/Aghajari/AXGraphView,49,6,15890,Java,2021-01-10T08:16:37Z,2026-01-20T09:22:17Z,1,0,23,190680,0.362585,low,mature,1
StreamRaidersBot,https://github.com/ProjectBots/StreamRaidersBot,49,14,26212,Java,2021-02-19T12:06:24Z,2025-11-30T01:58:20Z,2,0,186,314544,2.995169,medium,mature,2
Jd-Pruchase-Kill-dev,https://github.com/lianghuan-xatu/Jd-Pruchase-Kill-dev,49,35,150,Java,2021-02-04T15:42:36Z,2024-08-28T14:08:42Z,2,0,4,1800,0.063898,low,mature,1
examples,https://github.com/quarkus-for-spring-developers/examples,49,17,2349,Java,2021-01-29T14:44:20Z,2026-02-23T01:46:50Z,0,1,570,28188,9.076433,medium,mature,4
calcite-tutorial,https://github.com/zabetak/calcite-tutorial,49,25,448,Java,2021-05-31T12:42:04Z,2025-09-05T07:24:59Z,4,1,24,5376,0.408627,low,mature,2
opensearch-hadoop,https://github.com/opensearch-project/opensearch-hadoop,49,31,11774,Java,2021-07-23T22:01:41Z,2026-03-21T09:46:15Z,27,6,2677,141288,47.019906,high,mature,173
pinecone-java-client,https://github.com/pinecone-io/pinecone-java-client,49,14,2002,Java,2021-04-09T20:45:27Z,2026-02-08T02:30:19Z,3,9,193,24024,3.193602,medium,mature,22
Java-Questions-and-Solutions,https://github.com/SarthakKeshari/Java-Questions-and-Solutions,49,98,953,Java,2021-07-19T15:44:50Z,2026-03-08T04:21:15Z,15,13,556,11436,9.737303,medium,mature,62
PGdP-Tests-WS21-22,https://github.com/LadnerJonas/PGdP-Tests-WS21-22,49,28,248,Java,2021-11-05T16:46:30Z,2026-01-29T16:55:21Z,0,0,153,2976,2.861596,medium,mature,13
ccx-rpc,https://github.com/chenchuxin/ccx-rpc,49,13,183,Java,2021-08-04T17:16:50Z,2025-07-21T08:38:32Z,0,0,55,2196,0.972877,low,mature,1
CarLauncher,https://github.com/linxu-link/CarLauncher,49,18,29156,Java,2021-09-12T13:19:51Z,2026-03-12T03:05:42Z,3,0,6,349872,0.108565,low,mature,1
AurorasDecorations,https://github.com/LambdAurora/AurorasDecorations,49,15,32043,Java,2021-02-14T15:45:25Z,2026-03-20T15:29:23Z,16,3,396,384516,6.359743,medium,mature,11
status,https://github.com/henkelmax/status,49,17,418,Java,2021-09-16T09:42:44Z,2026-03-24T16:30:46Z,0,0,98,5016,1.777509,medium,mature,7
NeteaseCloudMusicApi-SDK,https://github.com/JackuXL/NeteaseCloudMusicApi-SDK,49,27,90,Java,2021-07-23T06:42:25Z,2026-03-02T06:44:23Z,0,0,22,1080,0.386191,low,mature,1
2021-see-you-there,https://github.com/woowacourse-teams/2021-see-you-there,49,7,6547,Java,2021-07-02T07:51:15Z,2026-01-05T12:23:49Z,2,0,323,78564,5.601156,medium,mature,6
SpringCloud_WebRTC_Online_Meeting,https://github.com/holny/SpringCloud_WebRTC_Online_Meeting,49,20,8546,Java,2021-03-17T08:37:44Z,2026-03-26T00:33:31Z,1,0,28,102552,0.457267,low,mature,1
CodeTour,https://github.com/LefterisXris/CodeTour,48,4,9308,Java,2021-10-28T19:41:53Z,2025-09-09T10:19:13Z,12,1,154,111696,2.867784,medium,mature,4
FEMBOY,https://github.com/k1rak1ra/FEMBOY,48,2,7291,Java,2021-01-24T00:42:48Z,2026-03-15T13:21:39Z,4,0,20,87492,0.317628,low,mature,1
lectureStudio,https://github.com/lectureStudio/lectureStudio,48,10,302229,Java,2021-03-18T20:51:59Z,2026-02-18T13:57:09Z,17,1,1229,3626748,20.092643,high,mature,10
Animalia,https://github.com/FlinTyX/Animalia,48,6,1015,Java,2021-11-28T23:42:27Z,2025-10-31T12:03:50Z,0,0,60,12180,1.139241,medium,mature,5
personal-blog,https://github.com/mao888/personal-blog,48,12,163857,Java,2021-08-25T08:05:57Z,2026-01-03T02:22:24Z,0,1,26,1966284,0.465394,low,mature,2
analysis,https://github.com/xiaoxiangai/analysis,48,13,98,Java,2021-09-22T02:07:31Z,2026-01-31T14:29:55Z,0,0,66,1176,1.201456,medium,mature,2
qupath-extension-stardist,https://github.com/qupath/qupath-extension-stardist,48,7,299,Java,2021-08-06T16:27:20Z,2025-12-13T04:45:50Z,2,0,94,3588,1.663717,medium,mature,2
Meteor-Tweaks,https://github.com/Declipsonator/Meteor-Tweaks,48,2,893,Java,2021-12-23T15:39:10Z,2026-02-28T05:17:08Z,2,0,164,10716,3.161954,medium,mature,1
qoi-java,https://github.com/saharNooby/qoi-java,48,6,418,Java,2021-12-02T13:19:06Z,2026-02-21T19:27:01Z,1,0,36,5016,0.684845,low,mature,2
reactive-pulsar,https://github.com/datastax-archive/reactive-pulsar,48,9,274,Java,2021-08-11T15:52:42Z,2026-03-17T19:57:00Z,1,0,112,3288,1.988166,medium,mature,3
Chat2QQ,https://github.com/DreamVoid/Chat2QQ,48,7,165,Java,2021-07-24T14:48:14Z,2026-01-01T12:28:49Z,1,0,69,1980,1.211944,medium,mature,6
either,https://github.com/jbock-java/either,48,3,278,Java,2021-07-02T15:47:27Z,2026-01-16T05:27:52Z,0,0,111,3336,1.924855,medium,mature,1
ApkBuilder,https://github.com/tyron12233/ApkBuilder,48,31,81387,Java,2021-07-14T08:34:59Z,2026-01-19T03:57:16Z,2,0,49,976644,0.855646,low,mature,4
Log4JShell-Bytecode-Detector,https://github.com/CodeShield-Security/Log4JShell-Bytecode-Detector,48,9,16576,Java,2021-12-12T11:28:34Z,2025-12-09T13:49:35Z,0,0,96,198912,1.837907,medium,mature,6
Book4Programming,https://github.com/ElonZhang-YQ/Book4Programming,48,13,1479196,Java,2021-05-27T20:43:39Z,2026-01-26T04:17:14Z,0,0,1,17750352,0.016997,low,mature,1
flash-pay,https://github.com/mikuhuyo/flash-pay,48,15,7513,Java,2021-08-28T12:56:13Z,2026-02-12T11:12:06Z,1,0,32,90156,0.573819,low,mature,1
DiSky,https://github.com/DiSkyOrg/DiSky,48,22,2063,Java,2021-12-29T21:23:43Z,2026-03-09T11:23:43Z,11,1,797,24756,15.435765,high,mature,13
httpstest,https://github.com/Ch3nYe/httpstest,48,24,159,Java,2021-04-30T02:07:39Z,2025-12-01T11:18:01Z,0,0,10,1908,0.167317,low,mature,1
COOL,https://github.com/COOL-cohort/COOL,48,17,23263,Java,2021-12-16T08:24:05Z,2026-03-15T20:57:38Z,19,4,814,279156,15.6238,high,mature,15
data-manager-service,https://github.com/ZhangLe1993/data-manager-service,48,19,64418,Java,2021-08-02T05:38:21Z,2026-03-21T10:27:46Z,0,0,17,773016,0.300177,low,mature,1
minecraft-voxel-loader,https://github.com/carl-vbn/minecraft-voxel-loader,48,6,154,Java,2021-07-31T19:35:09Z,2025-06-23T12:38:30Z,1,0,8,1848,0.141176,low,mature,1
FireflyVideo,https://github.com/Pangu-Immortal/FireflyVideo,48,28,35156,Java,2021-08-27T02:37:49Z,2026-02-09T03:43:23Z,0,0,27,421872,0.483871,low,mature,1
performance-analyzer,https://github.com/opensearch-project/performance-analyzer,48,75,68339,Java,2021-04-02T20:30:44Z,2026-03-26T11:13:50Z,45,44,520,820068,8.571429,medium,mature,170
bili-recorder,https://github.com/chocotan/bili-recorder,48,4,555,Java,2021-04-23T06:34:16Z,2025-07-12T22:54:07Z,0,0,192,6660,3.2,medium,mature,1
Plugin-Java,https://github.com/DroidScript/Plugin-Java,48,18,158,Java,2021-10-22T00:21:38Z,2026-03-06T00:16:50Z,1,1,12,1896,0.222497,low,mature,0
in-bob-we-trust,https://github.com/f-lab-edu/in-bob-we-trust,48,11,26554,Java,2021-11-29T13:47:06Z,2025-07-30T03:44:22Z,6,0,174,318648,3.303797,medium,mature,39
clash_royale_game,https://github.com/Noisyboy-9/clash_royale_game,48,32,36721,Java,2021-06-30T12:02:10Z,2026-03-11T19:05:20Z,1,0,526,440652,9.110855,medium,mature,2
ratel-module-template,https://github.com/virjarRatel/ratel-module-template,48,58,3110,Java,2021-09-05T09:50:33Z,2026-02-26T02:08:09Z,0,0,2,37320,0.036036,low,mature,1
tiny-movie-catalog-microservice-app,https://github.com/SelimHorri/tiny-movie-catalog-microservice-app,48,3,122,Java,2021-07-31T14:53:53Z,2025-08-30T22:42:42Z,0,0,52,1464,0.917108,low,mature,1
yidun-java-sdk,https://github.com/yidun/yidun-java-sdk,48,16,2318,Java,2021-07-09T02:51:25Z,2026-03-18T09:49:03Z,2,0,503,27816,8.75798,medium,mature,7
Fabric-Tutorial-1.18.1,https://github.com/Tutorials-By-Kaupenjoe/Fabric-Tutorial-1.18.1,48,20,3652,Java,2021-12-27T09:56:07Z,2025-12-15T12:17:01Z,2,0,82,43824,1.585052,medium,mature,1
code-diff,https://github.com/rayduan/code-diff,48,40,2431,Java,2021-01-11T04:38:58Z,2025-09-28T03:21:13Z,2,1,178,29172,2.807571,medium,mature,1
FilePicker,https://github.com/DyncKathline/FilePicker,48,9,380,Java,2021-01-07T02:16:48Z,2026-01-19T03:57:08Z,4,0,22,4560,0.346275,low,mature,2
KAIMyEntity,https://github.com/asuka-mio/KAIMyEntity,48,13,222,Java,2021-09-11T11:50:51Z,2026-03-09T23:48:45Z,4,2,48,2664,0.867993,low,mature,3
easy-modeling,https://github.com/easymodeling/easy-modeling,48,3,911,Java,2021-11-21T22:44:07Z,2026-01-22T13:19:53Z,2,6,354,10932,6.691871,medium,mature,1
pocketuni-Kill,https://github.com/MarvinChiang/pocketuni-Kill,48,14,13725,Java,2021-05-29T04:43:44Z,2026-03-24T02:42:50Z,7,0,9,164700,0.153061,low,mature,1
dio-java,https://github.com/8rux40/dio-java,48,10,124,Java,2021-04-29T13:13:24Z,2023-12-03T18:43:40Z,8,1,54,1488,0.90301,low,mature,1
byzer-notebook,https://github.com/byzer-org/byzer-notebook,48,33,498,Java,2021-11-11T02:57:09Z,2025-07-01T03:07:10Z,35,2,209,5976,3.923655,medium,mature,18
minecraft-command-permissions-fabric,https://github.com/lucko/minecraft-command-permissions-fabric,48,21,141,Java,2021-04-10T07:30:14Z,2026-01-27T16:11:17Z,9,0,38,1692,0.628792,low,mature,8
mftool-java,https://github.com/ankitwasankar/mftool-java,48,40,204,Java,2021-07-13T09:09:28Z,2025-10-14T09:40:04Z,1,2,105,2448,1.832461,medium,mature,2
MSPaint,https://github.com/mohitsainiknl/MSPaint,47,3,48837,Java,2021-08-05T15:20:41Z,2026-02-20T04:36:22Z,0,0,18,586044,0.318396,low,mature,1
SccMall,https://github.com/shuaici/SccMall,47,10,5170,Java,2021-11-23T10:40:16Z,2025-05-26T09:17:55Z,0,0,2,62040,0.037831,low,mature,1
polardbx-glue,https://github.com/polardb/polardbx-glue,47,37,3317,Java,2021-10-16T05:50:56Z,2025-12-15T05:54:31Z,0,1,26,39804,0.480296,low,mature,16
di-kafkameter,https://github.com/rollno748/di-kafkameter,47,13,16211,Java,2021-02-27T09:15:45Z,2026-01-04T15:38:52Z,7,0,45,194532,0.727763,low,mature,2
react-native-compressed-jsbundle,https://github.com/ivanmoskalev/react-native-compressed-jsbundle,47,2,1963,Java,2021-09-11T08:51:38Z,2026-02-05T01:08:51Z,3,13,29,23556,0.524412,low,mature,2
ps3netsrv-android,https://github.com/jhonathanc/ps3netsrv-android,47,5,2349,Java,2021-07-22T12:11:24Z,2026-03-20T16:25:20Z,1,0,253,28188,4.438596,medium,mature,4
Custom-Machinery,https://github.com/Frinn38/Custom-Machinery,47,28,5225,Java,2021-03-02T16:21:50Z,2026-03-01T09:15:47Z,4,0,881,62700,14.271058,high,mature,9
telegram-sms-china,https://github.com/telegram-sms/telegram-sms-china,47,9,3548,Java,2021-03-07T22:18:14Z,2025-03-22T12:32:50Z,0,0,1117,42576,18.152763,high,mature,4
Sistema-venta-java-v1,https://github.com/VidaInformatico/Sistema-venta-java-v1,47,23,6260,Java,2021-07-26T14:38:17Z,2026-01-15T13:20:08Z,1,1,12,75120,0.21102,low,mature,1
aliucord-plugins,https://github.com/RhythmLunatic/aliucord-plugins,47,12,393,Java,2021-09-23T20:37:01Z,2026-03-11T17:27:56Z,5,4,65,4716,1.18469,medium,mature,7
LanguageReload,https://github.com/Jerozgen/LanguageReload,47,26,604,Java,2021-09-14T10:14:36Z,2026-03-24T17:46:06Z,4,1,183,7248,3.315217,medium,mature,23
nextcloud-maps-client,https://github.com/penguin86/nextcloud-maps-client,47,4,6905,Java,2021-08-28T20:30:47Z,2026-02-19T08:53:03Z,16,0,125,82860,2.242823,medium,mature,1
7d-mall-microservice,https://github.com/xncssj/7d-mall-microservice,47,36,61979,Java,2021-04-07T09:49:51Z,2026-02-11T16:40:40Z,0,0,25,743748,0.412996,low,mature,3
micronaut-guides,https://github.com/micronaut-projects/micronaut-guides,47,43,3057217,Java,2021-01-05T12:04:44Z,2026-03-16T14:10:30Z,156,55,1238,36686604,19.465409,high,mature,48
gflog,https://github.com/epam/gflog,47,3,418,Java,2021-02-05T00:49:27Z,2025-11-28T16:50:48Z,3,0,100,5016,1.598295,medium,mature,8
C-DAC-Notes,https://github.com/shreeshailaya/C-DAC-Notes,47,64,40449,Java,2021-05-02T06:24:58Z,2026-01-07T02:18:53Z,20,1,482,485388,8.073702,medium,mature,36
ezaai,https://github.com/endixk/ezaai,47,6,101675,Java,2021-02-02T07:11:37Z,2026-03-10T11:36:18Z,20,0,80,1220100,1.276596,medium,mature,4
Transcoding,https://github.com/nokbita/Transcoding,47,3,86,Java,2021-06-13T13:41:26Z,2026-03-27T12:50:44Z,0,0,19,1032,0.325901,low,mature,1
Framework,https://github.com/MrCrayfish/Framework,47,11,1793,Java,2021-11-23T12:10:21Z,2026-03-28T03:19:51Z,8,0,565,21516,10.687264,high,mature,4
labymod3-server-api,https://github.com/LabyMod/labymod3-server-api,47,22,311,Java,2021-04-04T06:19:17Z,2025-10-23T16:01:17Z,9,2,30,3732,0.494777,low,mature,11
Beyond-Earth,https://github.com/MrScautHD/Beyond-Earth,47,31,9917,Java,2021-12-04T13:49:54Z,2025-07-29T14:05:43Z,40,0,888,119004,16.914286,high,mature,12
phoneME,https://github.com/magicus/phoneME,47,18,62753,Java,2021-11-19T01:07:03Z,2026-03-23T04:35:37Z,0,0,5148,753036,97.132075,high,mature,5
IllegalBlocks,https://github.com/8s2/IllegalBlocks,47,39,100,Java,2021-09-20T19:38:44Z,2025-10-26T18:00:59Z,8,1,3,1200,0.054579,low,mature,1
jdk8u,https://github.com/adoptium/jdk8u,47,16,203812,Java,2021-12-06T10:42:15Z,2026-03-24T15:18:24Z,0,0,49687,2445744,947.622378,high,mature,379
barinsta,https://github.com/masuvern/barinsta,47,11,35723,Java,2021-07-28T15:28:27Z,2025-09-28T12:09:28Z,1,0,2464,428676,43.380282,high,mature,30
AutoAPE-mrms,https://github.com/seculayer/AutoAPE-mrms,47,39,397,Java,2021-05-24T08:23:48Z,2025-09-25T01:02:57Z,1,1,172,4764,2.916902,medium,mature,4
litewallet-android,https://github.com/litecoin-foundation/litewallet-android,47,19,95419,Java,2021-11-18T23:38:01Z,2025-08-15T00:36:58Z,35,2,45,1145028,0.849057,low,mature,4
PriorityWindow,https://github.com/HeroKince/PriorityWindow,47,7,195,Java,2021-03-26T13:09:13Z,2024-10-14T02:37:37Z,1,0,23,2340,0.377462,low,mature,1
Some-Java-Obfuscator,https://github.com/ssheera/Some-Java-Obfuscator,47,4,1361,Java,2021-12-01T01:29:25Z,2026-02-06T09:40:44Z,1,0,50,16332,0.95057,low,mature,2
sample-java-new-features,https://github.com/piomin/sample-java-new-features,47,9,88,Java,2021-02-01T17:03:33Z,2026-03-11T23:03:22Z,2,0,127,1056,2.026596,medium,mature,1
MCDoom,https://github.com/AzureDoom/MCDoom,47,18,41348,Java,2021-09-06T02:53:53Z,2026-02-03T18:12:56Z,5,1,503,496176,9.06851,medium,mature,3
encodeSo,https://github.com/Huyehan/encodeSo,47,26,5667,Java,2021-06-06T09:19:19Z,2026-01-24T02:48:12Z,2,0,1,68004,0.017084,low,mature,1
Fitness-Trainer-Application,https://github.com/adaline-ankit/Fitness-Trainer-Application,47,12,100666,Java,2021-07-21T08:48:35Z,2025-11-26T08:08:00Z,1,0,5,1207992,0.087668,low,mature,1
keycloak-verify-email-by-code,https://github.com/RedFroggy/keycloak-verify-email-by-code,47,18,215,Java,2021-06-09T13:48:30Z,2026-03-14T07:40:13Z,5,1,43,2580,0.735881,low,mature,8
HTTP-Injector,https://github.com/AlizerUncaged/HTTP-Injector,47,13,318,Java,2021-07-18T16:52:35Z,2026-03-04T02:55:59Z,2,0,3,3816,0.052509,low,mature,1
Spendee-Expense-Tracker-and-Budget-Manager,https://github.com/Priyansh42/Spendee-Expense-Tracker-and-Budget-Manager,46,24,10360,Java,2021-04-19T19:55:07Z,2026-03-24T14:56:32Z,1,0,27,124320,0.449251,low,mature,5
react-native-text-input-interactive,https://github.com/kuraydev/react-native-text-input-interactive,46,11,14624,Java,2021-08-06T14:09:57Z,2025-12-30T03:44:01Z,2,0,29,175488,0.513274,low,mature,1
Bank-Management-System,https://github.com/halts440/Bank-Management-System,46,28,10806,Java,2021-07-23T07:14:55Z,2026-03-09T10:57:38Z,1,7,8,129672,0.140433,low,mature,1
alloy-forgery,https://github.com/wisp-forest/alloy-forgery,46,25,1304,Java,2021-01-13T18:19:25Z,2026-01-05T19:01:55Z,9,4,307,15648,4.849921,medium,mature,18
unicorn,https://github.com/lWoHvYe/unicorn,46,23,24020,Java,2021-03-23T03:04:54Z,2026-03-24T12:41:10Z,0,4,2583,288240,42.321136,high,mature,36
LittleLogistics,https://github.com/MuradAkh/LittleLogistics,46,23,4737,Java,2021-12-07T02:22:57Z,2025-03-30T18:36:55Z,37,3,502,56844,9.580153,medium,mature,11
edu-samples,https://github.com/dunithd/edu-samples,46,27,597,Java,2021-02-21T07:24:30Z,2025-10-24T12:16:00Z,1,0,25,7164,0.403009,low,mature,1
filehunter,https://github.com/Ogefest/filehunter,46,2,2952,Java,2021-08-24T21:16:49Z,2026-02-13T14:50:37Z,0,0,102,35424,1.825776,medium,mature,1
appmap-intellij-plugin,https://github.com/getappmap/appmap-intellij-plugin,46,9,76366,Java,2021-04-08T14:25:06Z,2026-03-25T19:42:39Z,78,1,1257,916392,20.77686,high,mature,14
https-github.com-devopshydclub-vprofile-project,https://github.com/watchip2/https-github.com-devopshydclub-vprofile-project,46,160,51807,Java,2021-01-21T18:40:50Z,2025-11-04T05:34:19Z,0,2,25,621684,0.396616,low,mature,4
Software-Design-and-Architecture-Specialization-Coursera,https://github.com/bishwa-poudel/Software-Design-and-Architecture-Specialization-Coursera,46,34,5495,Java,2021-01-30T15:17:25Z,2026-03-27T09:58:32Z,0,0,7,65940,0.111524,low,mature,1
MRPC,https://github.com/khanhduytran0/MRPC,46,16,294,Java,2021-11-29T10:35:59Z,2026-03-14T05:13:22Z,4,0,14,3528,0.265823,low,mature,1
Daedalus,https://github.com/Auties00/Daedalus,46,5,2763,Java,2021-06-02T09:22:46Z,2026-03-25T03:13:01Z,7,0,309,33156,5.267045,medium,mature,2
taobaoke,https://github.com/weixin2026/taobaoke,46,16,3511,Java,2021-07-12T08:38:09Z,2026-02-03T14:47:46Z,0,0,1,42132,0.017442,low,mature,1
SimZonns,https://github.com/seanpm2001/SimZonns,46,9,41420,Java,2021-06-16T00:00:33Z,2026-03-17T11:42:55Z,0,0,158,497040,2.714777,medium,mature,1
xpu01,https://github.com/eksenior/xpu01,46,18,271,Java,2021-06-01T21:30:16Z,2025-12-01T11:18:09Z,1,0,8,3252,0.136364,low,mature,1
kafka-edu,https://github.com/mongodb-university/kafka-edu,46,34,221,Java,2021-01-07T16:29:37Z,2025-10-06T09:27:49Z,6,1,28,2652,0.440714,low,mature,55
AndroidHttpCapture,https://github.com/mdjsxy111/AndroidHttpCapture,46,13,2595,Java,2021-04-28T08:38:00Z,2025-12-10T10:18:51Z,0,0,1,31140,0.016713,low,mature,1
Anticheat-Open-Source,https://github.com/DemonDxv/Anticheat-Open-Source,46,13,669,Java,2021-06-20T01:55:10Z,2026-02-18T00:17:24Z,0,0,119,8028,2.049369,medium,mature,4
AIFO,https://github.com/netx-repo/AIFO,46,13,2618,Java,2021-05-25T12:34:30Z,2025-11-20T01:17:55Z,1,0,11,31416,0.186652,low,mature,1
DESim,https://github.com/fpgacademy/DESim,46,10,8910,Java,2021-01-15T04:29:42Z,2026-03-24T00:03:53Z,0,0,114,106920,1.801897,medium,mature,3
medicine_sales,https://github.com/DucanEdwards/medicine_sales,46,4,707,Java,2021-05-08T14:27:02Z,2026-03-26T04:19:36Z,1,0,35,8484,0.588235,low,mature,1
getting-started-java,https://github.com/qa-guru/getting-started-java,46,33,2858,Java,2021-10-10T13:47:15Z,2026-01-31T06:55:29Z,0,2,31,34296,0.570552,low,mature,8
SpringMVC-Demo,https://github.com/mowangblog/SpringMVC-Demo,46,29,428,Java,2021-10-06T09:29:28Z,2025-11-11T12:35:09Z,0,0,16,5136,0.293758,low,mature,1
Android_Basic_MusicApp,https://github.com/bimalkaf/Android_Basic_MusicApp,46,38,664,Java,2021-10-31T08:07:19Z,2025-09-29T04:04:33Z,1,2,2,7968,0.03729,low,mature,2
Periodic-Table-Reforged,https://github.com/Someone-Else-Was-Taken/Periodic-Table-Reforged,46,12,2587,Java,2021-10-01T23:52:42Z,2024-11-10T07:26:56Z,114,0,217,31044,3.974359,medium,mature,2
ancba,https://github.com/anjoy8/ancba,46,14,1086,Java,2021-06-24T03:40:52Z,2026-02-11T16:43:29Z,4,0,165,13032,2.848101,medium,mature,2
Primitive-Collections,https://github.com/Speiger/Primitive-Collections,46,4,6952,Java,2021-06-22T14:06:29Z,2025-08-13T11:22:59Z,6,0,369,83424,6.362069,medium,mature,1
AnimatedArchitecture,https://github.com/PimvanderLoos/AnimatedArchitecture,46,9,305745,Java,2021-04-15T06:35:36Z,2026-03-08T17:48:21Z,41,2,4031,3668940,66.886062,high,mature,25
testcontainers-redis,https://github.com/redis-field-engineering/testcontainers-redis,46,10,2143,Java,2021-04-15T16:57:35Z,2026-02-24T19:15:16Z,7,2,283,25716,4.698395,medium,mature,3
1.8.9ForgeTemplate,https://github.com/dxxxxy/1.8.9ForgeTemplate,46,15,251,Java,2021-12-19T00:06:14Z,2026-03-28T08:25:34Z,0,0,11,3012,0.211538,low,mature,1
AdvancedChatCore,https://github.com/DarkKronicle/AdvancedChatCore,46,38,6131,Java,2021-08-10T16:46:45Z,2026-01-28T22:04:53Z,29,2,258,73572,4.577173,medium,mature,10
geospatial,https://github.com/opensearch-project/geospatial,46,49,9878,Java,2021-07-07T17:27:40Z,2026-02-26T22:20:37Z,26,2,274,118536,4.767981,medium,mature,165
elementary,https://github.com/Pante/elementary,46,6,1267,Java,2021-01-11T02:54:04Z,2026-03-28T15:11:21Z,2,10,851,15204,13.422713,high,mature,3
nebula-jdbc,https://github.com/nebula-contrib/nebula-jdbc,45,18,1000,Java,2021-11-11T11:05:42Z,2025-12-09T01:25:40Z,11,1,69,12000,1.295369,medium,mature,12
Networks,https://github.com/Sefiraat/Networks,45,78,1843,Java,2021-12-16T11:51:21Z,2025-11-10T03:44:53Z,45,16,312,22116,5.988484,medium,mature,13
Auto-Clicker,https://github.com/AdvancedXRay/Auto-Clicker,45,28,256,Java,2021-02-09T21:15:09Z,2026-03-08T13:15:46Z,24,1,142,3072,2.275641,medium,mature,9
HRMSApplication,https://github.com/ibrhmusta/HRMSApplication,45,0,1217,Java,2021-05-11T14:24:56Z,2025-05-07T17:58:18Z,0,0,24,14604,0.40404,low,mature,1
workshops,https://github.com/graalvm/workshops,45,11,120757,Java,2021-05-20T17:11:48Z,2026-02-20T17:55:15Z,0,0,302,1449084,5.112867,medium,mature,62
CarServerArch,https://github.com/linxu-link/CarServerArch,45,12,111,Java,2021-11-21T11:06:43Z,2026-01-16T11:51:38Z,1,0,3,1332,0.056675,low,mature,1
ksan,https://github.com/infinistor/ksan,45,2,20069,Java,2021-11-29T06:29:52Z,2026-03-26T16:47:42Z,1,0,1774,240828,33.683544,high,mature,9
Bigdata_Code_Tutorial,https://github.com/SophiaData/Bigdata_Code_Tutorial,45,22,52500,Java,2021-12-28T05:52:45Z,2026-03-02T03:41:52Z,4,0,227,630000,4.390716,medium,mature,5
auto-data-tokenize,https://github.com/GoogleCloudPlatform/auto-data-tokenize,45,18,1532,Java,2021-01-05T02:13:42Z,2026-01-23T21:28:35Z,3,6,76,18384,1.194969,medium,mature,466
EnjoyVIID,https://github.com/tsingeye/EnjoyVIID,45,23,343,Java,2021-09-23T08:17:24Z,2025-10-16T06:21:56Z,1,0,2,4116,0.03643,low,mature,1
pragmatica-lite,https://github.com/siy/pragmatica-lite,45,5,2194,Java,2021-10-17T07:24:51Z,2026-03-23T15:29:08Z,6,0,295,26328,5.452865,medium,mature,2
graphql-gateway,https://github.com/joaquin-alfaro/graphql-gateway,45,27,267,Java,2021-01-03T19:46:31Z,2025-11-13T20:39:06Z,1,0,5,3204,0.078575,low,mature,1
nccommunity,https://github.com/LanjunC/nccommunity,45,11,358,Java,2021-04-19T07:26:33Z,2025-11-14T01:46:01Z,1,0,14,4296,0.232816,low,mature,1
CMILib,https://github.com/Zrips/CMILib,45,36,4833,Java,2021-06-21T07:47:30Z,2026-03-27T12:30:24Z,29,1,454,57996,7.82309,medium,mature,14
JavaFXCustomControls,https://github.com/HanSolo/JavaFXCustomControls,45,11,157,Java,2021-01-18T10:24:27Z,2026-03-23T15:26:32Z,0,0,14,1884,0.221636,low,mature,1
HRMS_Spring,https://github.com/kalayciburak/HRMS_Spring,45,1,1145,Java,2021-05-10T22:12:18Z,2025-02-22T19:09:33Z,0,1,46,13740,0.774411,low,mature,1
Android-MaliciousAccessibilityServiceAppsDetector,https://github.com/theowni/Android-MaliciousAccessibilityServiceAppsDetector,45,10,99866,Java,2021-05-17T17:43:20Z,2026-03-24T20:32:39Z,0,0,18,1198392,0.304225,low,mature,2
ddd-banking-example-java,https://github.com/lilienth/ddd-banking-example-java,45,21,237,Java,2021-01-06T09:34:07Z,2026-03-26T14:36:50Z,0,0,103,2844,1.620346,medium,mature,3
Phobos-1.16,https://github.com/MOMIN5/Phobos-1.16,45,4,151,Java,2021-05-06T17:32:16Z,2026-03-09T18:08:20Z,3,0,18,1812,0.302352,low,mature,19
letsencrypt-helper,https://github.com/valb3r/letsencrypt-helper,45,6,231,Java,2021-11-08T05:55:05Z,2025-12-27T01:18:44Z,8,1,127,2772,2.379763,medium,mature,3
BorderRemover,https://github.com/PercyDan54/BorderRemover,45,11,117,Java,2021-04-14T11:43:58Z,2026-02-03T12:52:25Z,7,0,22,1404,0.364842,low,mature,1
LunarRemapper,https://github.com/Decencies/LunarRemapper,45,3,132,Java,2021-09-26T14:47:43Z,2026-03-03T11:15:01Z,2,0,20,1584,0.364964,low,mature,2
mvnmin,https://github.com/elasticpath/mvnmin,45,0,149,Java,2021-06-09T20:40:59Z,2025-08-28T03:37:43Z,7,2,32,1788,0.547945,low,mature,3
BitBook,https://github.com/C-Otto/BitBook,45,4,2738,Java,2021-04-07T21:20:12Z,2025-09-01T06:46:37Z,31,2,432,32856,7.140496,medium,mature,1
KGit,https://github.com/sya-ri/KGit,45,9,479,Java,2021-01-08T07:46:11Z,2026-03-23T13:05:13Z,1,3,116,5748,1.826772,medium,mature,2
desafios-dio,https://github.com/cassio-kendi/desafios-dio,45,7,84,Java,2021-03-04T14:26:29Z,2023-02-23T00:38:56Z,0,0,41,1008,0.664865,low,mature,2
externalized-properties,https://github.com/joel-jeremy/externalized-properties,45,3,1716,Java,2021-10-29T19:04:28Z,2026-02-02T21:20:06Z,0,7,281,20592,5.236025,medium,mature,1
Compiler-SYSU,https://github.com/He-Ze/Compiler-SYSU,45,3,329898,Java,2021-03-04T06:46:09Z,2026-03-26T02:58:23Z,0,0,89,3958776,1.443243,medium,mature,1
FrostBurn,https://github.com/evaan/FrostBurn,45,9,824,Java,2021-03-09T23:00:10Z,2026-02-11T13:40:32Z,0,0,135,9888,2.196312,medium,mature,4
luna-shield,https://github.com/mistertest/luna-shield,45,4,37814,Java,2021-07-15T15:00:48Z,2026-01-31T15:46:19Z,4,0,75,453768,1.310425,medium,mature,1
OnlineVotingSystem,https://github.com/yashtailor/OnlineVotingSystem,45,17,443,Java,2021-04-22T12:25:50Z,2026-02-08T19:01:35Z,2,0,4,5316,0.06663,low,mature,1
Autoc0de-WEB,https://github.com/underc0delabs/Autoc0de-WEB,45,7,1410,Java,2021-03-22T19:50:09Z,2025-04-21T15:22:54Z,0,0,68,16920,1.114145,medium,mature,3
Azurite,https://github.com/azurite-engine/Azurite,45,17,41707,Java,2021-02-20T19:05:27Z,2026-01-30T03:26:31Z,5,0,720,500484,11.606663,high,mature,10
flink-connector-kudu,https://github.com/collabH/flink-connector-kudu,45,24,145,Java,2021-03-03T14:27:43Z,2025-06-20T12:11:54Z,3,0,32,1740,0.518639,low,mature,1
SimServerAndroid,https://github.com/zhuowei/SimServerAndroid,45,12,140,Java,2021-11-13T19:15:35Z,2026-02-27T13:53:45Z,0,0,5,1680,0.094044,low,mature,1
ExcelUtil,https://github.com/nambach/ExcelUtil,45,5,2095,Java,2021-07-17T11:12:18Z,2025-08-28T04:15:08Z,0,2,171,25140,2.991254,medium,mature,4
mapmarks,https://github.com/casey-c/mapmarks,45,5,9580,Java,2021-09-09T01:28:40Z,2026-03-07T01:34:33Z,3,2,21,114960,0.37929,low,mature,1
amazon-msk-java-app-cdk,https://github.com/aws-samples/amazon-msk-java-app-cdk,45,22,339,Java,2021-04-09T12:21:57Z,2026-01-12T17:59:31Z,1,1,7,4068,0.115766,low,mature,10
ClientBase,https://github.com/ZWareDevelopment/ClientBase,45,10,164,Java,2021-04-09T20:49:35Z,2025-08-01T14:37:19Z,0,0,46,1968,0.761169,low,mature,3
WorldPreview,https://github.com/VoidXWalker/WorldPreview,45,20,2017,Java,2021-12-20T17:32:01Z,2025-11-12T21:57:53Z,10,0,71,24204,1.367137,medium,mature,4
hj212-protocol,https://github.com/guocay/hj212-protocol,45,21,1759,Java,2021-09-27T09:05:05Z,2026-03-28T04:20:46Z,4,0,12,21108,0.219111,low,mature,1
lampo,https://github.com/PharmEasyEngg/lampo,44,7,11269,Java,2021-01-03T15:23:45Z,2026-01-30T14:43:47Z,5,0,26,135228,0.408377,low,mature,3
ksef-java-rest-client,https://github.com/alapierre/ksef-java-rest-client,44,12,487,Java,2021-12-19T15:50:43Z,2026-02-13T18:44:01Z,1,10,272,5844,5.230769,medium,mature,7
XCTF2021Final-Dubbo,https://github.com/LFYSec/XCTF2021Final-Dubbo,44,1,39678,Java,2021-05-30T10:10:45Z,2024-12-20T03:15:53Z,1,0,1,476136,0.017016,low,mature,1
scout.rt,https://github.com/eclipse-scout/scout.rt,44,54,130840,Java,2021-08-16T17:42:36Z,2026-03-25T12:07:17Z,0,43,18498,1570080,329.536817,high,mature,90
PhantomProcessesSavior,https://github.com/dttzyjw0012/PhantomProcessesSavior,44,3,219,Java,2021-11-06T01:52:12Z,2026-01-07T13:43:12Z,0,0,8,2628,0.149719,low,mature,1
ModuleManager,https://github.com/theCakeOfCupid/ModuleManager,44,4,252,Java,2021-07-18T16:23:56Z,2025-07-14T09:30:21Z,4,0,20,3024,0.350058,low,mature,1
processing-core-4,https://github.com/micycle1/processing-core-4,44,13,1043,Java,2021-01-24T11:33:51Z,2026-03-07T21:01:27Z,2,0,79,12516,1.254632,medium,mature,2
ThermalFoundation,https://github.com/CoFH/ThermalFoundation,44,27,6357,Java,2021-08-02T19:10:20Z,2026-03-05T22:22:20Z,0,1,314,76284,5.547703,medium,mature,19
HHUClassSchedule,https://github.com/yuchenii/HHUClassSchedule,44,27,19371,Java,2021-04-19T11:21:47Z,2026-03-11T12:25:36Z,0,0,132,232452,2.195122,medium,mature,5
process-cloud,https://github.com/tudouxian/process-cloud,44,11,2901,Java,2021-09-07T09:43:41Z,2024-08-17T13:50:34Z,0,0,21,34812,0.378833,low,mature,2
ConferenceRoomReservationManagementSystem,https://github.com/SimpleGraduationProjects/ConferenceRoomReservationManagementSystem,44,4,16158,Java,2021-10-16T02:00:14Z,2026-03-16T11:27:51Z,0,0,18,193896,0.332512,low,mature,1
spring-boot-docker-app,https://github.com/ashokitschool/spring-boot-docker-app,44,666,93,Java,2021-12-05T02:32:52Z,2025-12-11T05:05:19Z,0,8,70,1116,1.33418,medium,mature,2
VoxelMap,https://github.com/fantahund/VoxelMap,44,19,3708,Java,2021-12-24T12:31:05Z,2026-03-25T17:21:43Z,24,0,855,44496,16.495177,high,mature,18
blueberry,https://github.com/RabbitNoTeeth/blueberry,44,19,455,Java,2021-04-24T14:35:51Z,2025-08-07T12:26:17Z,1,0,5,5460,0.08338,low,mature,1
Catalogue,https://github.com/MrCrayfish/Catalogue,44,32,907,Java,2021-04-02T07:43:43Z,2026-03-25T12:01:47Z,12,1,220,10884,3.624382,medium,mature,8
Balm,https://github.com/TwelveIterations/Balm,44,30,5905,Java,2021-06-12T08:57:08Z,2026-03-28T14:52:19Z,2,0,1895,70860,32.485714,high,mature,18
temporal-patient-onboarding,https://github.com/tsurdilo/temporal-patient-onboarding,44,28,1198,Java,2021-04-15T15:13:29Z,2026-02-02T22:57:29Z,0,0,42,14376,0.696903,low,mature,2
FunctionalStorage,https://github.com/Buuz135/FunctionalStorage,44,53,1788,Java,2021-12-17T19:51:55Z,2026-01-26T22:21:07Z,134,11,549,21456,10.550929,high,mature,31
AndroidReversePractice,https://github.com/Forgo7ten/AndroidReversePractice,44,22,10640,Java,2021-10-30T12:52:23Z,2026-02-19T08:37:54Z,0,0,18,127680,0.335404,low,mature,1
react-native-braintree,https://github.com/ekreative/react-native-braintree,44,22,1035,Java,2021-05-25T11:11:01Z,2025-02-18T04:10:26Z,4,0,130,12420,2.205882,medium,mature,16
Algorithm,https://github.com/ROUTINE-STUDY/Algorithm,44,7,636,Java,2021-06-19T03:09:46Z,2024-09-10T08:14:56Z,1,19,790,7632,13.597246,high,mature,3
IEC104,https://github.com/qubbei/IEC104,44,19,315,Java,2021-08-18T09:28:32Z,2026-03-05T16:40:51Z,1,0,8,3780,0.142602,low,mature,2
SnapTrap,https://github.com/TheGreyRaven/SnapTrap,44,4,3774,Java,2021-09-15T17:37:46Z,2024-07-11T20:47:11Z,1,0,55,45288,0.997582,low,mature,2
Movie-Streaming,https://github.com/mojtaba28/Movie-Streaming,44,9,40922,Java,2021-05-17T12:58:37Z,2025-07-30T15:56:05Z,2,0,14,491064,0.236486,low,mature,1
Dont_Kill_My_App,https://github.com/psa98/Dont_Kill_My_App,44,4,2881,Java,2021-07-31T09:59:09Z,2025-03-08T19:51:41Z,2,0,64,34572,1.128748,medium,mature,1
ssm_rec_job_website,https://github.com/bysj2022NB/ssm_rec_job_website,44,5,1156,Java,2021-12-24T16:33:57Z,2026-01-29T03:43:51Z,0,0,2,13872,0.038585,low,mature,1
gitofolio,https://github.com/gitofolio/gitofolio,44,3,689,Java,2021-11-02T13:16:41Z,2025-08-13T11:23:18Z,0,0,147,8268,2.744244,medium,mature,3
redis-kafka-connect,https://github.com/redis-field-engineering/redis-kafka-connect,44,38,2253,Java,2021-01-14T02:13:16Z,2026-01-27T02:52:25Z,15,9,311,27036,4.913112,medium,mature,8
wechat-spring-boot-starter,https://github.com/lcy19930619/wechat-spring-boot-starter,44,7,3478,Java,2021-01-18T13:28:03Z,2026-02-13T12:14:48Z,0,0,338,41736,5.350923,medium,mature,6
clubhouse-web,https://github.com/seovchinnikov/clubhouse-web,44,13,161748,Java,2021-03-16T12:05:39Z,2026-02-21T20:59:29Z,3,0,31,1940976,0.505985,low,mature,3
ICCBot,https://github.com/SQUARE-RG/ICCBot,44,14,379785,Java,2021-08-26T12:18:49Z,2026-03-09T09:17:53Z,3,0,341,4557420,6.107463,medium,mature,4
Launcher3,https://github.com/siren-ocean/Launcher3,44,21,101313,Java,2021-10-31T09:31:00Z,2026-03-16T03:20:14Z,0,0,12,1215756,0.223741,low,mature,1
bistouryX,https://github.com/xopencode/bistouryX,43,15,12794,Java,2021-08-16T07:06:18Z,2025-09-28T15:25:02Z,10,0,7,153528,0.124629,low,mature,1
sap-cf-proxy,https://github.com/jowavp/sap-cf-proxy,43,14,524,Java,2021-03-13T22:29:45Z,2025-09-20T18:25:27Z,2,0,83,6288,1.353261,medium,mature,6
SypherEngine,https://github.com/SypherEngine/SypherEngine,43,3,583,Java,2021-07-11T07:31:46Z,2026-03-11T08:16:07Z,6,0,279,6996,4.863451,medium,mature,1
ProgramacaoModular,https://github.com/joaocaram/ProgramacaoModular,43,9,503,Java,2021-10-28T21:08:06Z,2026-03-18T12:19:29Z,0,0,73,6036,1.359404,medium,mature,1
Visualize-a-Maze-Generator-and-some-Path-Finding-algorithms-In-Java,https://github.com/Daniel-Pham831/Visualize-a-Maze-Generator-and-some-Path-Finding-algorithms-In-Java,43,16,2359,Java,2021-05-03T18:53:18Z,2025-11-03T10:36:43Z,0,0,9,28308,0.150922,low,mature,1
ViewPager,https://github.com/ThirdGoddess/ViewPager,43,17,352,Java,2021-04-13T17:41:22Z,2025-04-08T06:16:15Z,0,0,3,4224,0.049751,low,mature,1
openblocks-app,https://github.com/OpenBlocksTeam/openblocks-app,43,17,4579,Java,2021-02-19T07:30:54Z,2026-02-08T05:34:21Z,3,0,211,54948,3.397746,medium,mature,3
Proximity,https://github.com/Proximity-Engine/Proximity,43,14,693352,Java,2021-08-18T23:03:12Z,2026-02-18T17:37:07Z,13,2,97,8320224,1.730083,medium,mature,1
sendbird-uikit-android,https://github.com/sendbird/sendbird-uikit-android,43,42,5073,Java,2021-03-22T03:00:57Z,2026-03-18T08:20:54Z,0,2,147,60876,2.407205,medium,mature,13
isUserAMonkey,https://github.com/TrianguloY/isUserAMonkey,43,10,1431,Java,2021-01-12T10:33:07Z,2026-03-27T13:19:24Z,1,0,30,17172,0.473435,low,mature,2
spring-boot-login-mongodb,https://github.com/bezkoder/spring-boot-login-mongodb,43,34,119,Java,2021-12-17T04:13:01Z,2026-02-22T10:10:58Z,2,0,4,1428,0.076825,low,mature,2
flink-mobile-data-usage,https://github.com/alpinegizmo/flink-mobile-data-usage,43,16,88,Java,2021-10-06T21:16:16Z,2026-01-05T04:15:28Z,1,0,29,1056,0.532762,low,mature,2
briefest,https://github.com/javaoffers/briefest,43,6,4909,Java,2021-12-07T09:37:58Z,2026-03-13T11:16:19Z,11,0,990,58908,18.89313,high,mature,2
audio-recorder,https://github.com/vivekweb2013/audio-recorder,43,10,4070,Java,2021-05-15T09:35:08Z,2026-01-21T09:30:03Z,4,0,138,48840,2.328459,medium,mature,1
morevillagers,https://github.com/samedifferent/morevillagers,43,29,644,Java,2021-05-24T19:56:56Z,2025-08-19T12:28:13Z,27,13,38,7728,0.644796,low,mature,5
zhengnanxi-AndroidProjectNotepad_APP,https://github.com/zhengnanxi/zhengnanxi-AndroidProjectNotepad_APP,43,5,37152,Java,2021-04-12T03:56:12Z,2025-12-12T06:31:18Z,1,0,2,445824,0.033131,low,mature,1
react-native-grpc,https://github.com/Mitch528/react-native-grpc,43,19,1085,Java,2021-06-23T18:13:47Z,2025-11-13T04:23:52Z,5,3,92,13020,1.588032,medium,mature,2
trino-by-example,https://github.com/skhatri/trino-by-example,43,12,866,Java,2021-03-08T12:29:04Z,2025-07-25T08:01:53Z,0,0,34,10392,0.552546,low,mature,2
CodeSolution,https://github.com/Eric-programming/CodeSolution,43,29,552,Java,2021-03-30T00:22:32Z,2026-02-10T04:04:14Z,1,0,316,6624,5.197368,medium,mature,1
Yet-Another-World-Protector,https://github.com/Z0rdak/Yet-Another-World-Protector,43,15,47732,Java,2021-11-24T05:12:06Z,2026-03-06T19:58:37Z,37,1,530,572784,10.031546,high,mature,10
scumthespire,https://github.com/boardengineer/scumthespire,43,11,792,Java,2021-03-23T03:41:50Z,2026-02-08T05:02:42Z,2,0,301,9504,4.931731,medium,mature,5
fast-reflection,https://github.com/daniellansun/fast-reflection,43,6,219,Java,2021-09-05T12:24:36Z,2025-12-28T13:15:04Z,0,0,105,2628,1.891892,medium,mature,3
arquitetura-hexagonal,https://github.com/DaniloCaneschi/arquitetura-hexagonal,43,31,176,Java,2021-10-23T18:18:39Z,2026-02-14T04:09:44Z,0,0,4,2112,0.074257,low,mature,1
LightmansCurrency,https://github.com/Lightman314/LightmansCurrency,43,29,16054,Java,2021-09-14T16:10:05Z,2026-03-03T15:15:32Z,5,1,478,192648,8.65942,medium,mature,9
Clean-Architecture,https://github.com/LuanPSantos/Clean-Architecture,43,4,395,Java,2021-09-11T00:23:35Z,2025-06-18T12:49:49Z,0,0,14,4740,0.253165,low,mature,1
StrawberryFarm-ObjectDetectionSystem,https://github.com/ModestYjx/StrawberryFarm-ObjectDetectionSystem,43,2,8998,Java,2021-12-07T07:55:56Z,2025-06-29T15:29:01Z,1,0,14,107976,0.267176,low,mature,1
intellij-cue,https://github.com/cue-lang/intellij-cue,43,4,941,Java,2021-02-08T14:18:24Z,2026-03-23T13:27:42Z,19,0,146,11292,2.337247,medium,mature,11
singlehotswap,https://github.com/LabyStudio/singlehotswap,43,7,422,Java,2021-01-05T09:48:17Z,2026-01-13T02:52:06Z,6,1,61,5064,0.959119,low,mature,3
My-Column,https://github.com/ZHENFENG13/My-Column,43,8,3266,Java,2021-04-11T05:09:18Z,2026-02-15T00:07:51Z,0,0,7,39192,0.115894,low,mature,2
rovio-ingest,https://github.com/rovio/rovio-ingest,43,17,926,Java,2021-03-26T12:09:38Z,2025-10-12T16:14:06Z,1,12,140,11112,2.297593,medium,mature,11
AutoBot,https://github.com/bebeli555/AutoBot,43,9,237,Java,2021-03-27T17:59:22Z,2026-03-16T06:40:10Z,0,1,18,2844,0.295728,low,mature,1
AntiXray,https://github.com/DrexHD/AntiXray,43,11,7863,Java,2021-08-05T19:39:42Z,2026-03-27T17:30:04Z,3,0,130,94356,2.300885,medium,mature,5
leetcode530,https://github.com/ZzCoding530/leetcode530,43,14,44474,Java,2021-01-03T03:40:04Z,2025-05-01T12:40:28Z,0,0,131,533688,2.057592,medium,mature,1
Reproduction-of-Android-Malware-detection-approaches,https://github.com/Trustworthy-Software/Reproduction-of-Android-Malware-detection-approaches,43,10,94008,Java,2021-05-04T13:27:18Z,2026-03-11T23:27:14Z,1,0,3,1128096,0.050307,low,mature,1
point-of-sale,https://github.com/GoogleCloudPlatform/point-of-sale,43,18,8013,Java,2021-09-01T17:24:52Z,2026-03-11T05:05:51Z,6,41,395,96156,7.104317,medium,mature,481
Logger,https://github.com/ExceptedPrism3/Logger,43,22,2014,Java,2021-08-11T14:46:02Z,2026-02-18T13:16:45Z,2,0,143,24168,2.538462,medium,mature,8
springboot_vue_online__learn_edu2022,https://github.com/bysj2022NB/springboot_vue_online__learn_edu2022,43,2,8323,Java,2021-12-27T04:50:53Z,2026-03-12T16:12:28Z,0,0,2,99876,0.03866,low,mature,1
pepcodingCodes,https://github.com/aman-5757/pepcodingCodes,43,41,10078,Java,2021-11-20T10:03:26Z,2025-07-19T18:26:09Z,0,1,475,120936,8.967904,medium,mature,1
diagramsascode,https://github.com/diagramsascode/diagramsascode,43,3,306,Java,2021-02-19T14:16:03Z,2025-12-06T09:42:25Z,0,0,132,3672,2.125604,medium,mature,2
kbe-sb-microservices,https://github.com/springframeworkguru/kbe-sb-microservices,43,117,107,Java,2021-06-08T20:44:04Z,2026-02-13T12:21:49Z,2,4,13,1284,0.222476,low,mature,1
mq-idempotent,https://github.com/weihubeats/mq-idempotent,42,7,616,Java,2021-11-09T01:17:20Z,2026-02-11T16:45:55Z,5,0,105,7392,1.96875,medium,mature,1
AndroidDirectoryAccess,https://github.com/Aghajari/AndroidDirectoryAccess,42,9,240,Java,2021-03-06T21:21:17Z,2026-03-09T01:39:03Z,2,0,8,2880,0.12994,low,mature,1
miui.statusbar.lyric,https://github.com/xiaowine/miui.statusbar.lyric,42,1,836,Java,2021-10-19T13:56:12Z,2025-05-31T00:40:36Z,1,0,189,10032,3.497841,medium,mature,4
FixedHeaderTableLayout,https://github.com/Zardozz/FixedHeaderTableLayout,42,9,4063,Java,2021-03-18T16:27:01Z,2025-04-14T16:52:58Z,1,1,23,48756,0.375817,low,mature,1
Vertigo-Boosting-Panel,https://github.com/SamHoque/Vertigo-Boosting-Panel,42,16,829,Java,2021-01-03T22:06:23Z,2026-01-11T12:28:56Z,9,0,7,9948,0.110005,low,mature,1
react-native-device-crypto,https://github.com/arifaydogmus/react-native-device-crypto,42,13,1063,Java,2021-12-11T16:32:33Z,2025-05-26T08:38:20Z,4,10,79,12756,1.51148,medium,mature,4
additionaladditions,https://github.com/Additional-Mods/additionaladditions,42,26,15101,Java,2021-06-28T17:09:43Z,2026-02-04T18:56:22Z,9,1,523,181212,9.053664,medium,mature,13
bytecub,https://github.com/songbin/bytecub,42,12,546,Java,2021-03-17T02:56:06Z,2026-03-14T06:52:54Z,0,0,3,6552,0.048993,low,mature,1
CharlesZH,https://github.com/cuiqingandroid/CharlesZH,42,9,126,Java,2021-03-11T11:28:47Z,2026-03-25T06:22:12Z,4,0,16,1512,0.260445,low,mature,1
PhoneMirrorAndroid,https://github.com/KikiLetGo/PhoneMirrorAndroid,42,14,317,Java,2021-02-01T13:27:29Z,2025-08-16T08:22:38Z,2,0,13,3804,0.207337,low,mature,2
CodingTestStudy,https://github.com/Yo0oN/CodingTestStudy,42,3,528,Java,2021-05-03T09:05:18Z,2026-03-17T13:10:20Z,0,1,535,6336,8.96648,medium,mature,5
Chinese-Charts,https://github.com/neilzhang1/Chinese-Charts,42,8,4261,Java,2021-09-23T05:24:54Z,2026-03-20T12:46:10Z,0,0,90,51132,1.639344,medium,mature,2
NekoV2,https://github.com/Aqueuse/NekoV2,42,10,97748,Java,2021-05-13T15:15:50Z,2026-03-16T20:26:52Z,4,0,63,1172976,1.061798,medium,mature,3
book-management-system,https://github.com/wcgzgj/book-management-system,42,5,11168,Java,2021-01-03T12:24:17Z,2025-11-30T05:36:45Z,2,0,9,134016,0.141361,low,mature,1
Bisto-Chat-Java-Firebase,https://github.com/SameetAsadullah/Bisto-Chat-Java-Firebase,42,12,1669,Java,2021-11-08T03:50:28Z,2026-03-19T11:02:16Z,0,0,35,20028,0.65584,low,mature,2
MC-Auth-with-Link,https://github.com/bivashy/MC-Auth-with-Link,42,16,2038,Java,2021-08-01T09:21:33Z,2026-03-26T09:25:48Z,26,5,1017,24456,17.947059,high,mature,3
sample-spring-cloud-stream-kafka,https://github.com/piomin/sample-spring-cloud-stream-kafka,42,35,114,Java,2021-11-02T14:10:35Z,2026-03-12T18:37:58Z,1,0,128,1368,2.389546,medium,mature,1
safelog4j,https://github.com/Contrast-Security-OSS/safelog4j,42,14,1285,Java,2021-12-15T18:53:49Z,2026-02-13T00:06:26Z,0,1,87,15420,1.669866,medium,mature,7
definitive-spring-batch,https://github.com/AcornPublishing/definitive-spring-batch,42,24,7702,Java,2021-04-20T05:05:15Z,2025-09-19T03:05:41Z,0,1,2,92424,0.033278,low,mature,1
torna,https://github.com/thc75/torna,42,5,11695,Java,2021-10-19T11:16:11Z,2026-03-04T02:23:43Z,8,0,1746,140340,32.313387,high,mature,24
Telegram-Bot-For-U2,https://github.com/kurodaak1ra/Telegram-Bot-For-U2,42,4,238,Java,2021-06-03T14:27:04Z,2025-07-31T03:32:16Z,1,1,105,2856,1.79079,medium,mature,3
UploadApkPlugin,https://github.com/centerzx/UploadApkPlugin,42,10,214,Java,2021-09-29T17:10:47Z,2025-09-02T02:37:36Z,4,0,50,2568,0.914634,low,mature,1
uls,https://github.com/gl953236368/uls,42,29,239875,Java,2021-08-12T11:03:27Z,2026-01-11T13:02:54Z,1,0,36,2878500,0.639432,low,mature,1
base-starter-flow-quarkus,https://github.com/vaadin/base-starter-flow-quarkus,42,22,2779,Java,2021-06-10T11:19:03Z,2026-03-25T11:13:42Z,3,1,158,33348,2.705479,medium,mature,20
aws-cdk-testing-examples,https://github.com/cdklabs/aws-cdk-testing-examples,42,16,1364,Java,2021-11-05T17:50:10Z,2025-07-14T02:03:53Z,3,1,19,16368,0.355583,low,mature,39
neonbee,https://github.com/SAP/neonbee,42,17,3655,Java,2021-02-10T14:53:40Z,2026-03-19T14:58:35Z,19,21,714,43860,11.442308,high,mature,668
log4shell-vulnerable-app,https://github.com/tothi/log4shell-vulnerable-app,42,37,809,Java,2021-12-19T03:53:06Z,2026-01-09T09:24:35Z,1,0,8,9708,0.153846,low,mature,1
Cursa,https://github.com/SpartanB312/Cursa,42,5,13534,Java,2021-01-10T16:08:21Z,2025-09-09T10:01:34Z,3,0,50,162408,0.788229,low,mature,2
nocodefunctions-web-app,https://github.com/seinecle/nocodefunctions-web-app,42,7,29566,Java,2021-11-22T11:14:38Z,2026-03-09T08:39:51Z,0,0,1,354792,0.018904,low,mature,2
CameraFolder,https://github.com/k3b/CameraFolder,42,4,257,Java,2021-05-04T21:20:26Z,2026-02-10T11:10:49Z,1,0,28,3084,0.469799,low,mature,4
ChineseTTS,https://github.com/jinguangyang/ChineseTTS,42,11,17677,Java,2021-12-25T01:52:43Z,2026-02-26T11:29:27Z,5,0,17,212124,0.328185,low,mature,1
Diveni,https://github.com/Sybit-Education/Diveni,42,25,13442,Java,2021-09-01T15:16:04Z,2026-03-27T17:22:12Z,47,9,1173,161304,21.084482,high,mature,32
maplibre-plugins-android,https://github.com/maplibre/maplibre-plugins-android,42,29,4663,Java,2021-05-03T20:14:15Z,2026-02-25T08:39:21Z,22,3,624,55956,10.463946,high,mature,44
spring-boot-tracing-demo,https://github.com/xsreality/spring-boot-tracing-demo,42,15,163,Java,2021-10-16T22:07:50Z,2026-02-23T05:44:37Z,0,2,64,1956,1.182994,medium,mature,1
doudizhu-java-,https://github.com/Lil-box/doudizhu-java-,42,9,4621,Java,2021-10-27T16:44:25Z,2026-01-19T21:00:19Z,0,0,4,55452,0.074396,low,mature,1
java-quickstart,https://github.com/mariadb-developers/java-quickstart,42,15,163,Java,2021-12-29T15:33:42Z,2026-03-27T23:57:19Z,0,0,88,1956,1.703226,medium,mature,2
jdrive,https://github.com/dzavalishin/jdrive,42,9,141703,Java,2021-07-14T19:33:49Z,2026-03-23T20:43:30Z,25,1,794,1700436,13.873034,high,mature,3
UltimateAntibotRecoded,https://github.com/Kr1S-D/UltimateAntibotRecoded,42,11,638,Java,2021-11-17T21:54:02Z,2026-03-18T08:33:00Z,8,1,159,7656,2.998114,medium,mature,1
kekingcn-file-online-preview,https://github.com/alwayszmj/kekingcn-file-online-preview,42,33,150748,Java,2021-02-04T09:08:27Z,2025-07-17T02:14:55Z,2,0,236,1808976,3.769968,medium,mature,13
LuytenX,https://github.com/ByteZ1337/LuytenX,42,10,6187,Java,2021-06-15T20:45:12Z,2026-02-23T16:34:22Z,0,0,186,74244,3.195876,medium,mature,1
Joeffice,https://github.com/japplis/Joeffice,41,8,46374,Java,2021-03-21T21:19:00Z,2026-02-21T12:53:04Z,1,0,5,556488,0.081878,low,mature,1
watermark,https://github.com/a852203465/watermark,41,22,177865,Java,2021-09-04T11:16:33Z,2026-01-06T13:36:09Z,0,0,30,2134380,0.540216,low,mature,1
argentina-programa-clases-teoricas,https://github.com/wecode-cursos/argentina-programa-clases-teoricas,41,37,8808,Java,2021-07-08T00:01:06Z,2024-11-27T03:47:19Z,0,0,41,105696,0.713457,low,mature,3
BACIL,https://github.com/jagotu/BACIL,41,5,483,Java,2021-01-23T23:45:10Z,2025-08-08T14:25:15Z,2,2,90,5796,1.429328,medium,mature,2
Legacy_TestZeus,https://github.com/LegacyTestZeus/Legacy_TestZeus,41,18,8255,Java,2021-09-21T15:28:03Z,2025-10-10T08:17:52Z,2,0,99,99060,1.801092,medium,mature,3
camel-kameleon,https://github.com/apache/camel-kameleon,41,13,2414,Java,2021-07-09T07:15:32Z,2025-11-13T11:09:06Z,10,3,159,28968,2.768427,medium,mature,68
learning-cloudalibaba,https://github.com/Jian0110/learning-cloudalibaba,41,32,18859,Java,2021-05-13T01:47:38Z,2025-08-14T14:41:43Z,1,0,5,226308,0.08427,low,mature,1
kafka-exporter,https://github.com/xxd763795151/kafka-exporter,41,43,132,Java,2021-08-19T08:37:33Z,2026-03-13T06:21:14Z,2,0,27,1584,0.48157,low,mature,1
covid19-vaccine-tracker,https://github.com/xsreality/covid19-vaccine-tracker,41,7,491,Java,2021-05-03T13:32:24Z,2026-03-05T01:45:24Z,1,1,116,5892,1.944134,medium,mature,1
BiomeVisuals,https://github.com/Owen1212055/BiomeVisuals,41,3,328,Java,2021-12-23T01:39:16Z,2025-12-12T21:29:58Z,0,0,23,3936,0.443445,low,mature,2
java-17-for-absolute-beginners,https://github.com/Apress/java-17-for-absolute-beginners,41,30,8551,Java,2021-12-14T14:32:51Z,2025-12-07T19:18:11Z,1,0,50,102612,0.958466,low,mature,2
Krystal,https://github.com/sepses/Krystal,41,9,16353,Java,2021-07-15T08:11:16Z,2026-02-19T10:20:25Z,0,0,182,196236,3.179965,medium,mature,2
LearnedRewrite,https://github.com/XuanheZhou/LearnedRewrite,41,9,156988,Java,2021-07-17T08:44:50Z,2025-11-09T08:01:19Z,2,0,20,1883856,0.349854,low,mature,2
MVM,https://github.com/MirkoWu/MVM,41,12,2451,Java,2021-03-11T11:10:36Z,2026-03-10T09:17:26Z,2,0,259,29412,4.215952,medium,mature,1
Project-MMO-2.0,https://github.com/Caltinor/Project-MMO-2.0,41,26,20096,Java,2021-12-29T21:32:50Z,2026-02-19T12:13:41Z,17,0,984,241152,19.057456,high,mature,11
Hacktoberfest2021,https://github.com/Ciphrox/Hacktoberfest2021,41,210,146950,Java,2021-10-03T19:18:23Z,2025-09-10T08:02:43Z,2,16,708,1763400,12.982885,high,mature,233
ndk-someiplib,https://github.com/lixiaolia/ndk-someiplib,41,11,1412,Java,2021-05-15T08:06:31Z,2026-03-16T09:58:40Z,2,0,10,16944,0.168729,low,mature,2
FRC-Romi-Programming-Course,https://github.com/czbeatty/FRC-Romi-Programming-Course,41,21,4837,Java,2021-09-15T10:12:44Z,2025-09-24T11:58:30Z,0,1,10,58044,0.181269,low,mature,1
spring-framework-examples,https://github.com/vrudas/spring-framework-examples,41,9,3522,Java,2021-01-21T19:53:22Z,2026-03-23T03:05:00Z,1,2,531,42264,8.424114,medium,mature,1
openjump,https://github.com/openjump-gis/openjump,41,19,353804,Java,2021-01-14T23:03:17Z,2026-03-10T11:44:30Z,11,5,5336,4245648,84.341412,high,mature,6
2.oa_system,https://github.com/doudoutangs/2.oa_system,41,9,2156,Java,2021-03-11T11:18:29Z,2025-12-18T07:19:56Z,1,0,23,25872,0.37439,low,mature,1
Keep_Progress_Alive,https://github.com/han1202012/Keep_Progress_Alive,41,17,152,Java,2021-04-07T13:05:38Z,2025-11-19T03:21:52Z,1,0,8,1824,0.132159,low,mature,1
timeflake4j,https://github.com/making/timeflake4j,41,3,88,Java,2021-01-23T11:02:13Z,2025-08-29T14:21:00Z,0,4,43,1056,0.68254,low,mature,1
flink-demo,https://github.com/MyLanPangzi/flink-demo,41,12,1709,Java,2021-02-11T00:03:40Z,2024-09-30T05:42:41Z,1,0,77,20508,1.234634,medium,mature,1
didactic-bank-application,https://github.com/ingridnunes/didactic-bank-application,41,16,1137,Java,2021-08-09T13:31:14Z,2025-10-03T18:33:23Z,0,0,13,13644,0.230496,low,mature,1
react-native-alarm-manager,https://github.com/baekgol/react-native-alarm-manager,41,10,31420,Java,2021-07-12T05:30:30Z,2025-03-13T14:45:41Z,4,0,113,377040,1.97093,medium,mature,3
Librarian,https://github.com/ParchmentMC/Librarian,41,8,103,Java,2021-08-16T06:32:34Z,2025-11-27T12:44:30Z,0,0,25,1236,0.445104,low,mature,9
eidas-keycloak-extension,https://github.com/grnet/eidas-keycloak-extension,41,8,1734,Java,2021-11-29T15:24:18Z,2026-03-24T12:29:39Z,8,1,130,20808,2.468354,medium,mature,8
LeetCode-Notes-Waiting,https://github.com/weitingyuk/LeetCode-Notes-Waiting,41,14,969,Java,2021-02-02T15:21:40Z,2026-01-27T11:40:58Z,0,0,134,11628,2.138298,medium,mature,1
ModularWarfare,https://github.com/ModularMods/ModularWarfare,41,32,314274,Java,2021-06-19T22:44:05Z,2025-11-26T10:45:18Z,22,0,181,3771288,3.117107,medium,mature,3
AndroidTV,https://github.com/xuzhiyong017/AndroidTV,41,17,32829,Java,2021-03-13T06:58:38Z,2026-03-05T15:18:11Z,1,0,7,393948,0.114068,low,mature,1
jeepay-sdk-java,https://github.com/jeequan/jeepay-sdk-java,41,46,164,Java,2021-06-09T07:21:41Z,2026-03-19T12:51:29Z,0,0,39,1968,0.667427,low,mature,3
cost,https://github.com/robm26/cost,41,5,469,Java,2021-05-06T01:48:35Z,2025-05-13T13:33:22Z,0,1,17,5628,0.285395,low,mature,2
react-native-midnight,https://github.com/ravnhq/react-native-midnight,41,7,1247,Java,2021-02-05T04:41:48Z,2025-11-11T08:50:33Z,7,1,16,14964,0.255727,low,mature,3
Hacktoberfest-Indonesia-2021,https://github.com/fdciabdul/Hacktoberfest-Indonesia-2021,41,231,11874,Java,2021-09-30T04:21:18Z,2025-03-11T22:50:35Z,3,67,709,142488,12.969512,high,mature,199
HRMS_Backend,https://github.com/MrPand-21/HRMS_Backend,41,6,177,Java,2021-05-12T11:40:03Z,2025-09-14T02:00:54Z,0,0,26,2124,0.437956,low,mature,2
react-native-unity-play,https://github.com/azesmway/react-native-unity-play,41,16,198,Java,2021-05-22T14:47:57Z,2026-03-02T15:40:03Z,16,2,21,2376,0.355731,low,mature,1
polaris-java-agent,https://github.com/polarismesh/polaris-java-agent,41,23,37048,Java,2021-12-14T12:18:31Z,2026-03-06T06:40:05Z,0,0,424,444576,8.127796,medium,mature,19
PowerTunnel-DNS,https://github.com/krlvm/PowerTunnel-DNS,41,5,136,Java,2021-08-17T21:08:59Z,2026-03-20T00:22:37Z,1,0,29,1632,0.516934,low,mature,1
quilt-installer,https://github.com/QuiltMC/quilt-installer,41,21,580,Java,2021-02-14T08:56:20Z,2025-03-10T06:51:18Z,17,1,177,6960,2.842612,medium,mature,22
2021-nolto,https://github.com/woowacourse-teams/2021-nolto,41,6,9776,Java,2021-07-02T07:44:18Z,2024-10-26T16:49:48Z,19,3,799,117312,13.855491,high,mature,6
spotless-intellij-gradle,https://github.com/ragurney/spotless-intellij-gradle,41,16,1441,Java,2021-12-28T18:53:44Z,2026-03-08T17:39:49Z,4,3,88,17292,1.703226,medium,mature,5
redis-sql-trino,https://github.com/redis-field-engineering/redis-sql-trino,41,5,9088,Java,2021-02-03T01:39:07Z,2025-07-28T19:54:58Z,2,0,281,109056,4.486429,medium,mature,7
Minecraft-Authenticator,https://github.com/HyCraftHD/Minecraft-Authenticator,41,10,472,Java,2021-05-11T18:03:18Z,2025-11-27T15:34:04Z,0,0,192,5664,3.234138,medium,mature,3
shellmarks,https://github.com/shannah/shellmarks,41,9,669,Java,2021-12-15T15:59:47Z,2026-03-14T00:33:00Z,4,0,38,8028,0.7289,low,mature,1
Hacktoberfest21,https://github.com/krimanisha/Hacktoberfest21,41,107,703,Java,2021-10-04T10:27:42Z,2024-12-04T08:28:34Z,2,15,253,8436,4.639364,medium,mature,101
HomeAssistantMC,https://github.com/Codestian/HomeAssistantMC,41,2,12469,Java,2021-07-03T12:51:39Z,2026-03-20T11:58:53Z,0,0,19,149628,0.32967,low,mature,1
moviebuzz-parent,https://github.com/bhushan-gosavi/moviebuzz-parent,41,19,29777,Java,2021-02-17T10:07:13Z,2024-12-06T17:39:28Z,0,0,50,357324,0.80429,low,mature,1
Intellij-Ginkgo,https://github.com/IdeaGinkgo/Intellij-Ginkgo,41,14,430,Java,2021-08-22T19:29:36Z,2026-03-06T13:57:21Z,20,0,157,5160,2.806913,medium,mature,4
ChunkyClPlugin,https://github.com/ThatRedox/ChunkyClPlugin,41,9,1899,Java,2021-01-18T08:01:30Z,2024-05-25T03:18:37Z,5,0,183,22788,2.897098,medium,mature,5
inertia,https://github.com/jrodalo/inertia,41,5,162,Java,2021-02-06T16:05:29Z,2025-12-23T14:33:45Z,0,0,5,1944,0.079957,low,mature,1
pocket-board,https://github.com/SinuXVR/pocket-board,41,16,710,Java,2021-11-13T14:17:31Z,2026-03-09T16:37:01Z,9,2,57,8520,1.071429,medium,mature,2
TAB-Bridge,https://github.com/NEZNAMY/TAB-Bridge,41,11,692,Java,2021-06-05T17:29:52Z,2026-03-28T10:58:23Z,2,0,293,8304,5.005695,medium,mature,4
TUIVoiceRoom,https://github.com/tencentyun/TUIVoiceRoom,41,30,144009,Java,2021-06-15T17:08:23Z,2026-02-05T12:34:53Z,2,11,110,1728108,1.890034,medium,mature,13
opensearch-prometheus-exporter,https://github.com/aparo/opensearch-prometheus-exporter,41,16,421,Java,2021-06-22T16:39:21Z,2025-02-18T02:53:22Z,10,1,446,5052,7.689655,medium,mature,19
kodlama.io-javareactcamp,https://github.com/CosmicDust19/kodlama.io-javareactcamp,41,1,3304,Java,2021-05-08T07:59:33Z,2025-07-04T06:04:43Z,0,0,63,39648,1.058824,medium,mature,1
cdc-apache-cassandra,https://github.com/datastax/cdc-apache-cassandra,41,26,34625,Java,2021-04-21T08:17:11Z,2026-03-23T14:14:13Z,27,8,778,415500,12.952275,high,mature,33
java-by-experiments,https://github.com/josephmate/java-by-experiments,41,7,63299,Java,2021-08-28T20:55:18Z,2025-03-12T10:02:56Z,0,0,63,759588,1.130383,medium,mature,1
toolchains-maven-plugin,https://github.com/linux-china/toolchains-maven-plugin,41,4,363,Java,2021-10-26T21:38:50Z,2026-03-24T10:15:43Z,6,1,72,4356,1.33912,medium,mature,2
pulsar-client-examples,https://github.com/hezhangjian/pulsar-client-examples,40,10,106,Java,2021-10-23T03:02:38Z,2025-06-20T13:57:42Z,0,0,28,1272,0.519481,low,mature,1
WIPRO-NLTH,https://github.com/rutuja1302/WIPRO-NLTH,40,15,182,Java,2021-01-31T14:04:33Z,2025-08-02T02:56:17Z,1,1,53,2184,0.844846,low,mature,1
helio-boot,https://github.com/uncarbon97/helio-boot,40,11,471,Java,2021-10-28T14:39:08Z,2025-09-28T06:25:49Z,0,0,36,5652,0.669975,low,mature,1
nil.nadph.qnotified,https://github.com/Xposed-Modules-Repo/nil.nadph.qnotified,40,2,8354,Java,2021-02-03T13:33:52Z,2025-10-09T19:22:58Z,0,0,1,100248,0.015966,low,mature,6
DependencyDownload,https://github.com/Vankka/DependencyDownload,40,3,429,Java,2021-06-09T19:28:13Z,2026-03-05T11:56:09Z,6,0,139,5148,2.380137,medium,mature,3
ohudenc,https://github.com/Doomjunkys/ohudenc,40,17,6755,Java,2021-11-06T16:59:29Z,2026-02-26T11:23:15Z,0,0,599,81060,11.217228,high,mature,1
rkpd2,https://github.com/Zrp200/rkpd2,40,19,160412,Java,2021-03-31T15:20:48Z,2026-03-01T03:57:54Z,3,1,9148,1924944,150.543061,high,mature,3
Forum,https://github.com/Rainwind1995/Forum,40,9,22419,Java,2021-07-03T11:20:49Z,2025-12-15T03:46:29Z,0,0,14,269028,0.242915,low,mature,1
zksync2-java,https://github.com/zksync-sdk/zksync2-java,40,24,664,Java,2021-12-07T07:25:31Z,2026-01-25T14:27:51Z,2,0,184,7968,3.51145,medium,mature,12
groupbuy_SpringBoot,https://github.com/cornerbear/groupbuy_SpringBoot,40,8,1147,Java,2021-03-05T01:41:25Z,2026-01-27T01:45:04Z,0,0,102,13764,1.654949,medium,mature,1
MarkBook,https://github.com/jogeen/MarkBook,40,18,3350,Java,2021-01-15T15:20:13Z,2024-11-22T09:21:39Z,2,0,18,40200,0.28451,low,mature,1
vault-api-library,https://github.com/veeva/vault-api-library,40,11,275276,Java,2021-04-04T22:45:34Z,2026-03-17T13:49:40Z,0,1,50,3303312,0.825083,low,mature,4
music-factory,https://github.com/SteveJrong/music-factory,40,7,277472,Java,2021-11-29T05:36:55Z,2025-09-10T07:12:12Z,1,0,91,3329664,1.727848,medium,mature,1
Salesforce-CDP-jdbc,https://github.com/forcedotcom/Salesforce-CDP-jdbc,40,29,21846,Java,2021-02-19T04:56:23Z,2026-01-07T10:03:16Z,17,12,317,262152,5.10467,medium,mature,38
reactiverse-contextual-logging,https://github.com/reactiverse/reactiverse-contextual-logging,40,5,274,Java,2021-02-01T10:46:17Z,2026-03-27T08:38:36Z,0,0,206,3288,3.285486,medium,mature,3
RealisticSurvival,https://github.com/ValMobile/RealisticSurvival,40,21,3679,Java,2021-06-19T18:49:55Z,2026-03-19T03:04:29Z,28,1,86,44148,1.481056,medium,mature,1
Task_Hijacking_Strandhogg,https://github.com/az0mb13/Task_Hijacking_Strandhogg,40,18,215,Java,2021-04-20T12:34:27Z,2026-03-27T19:04:52Z,2,0,6,2580,0.099834,low,mature,1
eLamX2,https://github.com/AndiMb/eLamX2,40,11,62666,Java,2021-10-01T12:55:42Z,2026-03-16T15:15:35Z,16,0,365,751992,6.680903,medium,mature,5
intellij-plugins-demo,https://github.com/prathasirisha/intellij-plugins-demo,40,19,825,Java,2021-05-15T21:34:16Z,2025-09-26T19:57:14Z,0,0,8,9900,0.135059,low,mature,1
Flashlight-App-by-Abhi-Mishra,https://github.com/abhishivam1/Flashlight-App-by-Abhi-Mishra,40,0,149,Java,2021-12-08T14:42:46Z,2025-12-30T15:59:13Z,0,0,2,1788,0.038192,low,mature,1
ReciteWord,https://github.com/wangxinshuo0421/ReciteWord,40,9,4301,Java,2021-09-09T13:20:18Z,2026-03-25T13:19:13Z,0,0,4,51612,0.072246,low,mature,1
Karadeniz-Teknik-Universitesi-Yazilim-Muhendisligi-Ders-Notlari,https://github.com/rabiayilmazz/Karadeniz-Teknik-Universitesi-Yazilim-Muhendisligi-Ders-Notlari,40,3,823418,Java,2021-03-22T09:26:04Z,2026-03-10T12:18:58Z,0,1,72,9881016,1.179039,medium,mature,1
fastjson-rce,https://github.com/dbgee/fastjson-rce,40,17,41473,Java,2021-11-19T09:23:52Z,2025-07-25T06:27:28Z,1,0,22,497676,0.415094,low,mature,1
XRecyclerViewDivider,https://github.com/huangxiaolianghh/XRecyclerViewDivider,40,6,4428,Java,2021-05-30T09:22:41Z,2025-08-17T11:17:25Z,2,0,14,53136,0.23823,low,mature,1
AXAnimation,https://github.com/Aghajari/AXAnimation,40,8,19154,Java,2021-07-30T22:46:55Z,2026-01-19T03:57:17Z,0,0,31,229848,0.546737,low,mature,1
health_management_system,https://github.com/bfury/health_management_system,40,3,18213,Java,2021-07-27T05:49:24Z,2026-03-07T07:17:39Z,0,0,21,218556,0.369501,low,mature,1
a-flash-deck,https://github.com/rh-id/a-flash-deck,40,8,2529,Java,2021-12-21T03:24:06Z,2026-03-10T00:48:15Z,6,0,213,30348,4.101412,medium,mature,1
daobab-core,https://github.com/daobab-projects/daobab-core,40,1,1322,Java,2021-05-05T17:52:43Z,2026-03-07T14:36:20Z,1,1,15,15864,0.251819,low,mature,1
raion-public,https://github.com/Ropro2002/raion-public,40,10,5348,Java,2021-08-03T20:54:53Z,2025-10-08T16:52:41Z,1,1,2,64176,0.035357,low,mature,1
PrivacyMonitorAndroid,https://github.com/Jesse505/PrivacyMonitorAndroid,40,11,458,Java,2021-12-14T10:30:42Z,2025-08-04T00:48:29Z,1,0,9,5496,0.172524,low,mature,1
Hypnotic-Client,https://github.com/Hypnotic-Development/Hypnotic-Client,40,3,25156,Java,2021-07-31T23:18:14Z,2026-01-28T14:41:39Z,3,0,131,301872,2.311765,medium,mature,2
TweetyProject,https://github.com/TweetyProjectTeam/TweetyProject,40,19,354693,Java,2021-01-27T18:06:27Z,2026-03-01T02:11:10Z,2,0,1501,4256316,23.888594,high,mature,17
javafx-login-registration-admin-panel,https://github.com/inforkgodara/javafx-login-registration-admin-panel,40,12,57262,Java,2021-06-05T10:19:48Z,2026-02-13T12:21:49Z,0,1,9,687144,0.153671,low,mature,1
JavaCamp,https://github.com/celiksoner/JavaCamp,40,6,121,Java,2021-07-03T21:22:57Z,2024-09-06T18:48:52Z,0,0,17,1452,0.295139,low,mature,1
binary-tree,https://github.com/SvenWoltmann/binary-tree,40,20,977,Java,2021-05-20T16:14:54Z,2026-03-27T10:52:33Z,1,1,395,11724,6.683587,medium,mature,1
ShadyAddons,https://github.com/ShadyAddons/ShadyAddons,40,15,1065,Java,2021-07-30T07:24:21Z,2025-07-22T06:40:25Z,1,3,257,12780,4.529965,medium,mature,7
mockitobook,https://github.com/kousen/mockitobook,40,20,554,Java,2021-12-10T02:07:14Z,2026-03-18T03:41:20Z,1,0,138,6648,2.638623,medium,mature,1
Learning-Java-by-Building-Android-Games-Third-Edition,https://github.com/PacktPublishing/Learning-Java-by-Building-Android-Games-Third-Edition,40,26,638,Java,2021-02-25T13:17:10Z,2026-03-21T18:26:15Z,1,0,14,7656,0.226171,low,mature,7
Smooth-Swapping,https://github.com/Schauweg/Smooth-Swapping,40,22,444,Java,2021-08-09T19:20:18Z,2026-03-04T06:36:24Z,31,0,125,5328,2.217623,medium,mature,8
Fast4DReg,https://github.com/CellMigrationLab/Fast4DReg,40,5,96795,Java,2021-11-26T13:38:54Z,2025-06-18T00:19:21Z,1,0,114,1161540,2.160455,medium,mature,5
MoneyHeist-App-By-Newbie,https://github.com/abhishivam1/MoneyHeist-App-By-Newbie,40,0,1114,Java,2021-12-02T08:29:55Z,2025-12-30T15:59:11Z,0,0,1,13368,0.019023,low,mature,1
Dockin-RM,https://github.com/WeBankFinTech/Dockin-RM,40,11,360,Java,2021-01-06T01:52:58Z,2025-04-07T12:34:59Z,1,0,21,4320,0.330362,low,mature,9
su-share,https://github.com/373675032/su-share,40,7,6493,Java,2021-07-12T13:08:11Z,2026-03-05T10:19:23Z,1,0,4,77916,0.069767,low,mature,1
nexus-repository-dart,https://github.com/groupe-edf/nexus-repository-dart,40,16,177,Java,2021-06-15T11:56:32Z,2026-02-25T20:06:11Z,12,0,75,2124,1.287922,medium,mature,6
mirakl-hyperwallet-connector,https://github.com/paypal/mirakl-hyperwallet-connector,40,36,8455,Java,2021-06-10T13:15:29Z,2025-12-27T15:43:57Z,7,2,78,101460,1.335616,medium,mature,23
Weather2-Remastered,https://github.com/Mrbt0907/Weather2-Remastered,40,13,23167,Java,2021-10-18T13:41:49Z,2026-02-06T23:45:41Z,68,0,13,278004,0.240444,low,mature,3
Zettel-Notes-Plugin-Api,https://github.com/damionx7/Zettel-Notes-Plugin-Api,40,3,103,Java,2021-12-22T12:55:19Z,2026-03-12T21:04:34Z,0,0,39,1236,0.751445,low,mature,1
SquidGame,https://github.com/ArkFlame/SquidGame,40,16,188,Java,2021-10-08T03:32:42Z,2026-02-21T10:21:27Z,18,0,122,2256,2.242647,medium,mature,12
agoncal-course-quarkus-microservices,https://github.com/agoncal/agoncal-course-quarkus-microservices,40,36,509,Java,2021-01-12T13:40:57Z,2026-03-12T17:34:23Z,1,0,18,6108,0.284061,low,mature,1
chameleon,https://github.com/chameleonframework/chameleon,39,8,2742,Java,2021-07-23T11:30:30Z,2025-11-14T03:26:52Z,20,30,647,32904,11.357519,high,mature,6
CodeInspector,https://github.com/jimocode/CodeInspector,39,33,222,Java,2021-10-28T02:28:52Z,2025-12-11T07:21:19Z,0,0,25,2664,0.465261,low,mature,2
Native-XR-for-Web,https://github.com/EtherealEngine/Native-XR-for-Web,39,6,909,Java,2021-05-02T05:46:05Z,2025-09-29T14:02:27Z,5,7,209,10908,3.500838,medium,mature,8
orkesworkers,https://github.com/orkes-io/orkesworkers,39,12,447,Java,2021-10-12T05:12:35Z,2026-03-23T17:35:44Z,0,0,170,5364,3.132678,medium,mature,36
BID-SDK-JAVA,https://github.com/caict-4iot-dev/BID-SDK-JAVA,39,14,24034,Java,2021-01-22T06:27:05Z,2025-04-11T05:56:24Z,0,0,27,288408,0.428345,low,mature,2
aizuda-components,https://github.com/aizuda/aizuda-components,39,14,478,Java,2021-11-22T03:24:02Z,2025-08-31T08:15:59Z,1,0,195,5736,3.6862,medium,mature,9
JLHTTP,https://github.com/curtcox/JLHTTP,39,4,1004,Java,2021-04-10T22:44:53Z,2026-03-26T21:40:43Z,5,0,2,12048,0.033113,low,mature,2
keycloak-customised,https://github.com/codelens254/keycloak-customised,39,35,6713,Java,2021-01-17T13:55:45Z,2026-03-17T10:35:42Z,0,0,31,80556,0.490506,low,mature,2
StyledPlayerList,https://github.com/Patbox/StyledPlayerList,39,4,323,Java,2021-02-01T13:39:19Z,2026-03-26T12:53:01Z,4,0,44,3876,0.701754,low,mature,2
AIOps-Knowledge-Graph-WebData,https://github.com/OS-ABC/AIOps-Knowledge-Graph-WebData,39,15,2015,Java,2021-03-07T10:45:52Z,2025-07-22T09:00:14Z,0,0,13,24180,0.211153,low,mature,2
Nice-KT,https://github.com/Justin-sky/Nice-KT,39,17,521,Java,2021-01-12T02:10:25Z,2026-01-08T05:57:07Z,0,0,56,6252,0.883745,low,mature,1
worlds,https://github.com/TheNextLvl-net/worlds,39,10,3859,Java,2021-01-29T11:39:36Z,2026-03-28T07:01:29Z,2,1,2065,46308,32.882166,high,mature,6
aws-lightweight-client-java,https://github.com/davidmoten/aws-lightweight-client-java,39,4,822,Java,2021-05-25T22:30:37Z,2026-02-23T02:43:50Z,0,4,592,9864,10.050934,high,mature,3
webdav-spring-boot-starter,https://github.com/lunasaw/webdav-spring-boot-starter,39,4,544,Java,2021-05-16T15:37:04Z,2026-02-15T09:11:10Z,1,0,98,6528,1.654474,medium,mature,1
brainwine,https://github.com/kuroppoi/brainwine,39,11,2173,Java,2021-04-17T20:00:16Z,2026-02-10T19:00:49Z,8,2,536,26076,8.908587,medium,mature,5
pepe-party,https://github.com/shuoros/pepe-party,39,3,14378,Java,2021-10-19T08:58:23Z,2026-02-24T12:04:01Z,0,0,89,172536,1.647131,medium,mature,2
modulefs,https://github.com/xpipe-io/modulefs,39,4,157,Java,2021-04-23T12:55:15Z,2026-02-08T23:32:59Z,0,0,52,1884,0.866667,low,mature,1
graalvm-hint,https://github.com/GoodforGod/graalvm-hint,39,4,425,Java,2021-09-22T22:47:05Z,2025-06-01T16:45:07Z,1,0,139,5100,2.531876,medium,mature,3
scaling-spring-boot-microservices,https://github.com/wirtsleg/scaling-spring-boot-microservices,39,21,475,Java,2021-08-15T13:52:57Z,2024-10-13T08:51:53Z,0,0,7,5700,0.124555,low,mature,1
table-computing,https://github.com/alibaba/table-computing,39,5,349,Java,2021-08-19T03:20:33Z,2025-12-01T23:18:53Z,0,0,31,4188,0.552913,low,mature,2
leetcode-hub-java,https://github.com/gdut-yy/leetcode-hub-java,39,5,35852,Java,2021-07-04T17:16:32Z,2026-03-16T04:28:11Z,0,0,990,430224,17.197452,high,mature,1
android.financial.management,https://github.com/mondaylab/android.financial.management,39,10,3763,Java,2021-07-17T01:15:18Z,2025-05-26T13:05:10Z,1,0,4,45156,0.069971,low,mature,1
bundle-signer,https://github.com/cafebazaar/bundle-signer,39,13,16804,Java,2021-03-14T13:03:06Z,2025-12-18T07:14:11Z,8,5,27,201648,0.440217,low,mature,4
UniverseCore,https://github.com/EB-wilson/UniverseCore,39,5,29414,Java,2021-08-23T02:48:06Z,2026-02-12T04:45:11Z,0,0,191,352968,3.414779,medium,mature,4
thunx,https://github.com/xenit-eu/thunx,39,12,2172,Java,2021-06-08T14:50:59Z,2026-03-24T18:28:31Z,1,2,608,26064,10.399088,high,mature,8
Automatone,https://github.com/Ladysnake/Automatone,39,11,12593,Java,2021-03-09T21:32:52Z,2026-03-26T20:25:57Z,4,0,3115,151116,50.677874,high,mature,50
PrivacyPolicyComplianceCheck,https://github.com/yanerchuang/PrivacyPolicyComplianceCheck,39,14,144,Java,2021-09-18T07:46:32Z,2025-12-01T11:18:37Z,0,0,7,1728,0.127119,low,mature,1
yiqing_springboot_vue_bysj_nb666,https://github.com/bysj2022NB/yiqing_springboot_vue_bysj_nb666,39,2,1954,Java,2021-12-29T04:00:11Z,2025-11-14T09:51:31Z,2,0,4,23448,0.077419,low,mature,1
CoFHCore,https://github.com/CoFH/CoFHCore,39,34,3222,Java,2021-08-02T18:38:03Z,2026-03-10T20:14:03Z,0,3,408,38664,7.208481,medium,mature,19
happium,https://github.com/PramodKumarYadav/happium,39,16,49620,Java,2021-09-06T19:56:47Z,2026-03-06T16:50:43Z,13,0,390,595440,7.035478,medium,mature,3
currency-rate,https://github.com/petrelevich/currency-rate,39,31,125,Java,2021-06-19T17:48:04Z,2025-10-15T09:27:54Z,0,0,10,1500,0.172216,low,mature,1
Minecraft_MSAuth,https://github.com/charlie353535/Minecraft_MSAuth,39,5,114,Java,2021-03-07T19:30:32Z,2026-03-15T22:41:53Z,2,1,24,1368,0.390033,low,mature,2
Sullys-Mod,https://github.com/MosaicModding/Sullys-Mod,39,17,14005,Java,2021-10-24T17:21:13Z,2025-10-18T01:18:44Z,14,2,657,168060,12.204334,high,mature,17
Compiler2021,https://github.com/dhy2000/Compiler2021,39,1,572,Java,2021-11-12T13:08:35Z,2026-03-05T09:42:04Z,0,0,249,6864,4.67752,medium,mature,1
plugins,https://github.com/wingio/plugins,39,10,6578,Java,2021-06-19T22:04:39Z,2026-03-03T04:14:27Z,10,2,918,78936,15.809414,high,mature,4
osgifx,https://github.com/amitjoy/osgifx,39,9,50635,Java,2021-09-22T12:26:45Z,2026-03-26T13:38:19Z,2,0,2358,607620,42.924757,high,mature,3
Java-React-Bootcamp,https://github.com/TarikKaanKoc/Java-React-Bootcamp,39,0,1322,Java,2021-04-27T00:49:29Z,2025-01-03T11:43:39Z,0,0,101,15864,1.687082,medium,mature,1
ratel-justtrustme,https://github.com/virjarRatel/ratel-justtrustme,39,60,131,Java,2021-08-26T08:32:30Z,2024-12-15T08:56:41Z,0,0,1,1572,0.01791,low,mature,1
PluginTemplate,https://github.com/kangarko/PluginTemplate,39,20,143,Java,2021-06-07T18:13:32Z,2026-01-30T13:30:36Z,0,0,155,1716,2.651083,medium,mature,8
Problem_Solving,https://github.com/algoTeam3/Problem_Solving,39,7,984,Java,2021-08-03T13:32:46Z,2026-01-15T07:29:11Z,1,0,918,11808,16.219081,high,mature,6
ujuji_backend,https://github.com/Xwudao/ujuji_backend,39,9,84,Java,2021-02-06T02:12:54Z,2026-02-16T12:59:33Z,0,0,3,1008,0.047974,low,mature,1
NotesAppInAndroidStudio,https://github.com/Brijesh-kumar-sharma/NotesAppInAndroidStudio,39,30,552,Java,2021-03-13T05:18:40Z,2025-10-23T17:28:59Z,0,1,12,6624,0.195546,low,mature,2
NTSPBMS714,https://github.com/natarazworld/NTSPBMS714,39,54,170455,Java,2021-03-29T02:53:08Z,2025-02-10T13:22:20Z,1,1,111,2045460,1.824658,medium,mature,1
java_demo_converge,https://github.com/sleepwalk-m/java_demo_converge,39,41,3589,Java,2021-06-12T07:21:01Z,2026-01-22T01:14:21Z,0,0,118,43068,2.022857,medium,mature,1
Enderscape,https://github.com/Penumbra-MC/Enderscape,39,19,245299,Java,2021-09-15T06:28:56Z,2026-02-17T14:01:03Z,49,6,236,2943588,4.277946,medium,mature,10
ButtplugMc,https://github.com/Cyloci/ButtplugMc,39,1,1551,Java,2021-08-29T06:01:01Z,2025-05-08T03:20:36Z,1,0,18,18612,0.322967,low,mature,1
ou25th-java11-labs,https://github.com/makker-nl/ou25th-java11-labs,39,33,17206,Java,2021-03-24T10:16:03Z,2025-07-17T10:10:05Z,0,0,9,206472,0.147541,low,mature,1
Reddit-Wallpaper,https://github.com/Mamiglia/Reddit-Wallpaper,39,6,345722,Java,2021-01-05T19:05:49Z,2026-03-03T20:10:55Z,4,0,399,4148664,6.276875,medium,mature,3
code-exercise,https://github.com/erdengk/code-exercise,39,4,151,Java,2021-12-12T07:07:15Z,2026-01-05T05:44:40Z,1,0,96,1812,1.837907,medium,mature,1
Mockexam-Server,https://github.com/1170159634/Mockexam-Server,39,11,10142,Java,2021-04-26T11:41:03Z,2026-01-06T05:21:31Z,1,0,1,121704,0.016694,low,mature,1
API-Security,https://github.com/mahongyin/API-Security,39,10,1834,Java,2021-03-25T06:35:46Z,2026-01-23T04:41:37Z,0,0,23,22008,0.377255,low,mature,2
BiblioCraft-Source,https://github.com/Nuchaz/BiblioCraft-Source,39,27,4496,Java,2021-12-25T22:49:55Z,2025-09-10T19:21:03Z,9,3,29,53952,0.560206,low,mature,3
fast-campus-jpa,https://github.com/freeism/fast-campus-jpa,38,30,912,Java,2021-02-26T09:11:55Z,2025-03-03T00:44:58Z,2,0,29,10944,0.46875,low,mature,2
gregicality-science,https://github.com/GregTechCEu/gregicality-science,38,25,71400,Java,2021-11-13T19:04:31Z,2026-03-24T16:31:26Z,20,6,127,856800,2.388715,medium,mature,20
Portal-Cubed,https://github.com/Fusion-Flux/Portal-Cubed,38,18,104408,Java,2021-03-04T21:43:42Z,2025-01-16T01:46:27Z,4,0,1382,1252896,22.422931,high,mature,17
citygml-tools,https://github.com/tokyo-digitaltwin/citygml-tools,38,5,655,Java,2021-11-01T09:06:45Z,2026-01-28T14:55:15Z,0,0,223,7860,4.160448,medium,mature,2
Ferret,https://github.com/cattyngmd/Ferret,38,3,656,Java,2021-12-26T09:03:04Z,2026-02-18T12:30:05Z,0,1,169,7872,3.264649,medium,mature,12
bpmn-driven-testing,https://github.com/camunda-community-hub/bpmn-driven-testing,38,9,10500,Java,2021-06-23T08:50:16Z,2026-03-23T16:09:59Z,0,1,263,126000,4.53709,medium,mature,10
I18nUpdateMod2,https://github.com/CFPAOrg/I18nUpdateMod2,38,19,203,Java,2021-03-19T04:13:31Z,2025-10-28T13:23:48Z,12,1,31,2436,0.506812,low,mature,10
k8s-aws-book,https://github.com/dybooksIT/k8s-aws-book,38,48,1936,Java,2021-02-23T07:29:34Z,2025-05-15T01:44:28Z,3,1,26,23232,0.41958,low,mature,1
synapse,https://github.com/americanexpress/synapse,38,23,28914,Java,2021-04-16T18:33:53Z,2026-02-25T20:25:20Z,5,17,819,346968,13.604651,high,mature,201
Obfuscat,https://github.com/Pusty/Obfuscat,38,5,11445,Java,2021-04-06T06:33:03Z,2026-02-04T12:10:51Z,0,0,39,137340,0.643919,low,mature,1
Ripples-of-the-Past,https://github.com/StandoByte/Ripples-of-the-Past,38,24,29665,Java,2021-11-18T19:55:27Z,2026-02-21T10:31:10Z,2,5,2790,355980,52.641509,high,mature,4
google-play-api,https://github.com/theapache64/google-play-api,38,5,721,Java,2021-02-28T19:00:48Z,2025-11-14T22:20:49Z,0,0,40,8652,0.647598,low,mature,1
chewing,https://github.com/jingqueyimu/chewing,38,10,2800,Java,2021-02-01T15:49:05Z,2026-02-25T01:54:21Z,1,0,18,33600,0.287081,low,mature,1
OasisGame,https://github.com/Vrekt/OasisGame,38,5,30341,Java,2021-10-06T04:50:25Z,2026-02-27T12:54:24Z,1,0,194,364092,3.561812,medium,mature,1
DSMEditor,https://github.com/ajcarney/DSMEditor,38,5,4458,Java,2021-06-02T20:18:10Z,2026-02-22T18:09:13Z,11,0,215,53496,3.666856,medium,mature,2
cloud-native-java-2021,https://github.com/joshlong-attic/cloud-native-java-2021,38,7,165,Java,2021-04-16T10:14:57Z,2025-09-29T19:05:58Z,0,0,40,1980,0.664084,low,mature,1
javaWeb_sportsStore,https://github.com/OliverLoki/javaWeb_sportsStore,38,5,153,Java,2021-06-08T05:45:11Z,2025-06-28T07:15:41Z,2,0,8,1836,0.13683,low,mature,1
jkapp_andriod,https://github.com/dayucode/jkapp_andriod,38,7,56853,Java,2021-05-12T16:24:34Z,2026-03-25T13:07:16Z,0,0,22,682236,0.370578,low,mature,1
keycloak-registration-invitation,https://github.com/RedFroggy/keycloak-registration-invitation,38,8,492,Java,2021-06-17T12:34:29Z,2025-05-22T09:21:13Z,2,0,14,5904,0.240688,low,mature,3
searchlab,https://github.com/yacy/searchlab,38,6,17666,Java,2021-10-02T07:36:59Z,2025-11-21T14:23:43Z,1,0,470,211992,8.608059,medium,mature,10
VIRec,https://github.com/A3DV/VIRec,38,16,262,Java,2021-09-06T19:04:13Z,2026-02-22T22:10:07Z,0,0,5,3144,0.090198,low,mature,2
Clinometer,https://github.com/BasicAirData/Clinometer,38,14,73252,Java,2021-01-01T13:48:40Z,2026-02-17T23:16:29Z,13,0,218,879024,3.420502,medium,mature,2
knx-core,https://github.com/pitschr/knx-core,38,16,7116,Java,2021-02-14T21:07:46Z,2026-03-01T12:14:53Z,1,1,553,85392,8.885913,medium,mature,1
java-coding-interview,https://github.com/dybooksIT/java-coding-interview,38,11,4674,Java,2021-12-23T11:58:51Z,2026-03-10T09:01:52Z,1,0,103,56088,1.985861,medium,mature,1
sppen,https://github.com/Black-Hell-Team/sppen,38,8,15293,Java,2021-03-20T16:01:51Z,2025-12-09T13:44:18Z,0,0,424,183516,6.93566,medium,mature,2
sip-framework,https://github.com/x1F/sip-framework,38,0,155155,Java,2021-11-06T10:36:44Z,2026-03-25T17:10:38Z,1,6,486,1861860,9.095446,medium,mature,10
Agenda,https://github.com/CodigosdeProgramacion/Agenda,38,19,322,Java,2021-03-16T03:18:36Z,2025-09-17T21:15:50Z,0,0,18,3864,0.293798,low,mature,2
cost-based-incremental-optimizer,https://github.com/alibaba/cost-based-incremental-optimizer,38,9,7353,Java,2021-04-01T01:56:09Z,2026-03-18T08:04:18Z,0,0,13,88236,0.21405,low,mature,4
Mirror,https://github.com/Moderocky/Mirror,38,4,209,Java,2021-02-08T13:54:48Z,2026-01-12T00:22:57Z,0,0,26,2508,0.416222,low,mature,2
2021-tyf,https://github.com/woowacourse-teams/2021-tyf,38,8,1904,Java,2021-07-02T07:46:42Z,2025-08-10T14:30:46Z,32,0,238,22848,4.127168,medium,mature,7
Shopme,https://github.com/Rapter1990/Shopme,38,28,5146,Java,2021-02-08T05:09:54Z,2025-10-29T12:03:10Z,2,0,764,61752,12.230523,high,mature,1
Surf,https://github.com/Winds-Studio/Surf,38,5,2367,Java,2021-11-13T12:40:08Z,2026-03-23T00:26:19Z,3,0,422,28404,7.932331,medium,mature,3
InformationSharing,https://github.com/a6678696/InformationSharing,38,7,5913,Java,2021-01-01T19:57:58Z,2025-10-15T03:27:58Z,0,0,61,70956,0.957614,low,mature,1
Rayfast,https://github.com/emortalmc/Rayfast,38,2,206,Java,2021-08-20T08:00:04Z,2025-05-21T08:43:27Z,3,9,46,2472,0.82094,low,mature,6
Aki,https://github.com/letmeNo1/Aki,38,5,76971,Java,2021-09-17T04:44:52Z,2026-02-06T15:42:56Z,1,0,113,923652,2.050817,medium,mature,1
joyce,https://github.com/sourcesense/joyce,38,0,4662,Java,2021-11-24T09:28:36Z,2025-09-07T19:17:00Z,0,0,55,55944,1.041009,medium,mature,14
ksantest,https://github.com/infinistor/ksantest,38,2,3603,Java,2021-11-29T06:28:11Z,2026-03-26T16:47:42Z,2,0,340,43236,6.455696,medium,mature,3
hms-wear-engine-demo,https://github.com/HMS-Core/hms-wear-engine-demo,38,18,1929,Java,2021-10-20T08:35:00Z,2026-03-21T23:59:25Z,1,0,2,23148,0.037037,low,mature,1
LegendaryTooltips,https://github.com/AHilyard/LegendaryTooltips,38,19,1797,Java,2021-09-24T17:17:24Z,2025-07-30T12:21:14Z,0,2,43,21564,0.784195,low,mature,2
tachiyomi-extensions-inspector,https://github.com/tachiyomiorg/tachiyomi-extensions-inspector,38,100,11962,Java,2021-07-23T22:33:10Z,2026-02-19T03:21:54Z,0,0,718,143544,12.611241,high,mature,13
react-native-dynamic-load,https://github.com/MrGaoGang/react-native-dynamic-load,38,10,860,Java,2021-06-22T04:07:59Z,2026-02-24T09:28:12Z,2,0,13,10320,0.224138,low,mature,1
LeetCode-Solutions,https://github.com/MonitSharma/LeetCode-Solutions,38,13,3304,Java,2021-08-01T18:25:53Z,2026-03-24T19:49:19Z,0,0,2424,39648,42.801648,high,mature,1
iacker-admin,https://github.com/dcbanop/iacker-admin,38,11,267,Java,2021-05-19T10:08:58Z,2025-01-17T16:03:53Z,0,0,2,3204,0.033822,low,mature,1
FastCampus_Solution,https://github.com/tony9402/FastCampus_Solution,38,15,1422,Java,2021-07-06T07:53:53Z,2025-07-27T07:36:15Z,0,0,75,17064,1.303592,medium,mature,2
jwt-editor,https://github.com/blackberry/jwt-editor,38,14,1775,Java,2021-09-07T12:11:24Z,2025-11-29T05:19:41Z,4,0,21,21300,0.378833,low,mature,7
repairboost-code,https://github.com/shenzr/repairboost-code,38,11,336,Java,2021-05-14T10:37:00Z,2025-12-12T06:58:43Z,2,0,5,4032,0.084317,low,mature,2
dsiutils,https://github.com/vigna/dsiutils,38,9,21311,Java,2021-01-06T10:25:49Z,2026-03-15T23:00:51Z,1,1,81,255732,1.274253,medium,mature,2
Karve,https://github.com/AlexEidt/Karve,38,2,83578,Java,2021-09-04T01:00:57Z,2026-02-03T11:39:31Z,0,1,89,1002936,1.602641,medium,mature,1
in-app-purchase,https://github.com/wdtheprovider/in-app-purchase,38,9,511,Java,2021-12-27T18:47:50Z,2026-03-21T11:16:33Z,0,0,22,6132,0.425532,low,mature,1
curso-udemy-comunicacao-microsservicos,https://github.com/vhnegrisoli/curso-udemy-comunicacao-microsservicos,38,25,1905,Java,2021-04-24T17:51:21Z,2025-06-30T20:01:18Z,1,0,53,22860,0.884316,low,mature,2
TuningFork,https://github.com/Hangman/TuningFork,38,5,293099,Java,2021-09-29T06:54:22Z,2026-01-23T07:37:31Z,0,1,485,3517188,8.866545,medium,mature,1
UnlockMiui,https://github.com/zhang0281/UnlockMiui,38,3,157,Java,2021-03-08T04:49:28Z,2026-01-22T01:38:08Z,0,0,17,1884,0.276273,low,mature,1
house-price-monitor,https://github.com/Logistic98/house-price-monitor,38,11,5402,Java,2021-07-10T18:23:24Z,2026-03-14T06:41:23Z,0,0,2,64824,0.034863,low,mature,1
Fallback-Server,https://github.com/sasi2006166/Fallback-Server,38,14,61755,Java,2021-06-16T14:46:26Z,2026-03-06T21:55:19Z,7,0,74,741060,1.271478,medium,mature,1
helpdesk-backend,https://github.com/ValdirCezar/helpdesk-backend,37,13,99,Java,2021-06-29T23:04:10Z,2026-03-14T22:15:43Z,2,0,30,1188,0.51963,low,mature,1
shiroMemshell,https://github.com/yyhuni/shiroMemshell,37,12,1318,Java,2021-12-19T07:08:00Z,2025-11-26T08:46:09Z,0,0,2,15816,0.038462,low,mature,1
search-in-repo,https://github.com/Kimentanm/search-in-repo,37,9,104,Java,2021-03-22T14:10:04Z,2025-09-06T09:39:23Z,3,1,30,1248,0.491266,low,mature,1
GanttChartFX,https://github.com/hry625/GanttChartFX,37,0,158,Java,2021-01-15T09:11:29Z,2025-04-19T06:46:35Z,0,0,8,1896,0.126449,low,mature,1
rdf-transform,https://github.com/AtesComp/rdf-transform,37,9,83731,Java,2021-11-30T21:55:02Z,2025-11-10T06:40:16Z,4,0,217,1004772,4.125475,medium,mature,2
moonshine,https://github.com/KyoriPowered/moonshine,37,5,402,Java,2021-01-17T19:16:29Z,2026-01-27T00:35:17Z,3,1,102,4824,1.614776,medium,mature,5
BIT-Compile-Principle,https://github.com/I-Rinka/BIT-Compile-Principle,37,5,18259,Java,2021-03-01T14:36:48Z,2026-03-20T07:02:44Z,0,0,14,219108,0.226659,low,mature,1
javaEE,https://github.com/professorjosedeassis/javaEE,37,9,16810,Java,2021-03-29T14:51:58Z,2025-10-07T14:16:20Z,0,0,30,201720,0.493151,low,mature,1
BibleNotify,https://github.com/BibleNotify/BibleNotify,37,10,29577,Java,2021-03-21T17:31:00Z,2026-03-25T23:57:14Z,3,0,124,354924,2.030568,medium,mature,5
AIOps-Fault-Injection,https://github.com/OS-ABC/AIOps-Fault-Injection,37,15,99,Java,2021-03-07T08:56:47Z,2024-12-07T02:09:43Z,0,0,7,1188,0.113698,low,mature,2
2021-cvi,https://github.com/woowacourse-teams/2021-cvi,37,6,4562,Java,2021-07-02T07:42:49Z,2026-01-26T02:07:42Z,11,0,1197,54744,20.757225,high,mature,6
PaperWebCrawler,https://github.com/yagol2020/PaperWebCrawler,37,5,15431,Java,2021-11-11T13:27:09Z,2026-02-09T15:52:22Z,1,1,103,185172,1.933667,medium,mature,2
kafka-streams-dashboards,https://github.com/nbuesing/kafka-streams-dashboards,37,9,8563,Java,2021-03-05T17:23:26Z,2024-08-15T01:05:37Z,0,0,41,102756,0.665584,low,mature,1
TypingCat,https://github.com/huxin1997/TypingCat,37,9,1655,Java,2021-11-28T08:50:08Z,2025-05-15T09:24:02Z,9,0,17,19860,0.322581,low,mature,2
Colorpicker,https://github.com/mrudultora/Colorpicker,37,6,57026,Java,2021-05-01T11:51:15Z,2026-02-11T09:59:30Z,4,4,52,684312,0.870536,low,mature,2
inc,https://github.com/tanzibiao/inc,37,18,1385,Java,2021-06-13T04:46:17Z,2025-09-17T07:19:20Z,0,0,12,16620,0.205832,low,mature,1
uml-sequence-diagram-drawio,https://github.com/Adrninistrator/uml-sequence-diagram-drawio,37,8,811,Java,2021-10-02T14:01:32Z,2025-11-19T03:05:16Z,1,0,17,9732,0.311355,low,mature,1
flink-iceberg-demo,https://github.com/spancer/flink-iceberg-demo,37,23,232,Java,2021-01-20T09:16:41Z,2026-02-12T16:34:08Z,0,0,48,2784,0.760697,low,mature,2
Camunda-7-Spring-Boot-Tutorial-Lafayette,https://github.com/camunda-community-hub/Camunda-7-Spring-Boot-Tutorial-Lafayette,37,19,1550,Java,2021-05-18T10:35:14Z,2025-06-29T21:07:54Z,2,2,13,18600,0.219718,low,mature,5
Indexing,https://github.com/renfei/Indexing,37,4,706,Java,2021-04-13T01:17:30Z,2026-02-28T07:07:36Z,1,1,17,8472,0.281768,low,mature,1
WorldWindow,https://github.com/shakso/WorldWindow,37,0,127,Java,2021-12-04T12:42:58Z,2023-11-16T06:42:27Z,0,0,5,1524,0.095238,low,mature,1
chaintest,https://github.com/anshooarora/chaintest,37,14,1978,Java,2021-01-18T05:51:38Z,2026-03-23T06:27:33Z,29,2,557,23736,8.817942,medium,mature,2
tomcat_original,https://github.com/MaShantao/tomcat_original,37,9,11573,Java,2021-03-25T11:59:54Z,2025-12-27T03:33:35Z,0,0,8,138876,0.131219,low,mature,1
WedemyServer,https://github.com/Longwater1234/WedemyServer,37,20,2022,Java,2021-06-06T00:32:22Z,2026-03-02T08:29:14Z,3,1,716,24264,12.232346,high,mature,2
prog-mats-java-sonnicon,https://github.com/MEEPofFaith/prog-mats-java-sonnicon,37,7,2699,Java,2021-03-16T22:26:18Z,2025-03-08T05:01:15Z,0,0,377,32388,6.156777,medium,mature,5
weather_widget,https://github.com/jark006/weather_widget,37,3,6715,Java,2021-11-06T18:23:18Z,2026-03-20T16:37:30Z,0,0,57,80580,1.067416,medium,mature,1
Tourism_Management_System,https://github.com/ShivamSeth05/Tourism_Management_System,37,12,13425,Java,2021-06-26T10:18:54Z,2026-03-17T08:36:54Z,0,1,5,161100,0.086406,low,mature,1
Hostile-Neural-Networks,https://github.com/Shadows-of-Fire/Hostile-Neural-Networks,37,34,2458,Java,2021-11-26T20:17:40Z,2026-03-27T00:16:56Z,12,5,152,29496,2.882427,medium,mature,11
Digit-Core,https://github.com/egovernments/Digit-Core,37,102,526569,Java,2021-08-20T09:43:43Z,2026-03-17T11:09:33Z,48,640,245,6318828,4.372397,medium,mature,50
OpenSCA-intellij-plugin,https://github.com/XmirrorSecurity/OpenSCA-intellij-plugin,37,9,540,Java,2021-12-30T01:15:54Z,2026-02-27T09:26:11Z,3,0,30,6480,0.58102,low,mature,4
WatermarkShoot,https://github.com/Roc0323/WatermarkShoot,37,3,18209,Java,2021-05-07T07:28:01Z,2025-10-30T03:24:32Z,1,0,8,218508,0.134378,low,mature,1
strangers,https://github.com/mianasadali1/strangers,37,43,1413,Java,2021-10-06T04:30:42Z,2026-01-29T20:28:16Z,2,1,2,16956,0.03672,low,mature,1
AndAutoBox,https://github.com/HuRuWo/AndAutoBox,37,16,123,Java,2021-11-01T10:03:39Z,2025-11-16T06:12:00Z,1,0,10,1476,0.186567,low,mature,1
Kafka-quickstart,https://github.com/MetaArivu/Kafka-quickstart,37,17,195978,Java,2021-09-27T03:38:45Z,2026-01-14T06:01:30Z,0,0,117,2351736,2.136336,medium,mature,1
TeleTux,https://github.com/TeleTux/TeleTux,37,3,911675,Java,2021-04-17T07:56:31Z,2026-03-14T12:13:17Z,19,0,2172,10940100,36.079734,high,mature,52
ssbus,https://github.com/xxDark/ssbus,37,3,88,Java,2021-05-19T18:17:22Z,2025-12-14T17:27:39Z,0,0,17,1056,0.287648,low,mature,1
giot,https://github.com/GerryYuan/giot,37,9,410,Java,2021-02-23T07:59:14Z,2023-07-03T02:35:04Z,0,0,163,4920,2.630446,medium,mature,1
portals-ecommerce-demo,https://github.com/ionic-team/portals-ecommerce-demo,37,32,7185,Java,2021-05-25T15:25:31Z,2026-01-21T13:29:29Z,2,4,191,86220,3.24095,medium,mature,26
TownyResources,https://github.com/TownyAdvanced/TownyResources,37,18,617,Java,2021-08-13T16:00:20Z,2026-03-27T20:01:00Z,9,0,469,7404,8.335308,medium,mature,15
Notorious,https://github.com/gerald0mc/Notorious,37,9,43448,Java,2021-06-15T21:10:50Z,2025-10-01T07:00:38Z,4,2,213,521376,3.659794,medium,mature,7
Entropy,https://github.com/juancarloscp52/Entropy,37,31,8010,Java,2021-03-13T19:40:37Z,2026-01-28T14:17:42Z,2,3,657,96120,10.711957,high,mature,15
ere-ps-app,https://github.com/ere-health/ere-ps-app,37,46,66514,Java,2021-04-06T15:10:55Z,2026-03-26T18:35:10Z,2,19,1657,798168,27.358283,high,mature,31
NotifyListenerDemo,https://github.com/lilongweidev/NotifyListenerDemo,37,16,136,Java,2021-08-14T00:51:27Z,2026-03-01T12:42:33Z,0,0,1,1632,0.017783,low,mature,1
text_cluster,https://github.com/dfsj66011/text_cluster,37,10,13365,Java,2021-07-08T11:59:58Z,2026-03-24T06:38:08Z,1,0,3,160380,0.052204,low,mature,1
javaception,https://github.com/x4e/javaception,37,3,213,Java,2021-02-25T15:39:48Z,2025-07-28T05:56:27Z,1,0,77,2556,1.243942,medium,mature,2
Social_Media_App,https://github.com/MukulKolpe/Social_Media_App,37,15,807,Java,2021-11-21T09:20:42Z,2025-07-31T00:36:53Z,1,1,46,9684,0.869018,low,mature,1
HackerRank-Solutions,https://github.com/MohamedMetwalli5/HackerRank-Solutions,37,15,330,Java,2021-04-03T02:12:57Z,2024-09-29T04:55:49Z,0,0,340,3960,5.604396,medium,mature,1
QQChatHistoryExporter,https://github.com/ZhangJun2017/QQChatHistoryExporter,37,5,327,Java,2021-07-16T20:44:00Z,2025-12-15T00:56:27Z,2,0,28,3924,0.489796,low,mature,1
camunda-7-to-8-migration,https://github.com/camunda-community-hub/camunda-7-to-8-migration,36,16,8169,Java,2021-06-30T10:00:54Z,2026-03-26T23:08:33Z,8,4,1321,98028,22.881062,high,mature,25
java-challenges,https://github.com/Apress/java-challenges,36,41,4063,Java,2021-08-11T14:15:42Z,2026-01-20T02:34:30Z,1,0,3,48756,0.053254,low,mature,1
java-graalvm-aws-lambda,https://github.com/Aleksandr-Filichkin/java-graalvm-aws-lambda,36,9,437,Java,2021-07-17T13:23:01Z,2024-12-17T21:44:36Z,1,0,10,5244,0.174927,low,mature,1
BungeePackFix,https://github.com/LoneDev6/BungeePackFix,36,18,96,Java,2021-12-14T14:50:06Z,2026-01-24T00:55:02Z,13,2,37,1152,0.709265,low,mature,5
Tictactoe_in_Android,https://github.com/Abdullah-Sheikh/Tictactoe_in_Android,36,25,3261,Java,2021-07-25T18:51:46Z,2026-02-18T06:48:44Z,0,0,48,39132,0.84408,low,mature,1
EasyProxyPlus,https://github.com/NoBugBoy/EasyProxyPlus,36,17,14796,Java,2021-07-08T03:53:06Z,2025-09-01T00:49:53Z,1,0,7,177552,0.12181,low,mature,1
HyCord,https://github.com/DeDiamondPro/HyCord,36,10,15137,Java,2021-03-13T14:52:28Z,2025-02-21T10:31:01Z,3,3,223,181644,3.633895,medium,mature,8
cdac-dac,https://github.com/suryasaini96/cdac-dac,36,28,62723,Java,2021-05-27T14:02:52Z,2026-02-28T08:46:11Z,0,0,121,752676,2.055493,medium,mature,1
eda-workshop,https://github.com/atarazana/eda-workshop,36,12,10737,Java,2021-05-27T10:25:44Z,2025-03-25T21:04:43Z,3,0,203,128844,3.448471,medium,mature,2
UniPlugin-Hello-AS,https://github.com/jeawy/UniPlugin-Hello-AS,36,27,116581,Java,2021-03-09T03:46:34Z,2025-04-20T14:08:02Z,0,0,4,1398972,0.065041,low,mature,1
Campus-transaction,https://github.com/huivy/Campus-transaction,36,14,885,Java,2021-03-01T12:20:22Z,2026-03-03T02:14:03Z,0,0,5,10620,0.08095,low,mature,3
personal-finance-management-system,https://github.com/hardikSinghBehl/personal-finance-management-system,36,25,155,Java,2021-05-21T07:33:55Z,2026-03-05T10:58:04Z,0,0,41,1860,0.694131,low,mature,1
lsp-crawler,https://github.com/532780857/lsp-crawler,36,8,1466,Java,2021-05-09T05:46:11Z,2024-03-18T19:06:31Z,1,0,4,17592,0.067265,low,mature,1
ForkFarmer,https://github.com/ForkFarmer/ForkFarmer,36,17,2343,Java,2021-07-27T00:51:50Z,2025-05-25T22:43:50Z,0,0,108,28116,1.900293,medium,mature,2
ecommerce,https://github.com/webtutsplus/ecommerce,36,47,159,Java,2021-08-24T19:46:07Z,2026-01-25T14:24:52Z,1,3,1,1908,0.0179,low,mature,0
StudyRoomManagementSystem,https://github.com/SimpleGraduationProjects/StudyRoomManagementSystem,36,8,21547,Java,2021-09-21T10:00:48Z,2026-01-30T08:09:26Z,0,0,72,258564,1.309885,medium,mature,1
spring-cloud-gateway-grpc,https://github.com/Albertoimpl/spring-cloud-gateway-grpc,36,13,160,Java,2021-11-17T14:44:28Z,2026-03-12T07:36:18Z,0,0,4,1920,0.075377,low,mature,1
kafka-connect-transform-tojsonstring,https://github.com/christian-edelsbrunner/kafka-connect-transform-tojsonstring,36,17,90,Java,2021-03-05T19:29:50Z,2025-03-17T20:59:04Z,3,2,55,1080,0.892857,low,mature,3
KevinClient,https://github.com/RMCQAZ/KevinClient,36,15,1874644,Java,2021-08-16T02:48:10Z,2025-10-31T14:07:11Z,8,0,46,22495728,0.818991,low,mature,1
datatunnel,https://github.com/melin/datatunnel,36,26,23845,Java,2021-07-29T11:41:59Z,2026-03-18T01:47:11Z,0,0,795,286140,14.004698,high,mature,2
my-demo-app-android,https://github.com/saucelabs/my-demo-app-android,36,36,5420,Java,2021-09-11T07:34:54Z,2026-03-24T21:04:40Z,6,4,154,65040,2.78481,medium,mature,14
neat-chess,https://github.com/nomemory/neat-chess,36,3,2662,Java,2021-04-02T16:25:50Z,2026-03-08T08:42:27Z,6,1,37,31944,0.609555,low,mature,2
book-manage-system,https://github.com/duktig666/book-manage-system,36,4,2316,Java,2021-08-17T11:46:12Z,2025-07-16T01:50:17Z,1,0,7,27792,0.124703,low,mature,1
Battery-Activity-Collection-App,https://github.com/SnowStar0423/Battery-Activity-Collection-App,36,0,294,Java,2021-12-19T07:50:41Z,2025-10-28T14:27:23Z,0,0,2,3528,0.038462,low,mature,1
Plus,https://github.com/MarcusSlover/Plus,36,9,627,Java,2021-11-08T09:06:39Z,2026-02-06T20:04:04Z,0,1,335,7524,6.277327,medium,mature,11
tips_IntelliJ_IDEA,https://github.com/kacperkoza/tips_IntelliJ_IDEA,36,0,27824,Java,2021-09-16T14:32:29Z,2025-12-21T03:42:04Z,0,0,31,333888,0.562273,low,mature,1
capa-bff,https://github.com/capa-cloud/capa-bff,36,8,6532,Java,2021-10-19T07:56:30Z,2026-03-13T11:06:52Z,6,0,150,78384,2.776064,medium,mature,5
bolan,https://github.com/qiusunshine/bolan,36,21,91174,Java,2021-10-25T07:41:51Z,2026-03-01T01:25:28Z,1,0,26,1094088,0.482972,low,mature,1
Redscan,https://github.com/certmichelin/Redscan,36,4,4668,Java,2021-05-21T09:35:52Z,2025-11-28T21:56:59Z,0,0,336,56016,5.688488,medium,mature,3
CurseForgeGradle,https://github.com/Darkhax/CurseForgeGradle,36,9,207,Java,2021-10-17T08:35:47Z,2026-03-27T06:18:19Z,7,3,80,2484,1.478743,medium,mature,9
casdoor-java-sdk,https://github.com/casdoor/casdoor-java-sdk,36,50,263,Java,2021-05-13T09:34:21Z,2026-02-16T16:15:54Z,3,0,83,3156,1.398876,medium,mature,38
capsid,https://github.com/pzstorm/capsid,36,9,1793,Java,2021-03-25T07:38:19Z,2026-02-07T02:24:03Z,4,2,522,21516,8.562056,medium,mature,1
CommitCombo,https://github.com/devxb/CommitCombo,36,2,470,Java,2021-05-22T09:40:09Z,2026-03-14T18:36:47Z,12,0,212,5640,3.591191,medium,mature,2
mod-tools,https://github.com/I-hope1/mod-tools,36,2,110802,Java,2021-12-19T03:37:47Z,2026-03-28T14:57:48Z,1,0,977,1329624,18.788462,high,mature,2
Burp-ConvisoPlatform,https://github.com/convisolabs/Burp-ConvisoPlatform,36,3,157754,Java,2021-02-11T14:04:59Z,2026-03-11T19:45:28Z,0,0,164,1893048,2.62961,medium,mature,5
VoidGen,https://github.com/xtkq-is-not-available/VoidGen,36,35,107,Java,2021-12-30T06:35:27Z,2026-03-13T15:55:08Z,4,4,22,1284,0.426081,low,mature,2
Knowledge_Graph_Aerospace,https://github.com/iStitches/Knowledge_Graph_Aerospace,36,7,9497,Java,2021-01-12T02:24:20Z,2026-03-17T11:48:06Z,4,1,7,113964,0.110468,low,mature,2
MovieOn,https://github.com/f-lab-edu/MovieOn,36,5,17724,Java,2021-11-14T07:18:25Z,2026-02-11T08:45:53Z,9,0,173,212688,3.253918,medium,mature,41
DesignPatternDemos,https://github.com/fynch3r/DesignPatternDemos,36,3,238,Java,2021-11-30T13:12:20Z,2025-05-11T11:49:44Z,0,0,20,2856,0.379987,low,mature,1
WechatQrcode,https://github.com/MALTF/WechatQrcode,36,3,64468,Java,2021-05-13T07:14:21Z,2026-03-02T11:01:37Z,0,0,62,773616,1.044944,medium,mature,1
xzwraft,https://github.com/nuoyimanaituling/xzwraft,36,9,3076,Java,2021-05-05T02:18:05Z,2025-09-28T03:15:00Z,1,0,14,36912,0.234899,low,mature,1
DSA,https://github.com/Raghavarya2002/DSA,35,78,784,Java,2021-11-10T16:39:49Z,2025-03-23T19:51:22Z,1,17,879,9408,16.491557,high,mature,45
AndroidDocumentFilter,https://github.com/garg-lucifer/AndroidDocumentFilter,35,7,58026,Java,2021-07-26T14:00:50Z,2026-02-12T17:05:45Z,5,0,20,696312,0.3517,low,mature,1
Explore-Hms,https://github.com/Explore-In-HMS/Explore-Hms,35,8,779789,Java,2021-09-03T10:59:12Z,2024-08-23T13:35:31Z,0,0,217,9357468,3.905219,medium,mature,12
Android-Guide,https://github.com/mikeroyal/Android-Guide,35,7,138,Java,2021-06-01T19:24:24Z,2026-03-19T00:58:06Z,0,0,8,1656,0.136364,low,mature,1
josi,https://github.com/cegredev/josi,35,4,315,Java,2021-04-16T16:54:10Z,2025-06-09T01:10:56Z,2,0,84,3780,1.394577,medium,mature,4
ifsmover,https://github.com/infinistor/ifsmover,35,2,952,Java,2021-12-10T06:18:53Z,2026-03-26T16:47:42Z,0,0,52,11424,0.994264,low,mature,3
SmoothTimber,https://github.com/SourceWriters/SmoothTimber,35,19,9441,Java,2021-05-18T12:00:09Z,2026-03-28T14:45:48Z,32,4,140,113292,2.366197,medium,mature,12
vs-code-repo,https://github.com/rohitrahi/vs-code-repo,35,41,1355,Java,2021-12-20T04:43:08Z,2025-12-10T18:07:20Z,0,1,22,16260,0.423348,low,mature,3
DGAppStartup,https://github.com/Caij/DGAppStartup,35,5,204,Java,2021-02-23T03:29:27Z,2025-05-15T23:07:48Z,1,0,20,2448,0.322754,low,mature,1
pokeapi-reactor,https://github.com/SirSkaro/pokeapi-reactor,35,27,181,Java,2021-03-26T14:54:30Z,2026-02-07T22:06:06Z,0,0,78,2172,1.280088,medium,mature,5
survey-design,https://github.com/dddreams/survey-design,35,7,2341,Java,2021-09-29T09:17:44Z,2026-02-19T03:00:02Z,0,0,32,28092,0.585009,low,mature,1
jalgorithm,https://github.com/mo-karbalaee/jalgorithm,35,14,2132,Java,2021-12-20T08:23:01Z,2026-03-09T15:26:25Z,38,0,149,25584,2.867223,medium,mature,7
Tiangong-IoT,https://github.com/Netease-IoT/Tiangong-IoT,35,8,167,Java,2021-12-30T12:16:39Z,2025-07-30T14:34:25Z,0,0,1,2004,0.019367,low,mature,1
Boomerang,https://github.com/swhitley/Boomerang,35,3,91,Java,2021-03-09T04:51:18Z,2026-03-08T04:50:19Z,0,0,55,1092,0.894309,low,mature,1
xcloud-cgtv,https://github.com/mistertest/xcloud-cgtv,35,2,942,Java,2021-07-16T14:14:39Z,2026-01-12T17:27:57Z,3,0,39,11304,0.681818,low,mature,1
modern-clean-architecture,https://github.com/bertilmuth/modern-clean-architecture,35,9,269,Java,2021-08-03T11:50:12Z,2024-08-17T05:44:12Z,0,0,73,3228,1.289753,medium,mature,1
hoshi-note,https://github.com/syfxlin/hoshi-note,35,10,3649,Java,2021-05-07T07:11:47Z,2026-01-07T10:08:21Z,0,1,145,43788,2.43561,medium,mature,1
flow,https://github.com/wao3/flow,35,1,525,Java,2021-01-29T09:06:52Z,2024-04-07T08:30:26Z,1,0,60,6300,0.955414,low,mature,1
Live_shopping_android,https://github.com/WanyueKJ/Live_shopping_android,35,12,50408,Java,2021-10-09T08:23:55Z,2025-06-23T01:41:53Z,0,0,41,604896,0.754139,low,mature,4
spring-boot-js-demo,https://github.com/dsyer/spring-boot-js-demo,35,8,300,Java,2021-12-13T14:36:03Z,2025-10-23T02:07:09Z,0,0,75,3600,1.436782,medium,mature,1
VISOR---Android-Version-Assistant,https://github.com/Edw590/VISOR---Android-Version-Assistant,35,5,2116239,Java,2021-06-27T21:37:05Z,2026-02-02T21:31:57Z,0,0,500,25394868,8.650519,medium,mature,1
diga-api-client,https://github.com/alex-therapeutics/diga-api-client,35,12,371,Java,2021-02-24T10:41:07Z,2026-03-17T09:39:48Z,1,0,193,4452,3.116254,medium,mature,9
puzzleslib,https://github.com/Fuzss/puzzleslib,35,9,6395,Java,2021-06-18T21:30:37Z,2026-03-22T22:46:00Z,10,0,1010,76740,17.383821,high,mature,1
de.fac2,https://github.com/BSI-Bund/de.fac2,35,3,19080,Java,2021-03-29T07:36:52Z,2025-12-11T13:59:24Z,0,0,22,228960,0.361644,low,mature,3
arduino-pico-littlefs-plugin,https://github.com/earlephilhower/arduino-pico-littlefs-plugin,35,4,103,Java,2021-03-31T03:12:20Z,2026-02-19T21:20:38Z,2,0,15,1236,0.246846,low,mature,2
Tensor,https://github.com/IUDevman/Tensor,35,3,780,Java,2021-04-12T10:04:22Z,2025-09-17T08:15:48Z,5,0,496,9360,8.216455,medium,mature,15
jbehave-core,https://github.com/jbehave/jbehave-core,35,20,12805,Java,2021-01-17T18:26:39Z,2026-03-05T20:19:45Z,1,0,3035,153660,48.047493,high,mature,68
community,https://github.com/weizujie/community,35,2,795,Java,2021-01-13T13:56:39Z,2026-03-20T07:26:41Z,1,0,80,9540,1.263158,medium,mature,1
mqtt-sn,https://github.com/simon622/mqtt-sn,35,6,11149,Java,2021-11-17T10:30:11Z,2025-10-26T20:05:02Z,17,3,386,133788,7.273869,medium,mature,5
MapBotv4,https://github.com/Maplefsnow/MapBotv4,35,9,1200,Java,2021-12-12T06:49:17Z,2025-08-25T17:02:26Z,9,0,200,14400,3.828973,medium,mature,4
quarkus-rabbitmq-client,https://github.com/quarkiverse/quarkus-rabbitmq-client,35,18,357,Java,2021-01-22T12:48:21Z,2026-03-27T01:47:25Z,6,4,374,4284,5.933369,medium,mature,38
jeecg-boot-activiti-online,https://github.com/polarbear567/jeecg-boot-activiti-online,35,30,19684,Java,2021-08-04T08:55:06Z,2025-10-22T03:52:49Z,4,1,8,236208,0.141426,low,mature,1
AzureReader,https://github.com/zlw513/AzureReader,35,5,33707,Java,2021-02-21T09:11:52Z,2026-01-22T07:24:00Z,0,0,12,404484,0.193444,low,mature,1
student-management-system,https://github.com/Yashmerino/student-management-system,35,21,502,Java,2021-12-28T18:45:12Z,2026-03-16T04:27:22Z,0,0,104,6024,2.012903,medium,mature,1
Log4j2Scan-1,https://github.com/pochubs/Log4j2Scan-1,35,58,497,Java,2021-12-16T03:29:17Z,2024-08-31T21:25:38Z,0,0,100,5964,1.919386,medium,mature,3
petShop_mmtax,https://github.com/as851499434/petShop_mmtax,35,4,5019,Java,2021-04-03T13:33:50Z,2026-03-26T10:33:16Z,0,0,29,60228,0.478022,low,mature,1
chineseaddressanalyzer,https://github.com/IOrzo/chineseaddressanalyzer,35,18,333,Java,2021-01-13T08:52:33Z,2025-11-17T02:53:36Z,0,0,4,3996,0.063158,low,mature,1
manning_software_mistakes_and_tradeoffs,https://github.com/tomekl007/manning_software_mistakes_and_tradeoffs,35,13,1269,Java,2021-06-10T17:49:34Z,2026-03-02T15:25:54Z,0,0,130,15228,2.227299,medium,mature,2
MultiLib,https://github.com/MultiPaper/MultiLib,35,6,92,Java,2021-12-09T11:10:46Z,2026-02-08T19:24:01Z,0,0,46,1104,0.878981,low,mature,4
school_shop_goods--SSM,https://github.com/ChenYiNCU/school_shop_goods--SSM,35,8,20937,Java,2021-04-07T09:17:34Z,2026-01-15T13:40:53Z,1,0,5,251244,0.082599,low,mature,1
Spring-Security-Auth-Demo,https://github.com/pardeep16/Spring-Security-Auth-Demo,35,45,457,Java,2021-04-28T17:19:49Z,2025-07-11T07:46:55Z,1,0,44,5484,0.735786,low,mature,1
DkFloatingView,https://github.com/Doonkey/DkFloatingView,35,3,149,Java,2021-05-17T01:27:30Z,2025-12-17T21:22:37Z,2,0,9,1788,0.152027,low,mature,1
polygon-offset-algorithm,https://github.com/Lee-0o0/polygon-offset-algorithm,35,10,1737,Java,2021-03-05T11:41:54Z,2025-11-16T04:48:02Z,0,0,5,20844,0.081125,low,mature,1
tlv8ide,https://github.com/qiangitchen/tlv8ide,35,7,808245,Java,2021-06-13T04:27:36Z,2026-03-15T05:57:44Z,0,0,398,9698940,6.826758,medium,mature,1
vt-SmartPark,https://github.com/vt-jack/vt-SmartPark,35,19,6830,Java,2021-02-23T02:59:11Z,2026-03-27T08:18:04Z,0,0,8,81960,0.129102,low,mature,2
community,https://github.com/Junyanzhang/community,35,9,274,Java,2021-04-27T09:20:05Z,2025-02-21T05:46:46Z,2,0,6,3288,0.100223,low,mature,1
SocksHttpOld,https://github.com/SlipkHunter/SocksHttpOld,35,28,1460,Java,2021-02-16T15:44:58Z,2025-12-24T00:32:12Z,0,0,3,17520,0.048232,low,mature,1
HttpAnsweringMachine,https://github.com/kendarorg/HttpAnsweringMachine,35,4,51824,Java,2021-08-11T08:50:30Z,2025-08-13T04:01:49Z,28,0,960,621888,17.04142,high,mature,1
Pepcoding_Codes_ModuleWise,https://github.com/tamanna-verma/Pepcoding_Codes_ModuleWise,35,14,593,Java,2021-09-05T17:52:16Z,2025-11-23T13:16:03Z,0,0,318,7116,5.733173,medium,mature,1
OnlineAuctionApp,https://github.com/rahul7400/OnlineAuctionApp,35,20,2284,Java,2021-06-24T12:55:04Z,2025-11-11T15:56:20Z,0,0,13,27408,0.224396,low,mature,1
PasswordStrengthView,https://github.com/RHSaliya/PasswordStrengthView,35,3,238,Java,2021-06-06T17:08:07Z,2026-01-20T09:11:00Z,0,0,33,2856,0.564103,low,mature,1
JMSv186,https://github.com/Riremito/JMSv186,35,16,50185,Java,2021-06-16T10:42:03Z,2026-03-22T14:55:15Z,0,0,1103,602220,18.95189,high,mature,2
teaks-tweaks,https://github.com/teakivy/teaks-tweaks,35,21,2680,Java,2021-06-30T06:24:53Z,2026-02-04T03:43:00Z,1,3,1286,32160,22.274827,high,mature,13
McReverse,https://github.com/Louuke/McReverse,35,0,674,Java,2021-11-03T18:38:16Z,2025-11-19T22:33:24Z,1,0,357,8088,6.672897,medium,mature,1
mars,https://github.com/whaleal/mars,35,6,11303,Java,2021-06-23T02:57:29Z,2025-08-13T11:22:59Z,21,0,543,135636,9.367453,medium,mature,5
observable-demo,https://github.com/lrwh/observable-demo,35,18,118027,Java,2021-12-29T06:38:10Z,2025-08-07T09:55:11Z,0,0,115,1416324,2.225806,medium,mature,3
mini-program-backend,https://github.com/Until-You-Possible/mini-program-backend,35,3,152,Java,2021-06-17T03:32:19Z,2025-09-28T03:06:40Z,0,0,66,1824,1.13467,medium,mature,1
word-cloud,https://github.com/houbb/word-cloud,35,3,5297,Java,2021-06-30T10:05:33Z,2025-10-08T20:39:44Z,1,0,15,63564,0.259815,low,mature,1
XposedHook,https://github.com/DeMonDemoSpace/XposedHook,35,18,19363,Java,2021-04-27T01:47:54Z,2024-08-07T17:03:08Z,0,0,12,232356,0.200445,low,mature,1
MCA-LPU,https://github.com/crypticani/MCA-LPU,35,21,1358224,Java,2021-09-02T02:10:00Z,2026-01-27T03:58:42Z,0,0,187,16298688,3.363309,medium,mature,2
DSA_Marathon,https://github.com/DSA-Marathon/DSA_Marathon,35,18,624,Java,2021-08-29T11:12:50Z,2025-08-25T18:51:05Z,0,12,195,7488,3.498804,medium,mature,11
odx-commander,https://github.com/javahacks/odx-commander,35,10,15880,Java,2021-03-04T15:55:15Z,2025-09-28T10:23:34Z,4,0,157,190560,2.545946,medium,mature,2
minecraft-cart-engine,https://github.com/audaki/minecraft-cart-engine,35,27,459,Java,2021-08-23T21:58:38Z,2026-02-20T06:58:09Z,10,0,89,5508,1.592129,medium,mature,6
qualianon,https://github.com/pangaea-data-publisher/qualianon,35,2,224,Java,2021-05-12T11:24:19Z,2026-02-19T08:04:14Z,18,2,28,2688,0.471645,low,mature,209
2021-drop-the-code,https://github.com/woowacourse-teams/2021-drop-the-code,35,8,8335,Java,2021-07-02T07:53:19Z,2024-02-09T08:06:26Z,7,0,201,100020,3.485549,medium,mature,6
monolith-to-microservices-example,https://github.com/GoogleCloudPlatform/monolith-to-microservices-example,35,13,1176,Java,2021-06-07T04:05:39Z,2026-03-19T14:06:08Z,4,0,13,14112,0.222222,low,mature,465
sstable-to-arrow,https://github.com/datastax-archive/sstable-to-arrow,35,4,7866,Java,2021-06-24T20:23:46Z,2026-03-17T19:56:48Z,0,0,133,94392,2.297064,medium,mature,2
harakiri,https://github.com/vaxerski/harakiri,35,10,15175,Java,2021-01-22T13:49:07Z,2026-03-16T06:40:49Z,1,0,301,182100,4.775251,medium,mature,2
atleon,https://github.com/atleon/atleon,35,6,3196,Java,2021-08-24T22:21:50Z,2026-03-25T02:58:38Z,2,1,813,38352,14.552506,high,mature,4
Mod-JSG-1.12.2,https://github.com/Tau-ri-Dev/Mod-JSG-1.12.2,35,22,538658,Java,2021-09-03T19:11:42Z,2026-01-06T11:15:44Z,15,2,1071,6463896,19.285714,high,mature,17
miniDubboOpen,https://github.com/jessin20161124/miniDubboOpen,35,5,263,Java,2021-11-20T14:45:39Z,2026-02-02T14:39:12Z,0,0,18,3156,0.339836,low,mature,1
ByteSkript,https://github.com/Moderocky/ByteSkript,35,5,1468,Java,2021-08-04T09:28:53Z,2026-02-28T20:16:52Z,3,0,299,17616,5.285798,medium,mature,2
drug_id_mapping,https://github.com/iit-Demokritos/drug_id_mapping,34,8,5145,Java,2021-09-20T11:05:48Z,2025-11-10T09:04:37Z,0,0,22,61740,0.4,low,mature,4
geographiclib-java,https://github.com/geographiclib/geographiclib-java,34,13,504,Java,2021-07-01T19:41:59Z,2026-01-29T02:15:11Z,2,0,200,6048,3.468208,medium,mature,4
pro-java-microservices-quarkus-kubernetes,https://github.com/Apress/pro-java-microservices-quarkus-kubernetes,34,30,200,Java,2021-08-26T13:08:58Z,2024-09-24T17:19:34Z,1,0,2,2400,0.035821,low,mature,2
Zeepium,https://github.com/KapilYadav-dev/Zeepium,34,11,8459,Java,2021-01-14T20:20:27Z,2025-11-17T04:35:51Z,0,12,34,101508,0.537408,low,mature,2
jwt-opa,https://github.com/massenz/jwt-opa,34,11,704,Java,2021-01-21T03:33:03Z,2026-01-12T04:10:43Z,14,0,114,8448,1.807611,medium,mature,4
EnterpriseManagementSystem,https://github.com/WQL-KXJ/EnterpriseManagementSystem,34,3,18489,Java,2021-02-14T14:12:22Z,2026-01-06T12:28:48Z,0,0,19,221868,0.305139,low,mature,1
mappet,https://github.com/mchorse/mappet,34,16,3095,Java,2021-02-13T18:27:12Z,2026-01-26T20:05:17Z,0,1,985,37140,15.819058,high,mature,8
ExpoMapboxGL,https://github.com/TheOutbound/ExpoMapboxGL,34,9,1217,Java,2021-05-20T13:31:06Z,2026-02-26T09:26:24Z,1,0,3,14604,0.050761,low,mature,3
FSearchHistory,https://github.com/yixiaolunhui/FSearchHistory,34,3,2074,Java,2021-08-07T08:25:40Z,2025-12-11T03:34:00Z,3,0,7,24888,0.123967,low,mature,1
aliyun-dts-subscribe-sdk-java,https://github.com/aliyun/aliyun-dts-subscribe-sdk-java,34,13,1348,Java,2021-03-09T07:45:47Z,2025-12-18T11:15:07Z,9,2,107,16176,1.739837,medium,mature,4
Android-Bluetooth-Library,https://github.com/prasad-psp/Android-Bluetooth-Library,34,17,200,Java,2021-08-07T14:27:57Z,2026-03-17T01:24:06Z,2,0,52,2400,0.920897,low,mature,1
Mirai-MCPingPlugin,https://github.com/Pmaru-top/Mirai-MCPingPlugin,34,4,276,Java,2021-07-20T09:49:52Z,2024-11-19T07:14:31Z,3,0,28,3312,0.490654,low,mature,1
TabAPI,https://github.com/NoSequel/TabAPI,34,12,306631,Java,2021-03-23T23:47:30Z,2026-03-21T18:14:25Z,5,0,300,3679572,4.918033,medium,mature,3
webcam-capture-driver-native,https://github.com/eduramiba/webcam-capture-driver-native,34,8,14100,Java,2021-06-17T08:39:46Z,2026-02-19T20:10:41Z,4,0,84,169200,1.444126,medium,mature,3
btp-azure-opensap,https://github.com/SAP-archive/btp-azure-opensap,34,22,189208,Java,2021-02-26T17:42:11Z,2025-03-04T16:47:26Z,0,0,32,2270496,0.51752,low,mature,23
clickhouse,https://github.com/cn-byte/clickhouse,34,25,93,Java,2021-05-20T06:56:57Z,2025-09-10T06:04:46Z,1,1,5,1116,0.084602,low,mature,1
IIoTDataGate,https://github.com/chzhm159/IIoTDataGate,34,4,277558,Java,2021-03-12T03:14:42Z,2025-12-25T01:09:22Z,1,0,49,3330696,0.798046,low,mature,1
flink-connector-clickhouse-1.13,https://github.com/liekkassmile/flink-connector-clickhouse-1.13,34,17,2161,Java,2021-07-13T03:14:14Z,2026-03-23T10:40:16Z,7,0,38,25932,0.663176,low,mature,1
RegMiner,https://github.com/SongXueZhi/RegMiner,34,5,75026,Java,2021-02-07T17:02:14Z,2025-09-17T06:52:34Z,12,0,489,900312,7.828175,medium,mature,12
xsystem4-android,https://github.com/kichikuou/xsystem4-android,34,5,258,Java,2021-12-28T02:59:15Z,2026-03-22T02:01:25Z,0,0,136,3096,2.630561,medium,mature,2
munin,https://github.com/qishenghe/munin,34,9,366,Java,2021-09-22T08:25:24Z,2024-06-12T07:31:03Z,4,0,66,4392,1.201456,medium,mature,1
java-client,https://github.com/weaviate/java-client,34,26,9064,Java,2021-04-01T13:16:15Z,2026-03-27T14:33:51Z,17,2,1749,108768,28.798024,high,mature,33
RenoSense-Rewrite,https://github.com/Sjnez613/RenoSense-Rewrite,34,10,51951,Java,2021-05-11T23:55:32Z,2025-07-31T13:24:01Z,4,1,146,623412,2.459293,medium,mature,4
keycloak-last-login-event-listener,https://github.com/ThoreKr/keycloak-last-login-event-listener,34,16,130,Java,2021-01-12T17:42:15Z,2026-02-20T03:34:48Z,0,0,17,1560,0.268421,low,mature,4
openshift-quickstart,https://github.com/piomin/openshift-quickstart,34,45,906,Java,2021-02-09T15:12:28Z,2026-03-24T14:22:12Z,1,0,673,10872,10.779498,high,mature,2
UniApp-Android-Plugins,https://github.com/deemojiang/UniApp-Android-Plugins,34,11,24618,Java,2021-02-23T08:41:41Z,2025-12-04T01:38:35Z,0,0,2,295416,0.032275,low,mature,1
sdlink,https://github.com/hypherionmc/sdlink,34,21,1023,Java,2021-10-15T20:30:48Z,2026-03-25T12:56:41Z,32,1,273,12276,5.043103,medium,mature,12
XAudio,https://github.com/LucasXu01/XAudio,34,8,19426,Java,2021-01-04T14:58:13Z,2025-01-17T16:07:07Z,0,0,35,233112,0.550026,low,mature,1
visuality,https://github.com/PinkGoosik/visuality,34,17,2213,Java,2021-08-27T14:33:44Z,2026-03-18T09:06:57Z,30,0,96,26556,1.72043,medium,mature,14
JDK1.0,https://github.com/YujiSoftware/JDK1.0,34,15,2701,Java,2021-02-12T13:33:26Z,2026-03-25T00:56:52Z,0,0,1,32412,0.016043,low,mature,1
biji-P1,https://github.com/hkustsungod-coder/biji-P1,34,17,174,Java,2021-01-25T06:26:27Z,2025-11-14T15:20:31Z,0,1,3,2088,0.047669,low,mature,1
BUAA-Compiler,https://github.com/acsoto/BUAA-Compiler,34,4,166,Java,2021-11-21T06:32:34Z,2026-03-28T14:33:17Z,0,0,8,1992,0.151134,low,mature,1
InvSync,https://github.com/MrNavaStar/InvSync,34,16,28822,Java,2021-03-17T22:21:25Z,2025-09-07T11:59:37Z,10,5,220,345864,3.594771,medium,mature,3
CAST,https://github.com/DeepSoftwareAnalytics/CAST,34,9,91872,Java,2021-09-08T05:26:48Z,2025-12-29T10:04:30Z,1,0,3,1102464,0.054152,low,mature,1
Syringe-Master,https://github.com/jiangzhengnan/Syringe-Master,34,4,34495,Java,2021-12-11T03:42:29Z,2026-01-01T06:53:36Z,0,0,36,413940,0.688776,low,mature,1
react-native-baidu-asr,https://github.com/gdoudeng/react-native-baidu-asr,34,12,11688,Java,2021-05-10T07:03:07Z,2025-09-11T19:25:00Z,5,0,50,140256,0.841279,low,mature,3
spring-data-dynamic-query,https://github.com/tdilber/spring-data-dynamic-query,34,2,603,Java,2021-04-10T20:15:44Z,2026-03-01T11:59:31Z,1,0,114,7236,1.887417,medium,mature,1
SkyClient-Universal,https://github.com/SkyblockClient/SkyClient-Universal,34,17,7616,Java,2021-04-21T07:23:00Z,2026-02-24T11:01:48Z,2,2,119,91392,1.981132,medium,mature,7
rl-plugin,https://github.com/Flipping-Utilities/rl-plugin,34,20,19877,Java,2021-07-13T02:42:17Z,2026-03-20T02:12:12Z,19,4,902,238524,15.74171,high,mature,11
idata,https://github.com/zcy-inc/idata,34,13,7390,Java,2021-01-12T05:54:35Z,2025-12-09T01:00:10Z,1,1,2035,88680,32.114676,high,mature,4
GateClient-1.12.2,https://github.com/TheF1xer/GateClient-1.12.2,34,5,523,Java,2021-01-15T06:17:33Z,2026-02-05T03:37:51Z,1,0,152,6276,2.402529,medium,mature,1
testng-engine,https://github.com/junit-team/testng-engine,34,7,1259,Java,2021-04-06T16:15:25Z,2026-03-27T17:30:47Z,2,2,536,15108,8.849752,medium,mature,11
keycloak-custom-attribute-idp-linking,https://github.com/sd-f/keycloak-custom-attribute-idp-linking,34,8,405,Java,2021-11-07T07:32:11Z,2026-02-19T12:49:35Z,0,0,35,4860,0.655431,low,mature,3
ClearScreenLayout,https://github.com/wang642357/ClearScreenLayout,34,6,16080,Java,2021-04-27T03:11:28Z,2026-03-25T02:27:44Z,2,0,23,192960,0.384187,low,mature,1
oim-server,https://github.com/oimchat/oim-server,34,12,4581,Java,2021-01-25T01:19:08Z,2026-03-20T16:15:38Z,4,0,15,54972,0.238347,low,mature,1
AngelinaFrame,https://github.com/Strelizia02/AngelinaFrame,34,5,485,Java,2021-10-19T06:54:42Z,2025-06-03T14:41:58Z,2,0,129,5820,2.387415,medium,mature,2
micronaut-serialization,https://github.com/micronaut-projects/micronaut-serialization,34,23,42959,Java,2021-10-14T13:23:07Z,2026-03-28T02:28:06Z,37,16,1292,515508,23.837638,high,mature,32
loguccino,https://github.com/sassoftware/loguccino,34,5,270,Java,2021-12-21T03:01:36Z,2025-09-11T19:03:56Z,4,1,65,3240,1.251605,medium,mature,24
extra-sounds,https://github.com/stashymane/extra-sounds,34,21,700,Java,2021-04-28T16:27:09Z,2026-03-08T13:20:05Z,35,7,321,8400,5.364903,medium,mature,5
ksml,https://github.com/Axual/ksml,34,14,10570,Java,2021-05-03T11:37:20Z,2026-03-27T07:25:28Z,22,11,537,126840,9.0,medium,mature,10
websdk-java-demo,https://github.com/iFLYTEK-OP/websdk-java-demo,34,25,40553,Java,2021-04-25T09:27:10Z,2026-03-21T07:36:12Z,0,0,88,486636,1.468298,medium,mature,9
XueYi-Cloud,https://github.com/xueyitt/XueYi-Cloud,34,12,6546,Java,2021-09-23T08:58:31Z,2026-01-21T12:16:10Z,1,0,1009,78552,18.378871,high,mature,7
Course-scheduling-system,https://github.com/caohanzong/Course-scheduling-system,34,5,5409,Java,2021-11-30T10:57:41Z,2026-03-05T02:17:14Z,0,0,4,64908,0.075997,low,mature,1
openjdk-builds,https://github.com/CRaC/openjdk-builds,34,2,1286621,Java,2021-09-23T19:59:40Z,2026-03-21T10:57:22Z,2,0,80479,15439452,1466.81045,high,mature,668
SpringBoot-TravelManage,https://github.com/chrismurpy/SpringBoot-TravelManage,34,4,42154,Java,2021-08-19T08:27:24Z,2026-03-10T10:00:12Z,1,0,7,505848,0.124851,low,mature,1
ggwave-java,https://github.com/ggerganov/ggwave-java,33,15,138,Java,2021-04-27T18:00:00Z,2026-02-27T07:53:58Z,4,0,4,1656,0.066852,low,mature,1
MoreCommands,https://github.com/ZetaMap/MoreCommands,33,5,802,Java,2021-04-06T18:10:59Z,2026-03-25T17:27:53Z,0,0,245,9624,4.047357,medium,mature,2
a-news-provider,https://github.com/rh-id/a-news-provider,33,4,2067,Java,2021-10-11T06:40:49Z,2026-03-09T02:41:10Z,8,0,312,24804,5.745856,medium,mature,1
NOTE_DesignPatterns,https://github.com/vectorxxxx/NOTE_DesignPatterns,33,18,346,Java,2021-09-13T14:03:36Z,2026-02-13T05:04:33Z,0,0,41,4152,0.742305,low,mature,1
testing2021,https://github.com/respawn91/testing2021,33,13,498,Java,2021-11-23T17:35:42Z,2024-06-12T12:35:20Z,0,1,25,5976,0.473186,low,mature,1
CraftGR,https://github.com/KabanFriends/CraftGR,33,2,2262,Java,2021-11-23T05:06:46Z,2026-03-25T05:09:52Z,2,0,379,27144,7.168979,medium,mature,1
Nightclub,https://github.com/dev-hydrogen/Nightclub,33,2,431,Java,2021-08-19T20:31:19Z,2026-01-06T20:57:31Z,0,0,182,5172,3.248067,medium,mature,1
FXGL_TowerDefense,https://github.com/leewyatt/FXGL_TowerDefense,33,14,26046,Java,2021-10-05T03:14:01Z,2026-01-29T12:27:51Z,1,0,11,312552,0.201835,low,mature,1
jach,https://github.com/daichi-m/jach,33,3,134,Java,2021-04-26T12:12:25Z,2024-12-13T05:45:09Z,3,1,94,1608,1.569282,medium,mature,2
apijson_todo_demo,https://github.com/APIJSON/apijson_todo_demo,33,6,682,Java,2021-08-01T14:39:49Z,2025-02-22T14:37:57Z,0,0,7,8184,0.123529,low,mature,4
burp-pac-server,https://github.com/honoki/burp-pac-server,33,6,2934,Java,2021-11-07T14:11:22Z,2026-02-12T19:23:51Z,1,0,4,35208,0.074906,low,mature,1
BetterBlockOutline,https://github.com/DarkKronicle/BetterBlockOutline,33,7,24350,Java,2021-12-24T17:53:59Z,2026-01-21T15:49:12Z,8,1,43,292200,0.830116,low,mature,3
ngtor,https://github.com/theborakompanioni/ngtor,33,6,1637,Java,2021-12-10T21:05:54Z,2026-03-23T20:12:06Z,3,3,79,19644,1.51148,medium,mature,1
roam-reactnative,https://github.com/roam-ai/roam-reactnative,33,7,5321,Java,2021-03-17T05:37:54Z,2025-12-25T05:56:56Z,4,23,249,63852,4.066413,medium,mature,10
Galacticc,https://github.com/Kopamed/Galacticc,33,2,16655,Java,2021-07-12T09:18:20Z,2026-03-26T21:16:28Z,1,0,36,199860,0.627907,low,mature,1
DoItAndroidRev8,https://github.com/mike-jung/DoItAndroidRev8,33,49,2354,Java,2021-05-23T22:35:28Z,2026-03-10T13:27:53Z,0,0,2,28248,0.033917,low,mature,1
guardvillagers,https://github.com/seymourimadeit/guardvillagers,33,43,1000,Java,2021-04-07T17:00:22Z,2026-03-28T02:49:36Z,0,0,432,12000,7.140496,medium,mature,18
indoor-navigation-system-qrcode-augmented-reality,https://github.com/tinhpv/indoor-navigation-system-qrcode-augmented-reality,33,5,116114,Java,2021-07-31T16:39:10Z,2026-03-17T09:37:28Z,0,0,129,1393368,2.275132,medium,mature,3
cdx2spdx,https://github.com/spdx/cdx2spdx,33,9,200,Java,2021-07-15T20:12:13Z,2025-12-23T00:32:40Z,6,0,85,2400,1.486014,medium,mature,13
jtt808-demo,https://github.com/yezhihao/jtt808-demo,33,19,8829,Java,2021-11-08T11:43:32Z,2026-02-28T02:28:44Z,0,0,4,105948,0.074953,low,mature,1
honeywell_scanner,https://github.com/luis901101/honeywell_scanner,33,13,4183,Java,2021-09-13T20:56:48Z,2026-03-18T20:01:02Z,0,0,43,50196,0.778986,low,mature,2
Panda-Rpc-Framework,https://github.com/IAMPadA/Panda-Rpc-Framework,33,16,182,Java,2021-01-10T08:39:06Z,2024-07-21T11:31:17Z,0,0,26,2184,0.409879,low,mature,1
Mediapipe-android-pose-tracking,https://github.com/yuxiaohui78/Mediapipe-android-pose-tracking,33,10,36648,Java,2021-05-22T04:21:56Z,2024-10-10T00:14:37Z,3,0,9,439776,0.152456,low,mature,1
PhoneTextWatcher,https://github.com/jaydroid1024/PhoneTextWatcher,33,7,11434,Java,2021-04-05T07:49:25Z,2026-03-16T16:03:25Z,0,0,12,137208,0.19802,low,mature,1
travel,https://github.com/wonanut/travel,33,5,1433,Java,2021-04-28T06:10:22Z,2026-03-09T03:09:38Z,1,0,2,17196,0.033426,low,mature,1
reputation-bot,https://github.com/rainbowdashlabs/reputation-bot,33,18,6102,Java,2021-04-22T22:02:58Z,2026-03-27T14:40:55Z,13,0,1076,73224,17.933333,high,mature,19
mastering-spring-web-101,https://github.com/springrunner/mastering-spring-web-101,33,11,2174,Java,2021-11-06T05:00:03Z,2025-10-28T06:32:16Z,0,0,59,26088,1.10418,medium,mature,2
BluetoothPlusPlus,https://github.com/TeamJCD/BluetoothPlusPlus,33,6,10418,Java,2021-04-27T23:37:42Z,2026-02-13T16:14:06Z,0,0,76,125016,1.270195,medium,mature,5
plugin-myagent,https://github.com/Nasller/plugin-myagent,33,15,138,Java,2021-12-24T02:39:01Z,2026-02-13T09:08:43Z,0,0,60,1656,1.157556,medium,mature,1
console-captor,https://github.com/Hakky54/console-captor,33,3,109,Java,2021-07-14T16:22:15Z,2026-02-23T08:40:51Z,0,0,90,1308,1.571595,medium,mature,2
BcryptCrack_Jenkins,https://github.com/rabbitmask/BcryptCrack_Jenkins,33,6,926,Java,2021-01-12T10:25:17Z,2025-08-12T13:37:35Z,0,0,6,11112,0.094687,low,mature,1
performance-analyzer-rca,https://github.com/opensearch-project/performance-analyzer-rca,33,58,11833,Java,2021-04-02T20:17:12Z,2026-01-14T20:55:01Z,26,23,586,141996,9.659341,medium,mature,159
RobotSample,https://github.com/OrionStarGIT/RobotSample,33,18,5402,Java,2021-04-06T07:15:26Z,2026-02-05T13:14:23Z,4,0,35,64824,0.577876,low,mature,6
example-projects,https://github.com/Discord4J/example-projects,33,16,109,Java,2021-09-02T20:14:37Z,2026-01-28T18:31:07Z,0,0,8,1308,0.143971,low,mature,9
clean-architecture,https://github.com/victorrentea/clean-architecture,33,34,2247,Java,2021-06-15T23:15:56Z,2026-03-14T19:20:01Z,1,0,327,26964,5.618557,medium,mature,24
Sigma-Deleter,https://github.com/XatzClient/Sigma-Deleter,33,5,1162,Java,2021-02-10T12:52:17Z,2025-02-03T19:44:58Z,0,0,53,13944,0.849359,low,mature,6
ViewStateDecoder,https://github.com/raise-isayan/ViewStateDecoder,33,4,5275,Java,2021-01-04T11:55:08Z,2026-03-01T12:38:43Z,0,0,19,63300,0.298586,low,mature,1
VanillaGenerator,https://github.com/KCodeYT/VanillaGenerator,33,6,423,Java,2021-01-15T08:47:17Z,2024-12-10T01:47:47Z,3,0,34,5076,0.537408,low,mature,2
identity-authz-apl,https://github.com/intuit/identity-authz-apl,33,11,2663,Java,2021-08-02T17:55:23Z,2026-01-15T03:28:47Z,15,4,125,31956,2.208481,medium,mature,11
broadview-coupon-center,https://github.com/banxian-yao/broadview-coupon-center,33,30,205,Java,2021-05-10T13:22:50Z,2025-07-26T07:17:49Z,0,0,25,2460,0.420639,low,mature,3
StickyBottomSheet,https://github.com/dorianpavetic/StickyBottomSheet,33,6,2107,Java,2021-02-19T10:30:16Z,2025-08-06T09:17:08Z,0,0,4,25284,0.064412,low,mature,1
spring-boot-postgis,https://github.com/nouhouari/spring-boot-postgis,33,18,142,Java,2021-07-18T01:55:46Z,2025-12-17T13:58:09Z,2,1,40,1704,0.700117,low,mature,4
spring-webdav,https://github.com/seanox/spring-webdav,33,9,10050,Java,2021-06-11T14:06:16Z,2026-02-22T18:54:55Z,0,0,501,120600,8.583666,medium,mature,1
quarkus-hibernate-types,https://github.com/quarkiverse/quarkus-hibernate-types,33,6,175,Java,2021-01-13T17:53:10Z,2026-03-27T01:41:43Z,0,2,146,2100,2.306477,medium,mature,33
Headi,https://github.com/MrReSc/Headi,33,2,135890,Java,2021-02-07T07:30:57Z,2026-01-07T13:00:31Z,6,0,168,1630680,2.688,medium,mature,3
healthy-wexin,https://github.com/dayucode/healthy-wexin,33,14,2741,Java,2021-03-29T13:58:02Z,2026-02-01T01:48:27Z,1,0,24,32892,0.394521,low,mature,1
FZMM-Mod,https://github.com/Zailer43/FZMM-Mod,33,5,25425,Java,2021-02-23T05:11:16Z,2026-03-14T14:11:33Z,16,0,690,305100,11.135019,high,mature,3
ServerJars-Updater,https://github.com/Songoda-Plugins/ServerJars-Updater,33,9,192,Java,2021-01-07T22:17:10Z,2026-02-17T21:03:54Z,10,0,39,2304,0.614173,low,mature,6
ItemEdit,https://github.com/emanondev/ItemEdit,33,20,1247,Java,2021-11-08T02:36:26Z,2026-03-28T15:30:38Z,11,2,219,14964,4.103685,medium,mature,4
Furniture-UI-Using-Android-Studio-Learning-Phase,https://github.com/ashish2030/Furniture-UI-Using-Android-Studio-Learning-Phase,33,11,3900,Java,2021-05-24T02:20:07Z,2025-11-24T05:42:10Z,0,0,6,46800,0.101752,low,mature,1
RebootShell,https://github.com/zwc456baby/RebootShell,33,16,1124,Java,2021-08-05T06:26:08Z,2026-02-18T08:12:51Z,2,0,1,13488,0.017689,low,mature,1
MagicalPdfEditor,https://github.com/HamidrezaAmz/MagicalPdfEditor,33,12,415,Java,2021-01-02T06:49:43Z,2025-10-27T17:29:47Z,4,0,43,4980,0.675039,low,mature,2
oss-spring-boot-starter,https://github.com/ArtIsLong/oss-spring-boot-starter,33,6,700,Java,2021-12-05T16:22:02Z,2026-03-27T11:09:18Z,2,1,53,8400,1.010165,medium,mature,1
LebJS,https://github.com/LebsterFace/LebJS,33,3,9997,Java,2021-06-19T03:19:15Z,2025-09-30T09:09:05Z,0,0,1173,119964,20.189329,high,mature,1
asynchronous-search,https://github.com/opensearch-project/asynchronous-search,33,55,48156,Java,2021-04-06T02:05:17Z,2026-03-26T16:21:09Z,18,11,301,577872,4.96973,medium,mature,159
hms-audio-editor-demo,https://github.com/HMS-Core/hms-audio-editor-demo,33,16,69775,Java,2021-06-16T03:29:58Z,2026-02-19T13:54:11Z,14,0,52,837300,0.893471,low,mature,3
Holiday,https://github.com/AndyReckt/Holiday,33,6,1154,Java,2021-10-30T19:03:28Z,2026-02-27T09:06:53Z,1,24,326,13848,6.07831,medium,mature,2
react-native-vector-drawable,https://github.com/klarna-incubator/react-native-vector-drawable,33,11,484,Java,2021-04-15T19:01:44Z,2025-04-08T09:08:02Z,1,0,26,5808,0.431655,low,mature,17
GhidraFirmwareToolkit,https://github.com/RobertLarsen/GhidraFirmwareToolkit,33,5,8845,Java,2021-08-08T15:59:42Z,2026-03-07T12:23:01Z,0,0,16,106140,0.28352,low,mature,2
TrainControl,https://github.com/bob123456678/TrainControl,33,4,23461,Java,2021-10-22T04:21:55Z,2026-03-23T07:17:21Z,2,0,1278,281532,23.695921,high,mature,1
structurizr-to-png,https://github.com/extenda/structurizr-to-png,33,7,1458,Java,2021-02-10T22:21:29Z,2025-12-02T09:56:16Z,2,3,82,17496,1.314805,medium,mature,3
EatingAnimation,https://github.com/Theoness1/EatingAnimation,33,14,574,Java,2021-09-13T09:10:04Z,2026-02-11T06:24:58Z,16,5,77,6888,1.394086,medium,mature,2
carpet-shadow,https://github.com/mattymatty97/carpet-shadow,33,13,2503,Java,2021-11-08T09:45:56Z,2026-02-13T16:41:24Z,11,2,54,30036,1.011868,medium,mature,3
YUNGs-Better-Dungeons,https://github.com/YUNG-GANG/YUNGs-Better-Dungeons,33,17,3132,Java,2021-04-25T22:23:38Z,2026-02-26T02:15:09Z,13,2,174,37584,2.904841,medium,mature,3
visiblebarriers,https://github.com/AmyMialeeMods/visiblebarriers,33,22,1552,Java,2021-07-22T14:28:48Z,2025-12-14T11:11:14Z,18,2,111,18624,1.947368,medium,mature,21
ksuid-creator,https://github.com/f4b6a3/ksuid-creator,32,3,211,Java,2021-05-31T21:29:37Z,2025-06-18T15:49:15Z,0,0,88,2532,1.499148,medium,mature,2
new-typesetting-system,https://github.com/jamespfennell/new-typesetting-system,32,3,853,Java,2021-08-05T03:13:42Z,2025-11-05T13:58:08Z,0,0,12,10236,0.212264,low,mature,1
neo4j-arrow,https://github.com/neo4j-field/neo4j-arrow,32,4,1131,Java,2021-07-19T23:06:45Z,2025-11-12T08:41:07Z,0,0,278,13572,4.871495,medium,mature,2
Satergo,https://github.com/Satergo/Satergo,32,15,6991,Java,2021-12-11T23:08:34Z,2026-03-03T11:13:32Z,1,0,204,83892,3.905552,medium,mature,8
Quadruple,https://github.com/m-vokhm/Quadruple,32,5,2307,Java,2021-02-19T16:18:30Z,2025-11-25T17:38:36Z,0,0,76,27684,1.223833,medium,mature,2
react-native-text-recognition,https://github.com/JoeyEamigh/react-native-text-recognition,32,17,626,Java,2021-08-09T19:08:10Z,2025-10-23T04:06:07Z,13,1,18,7512,0.319338,low,mature,2
react-native-cache-pods,https://github.com/dirkpostma/react-native-cache-pods,32,3,273,Java,2021-10-20T08:19:19Z,2024-12-06T16:19:54Z,1,0,6,3276,0.111111,low,mature,1
Spring-IOC,https://github.com/tangredtea/Spring-IOC,32,2,153,Java,2021-03-22T12:03:42Z,2026-03-12T02:09:48Z,0,0,23,1836,0.376638,low,mature,1
wow-xhr,https://github.com/sudharsan-selvaraj/wow-xhr,32,4,220,Java,2021-05-29T11:56:42Z,2025-08-13T11:22:55Z,4,0,11,2640,0.187075,low,mature,1
xjsonkit,https://github.com/troyzhxu/xjsonkit,32,6,165,Java,2021-01-17T03:16:06Z,2026-01-03T00:05:10Z,1,0,119,1980,1.882911,medium,mature,1
MyCutFileUpload,https://github.com/littletreeSun/MyCutFileUpload,32,11,241,Java,2021-09-17T05:55:40Z,2024-08-05T02:57:22Z,0,0,3,2892,0.054446,low,mature,1
ECommerce-Angular-Spring,https://github.com/notakamihe/ECommerce-Angular-Spring,32,15,771,Java,2021-03-06T20:57:21Z,2026-03-01T23:00:39Z,1,0,6,9252,0.097455,low,mature,1
VelocityAutoReconnect,https://github.com/flori4nk/VelocityAutoReconnect,32,11,143,Java,2021-04-20T08:59:10Z,2025-10-28T05:24:43Z,4,5,90,1716,1.497504,medium,mature,2
bedroom,https://github.com/srgantmoomoo/bedroom,32,3,240,Java,2021-02-28T00:37:03Z,2025-11-07T14:11:43Z,0,0,170,2880,2.750809,medium,mature,2
hei-admin-api,https://github.com/hei-school/hei-admin-api,32,125,20029,Java,2021-08-07T08:06:01Z,2026-03-26T11:49:27Z,4,12,1570,240348,27.804014,high,mature,31
VoIP-Call-Sample,https://github.com/developerspace-samples/VoIP-Call-Sample,32,28,28151,Java,2021-04-12T08:26:45Z,2025-08-31T10:40:39Z,5,1,3,337812,0.049696,low,mature,2
Fluidlogged-API,https://github.com/jbredwards/Fluidlogged-API,32,9,1794,Java,2021-05-13T06:58:04Z,2026-03-13T18:50:57Z,6,0,328,21528,5.52809,medium,mature,4
double-shop,https://github.com/f-lab-edu/double-shop,32,2,876,Java,2021-08-30T04:57:50Z,2026-01-24T19:16:55Z,0,0,493,10512,8.850987,medium,mature,39
IoT-SMART-HOME-AUTOMATION-ARDUINO-FIREBASE-ESP32-ANDROID-MyHome,https://github.com/narender-rk10/IoT-SMART-HOME-AUTOMATION-ARDUINO-FIREBASE-ESP32-ANDROID-MyHome,32,15,15639,Java,2021-01-24T14:42:20Z,2026-01-29T09:19:04Z,0,0,20,187668,0.317628,low,mature,1
asmr-processor-prototype,https://github.com/QuiltMC/asmr-processor-prototype,32,4,474,Java,2021-04-14T00:06:30Z,2025-01-21T04:46:53Z,0,0,61,5688,1.011609,medium,mature,15
jooqx,https://github.com/zero88/jooqx,32,2,6755,Java,2021-03-02T06:14:26Z,2026-01-29T14:33:34Z,22,10,633,81060,10.25378,high,mature,1
healenium-example-maven,https://github.com/healenium/healenium-example-maven,32,33,14483,Java,2021-01-14T08:44:35Z,2026-03-03T12:34:47Z,4,2,166,173796,2.622433,medium,mature,11
gamma-utils,https://github.com/Sjouwer/gamma-utils,32,18,722,Java,2021-06-08T23:03:59Z,2026-03-08T09:01:04Z,2,0,157,8664,2.686823,medium,mature,14
curso-api,https://github.com/ValdirCezar/curso-api,32,16,89,Java,2021-10-15T17:23:11Z,2026-03-08T13:52:37Z,0,0,40,1068,0.738916,low,mature,1
spring-micro-websocket-chat,https://github.com/kubAretip/spring-micro-websocket-chat,32,7,368,Java,2021-02-16T17:25:14Z,2025-07-12T19:51:01Z,0,0,147,4416,2.364611,medium,mature,1
Tweakin,https://github.com/sachingorkar102/Tweakin,32,19,54185,Java,2021-06-19T05:50:10Z,2025-10-21T16:28:37Z,30,2,379,650220,6.523236,medium,mature,5
auth0-full-stack-java-example,https://github.com/oktadev/auth0-full-stack-java-example,32,18,5618,Java,2021-10-12T19:33:58Z,2025-09-18T20:57:02Z,0,1,71,67416,1.309158,medium,mature,3
bwi231_222,https://github.com/lbmesser/bwi231_222,32,4,199,Java,2021-03-16T07:12:54Z,2026-03-15T21:57:22Z,0,0,53,2388,0.865071,low,mature,3
MNDfake,https://github.com/Zerstorer23/MNDfake,32,14,16498,Java,2021-04-16T12:50:44Z,2026-02-15T13:59:29Z,4,0,6,197976,0.099613,low,mature,2
lightfall-client,https://github.com/ArclightPowered/lightfall-client,32,16,85,Java,2021-03-07T14:34:17Z,2024-09-07T11:03:27Z,2,1,18,1020,0.292366,low,mature,1
dough,https://github.com/Slimefun/dough,32,48,4723,Java,2021-05-12T12:32:27Z,2026-03-03T14:15:55Z,19,22,1292,56676,21.763054,high,mature,27
javaCamp,https://github.com/zafercaliskan/javaCamp,32,2,92,Java,2021-04-25T20:33:02Z,2024-08-28T17:57:42Z,0,1,12,1104,0.200334,low,mature,2
DongTai-Plugin-IDEA,https://github.com/HXSecurity/DongTai-Plugin-IDEA,32,18,14952,Java,2021-07-01T12:16:56Z,2025-11-02T14:35:53Z,4,0,34,179424,0.589255,low,mature,46
Apphelper,https://github.com/base64linqi/Apphelper,32,0,145,Java,2021-03-06T09:18:21Z,2025-09-02T09:34:52Z,0,0,18,1740,0.292208,low,mature,2
plantuml-editor,https://github.com/Hakenadu/plantuml-editor,32,4,20934,Java,2021-08-09T12:18:51Z,2025-07-09T15:24:56Z,3,1,162,251208,2.87234,medium,mature,1
battleships-resurrection,https://github.com/raydac/battleships-resurrection,32,6,45686,Java,2021-01-23T18:20:05Z,2026-01-30T10:56:33Z,0,0,184,548232,2.922181,medium,mature,1
aws-apprunner-terraform,https://github.com/aws-samples/aws-apprunner-terraform,32,30,2416,Java,2021-07-21T00:34:48Z,2026-02-04T21:57:33Z,1,4,50,28992,0.87668,low,mature,13
Bluecord,https://github.com/X1nto/Bluecord,32,5,3851,Java,2021-12-23T21:21:51Z,2024-06-07T17:38:11Z,0,0,7,46212,0.135048,low,mature,2
model-assert,https://github.com/webcompere/model-assert,32,3,226,Java,2021-05-31T06:53:30Z,2025-08-13T11:22:56Z,6,3,76,2712,1.293984,medium,mature,2
Make-Rest-Calls-From-Camunda-7-Example,https://github.com/camunda-community-hub/Make-Rest-Calls-From-Camunda-7-Example,32,25,686,Java,2021-04-08T09:35:10Z,2026-03-23T11:52:07Z,1,1,56,8232,0.92562,low,mature,8
Skulls,https://github.com/Tweetzy/Skulls,32,14,6721,Java,2021-03-12T05:38:56Z,2025-12-29T03:37:46Z,7,2,239,80652,3.892508,medium,mature,7
NextEconomy,https://github.com/NextPlugins/NextEconomy,32,9,14369,Java,2021-02-12T18:15:37Z,2026-01-28T09:22:32Z,2,0,496,172428,7.961477,medium,mature,8
HeFQUIN,https://github.com/LiUSemWeb/HeFQUIN,32,3,77588,Java,2021-03-04T15:38:21Z,2026-03-28T10:20:54Z,36,4,3398,931056,55.102703,high,mature,16
spring-boot-demo,https://github.com/fengwenyi/spring-boot-demo,32,17,3059,Java,2021-05-10T06:33:09Z,2025-09-18T06:49:24Z,1,1,211,36708,3.550196,medium,mature,1
LIVEMart,https://github.com/abdulazeem-tk4vr/LIVEMart,32,12,7267,Java,2021-03-31T15:17:37Z,2026-03-10T16:27:16Z,5,0,282,87204,4.640702,medium,mature,6
obconnector-j,https://github.com/oceanbase/obconnector-j,32,13,20974,Java,2021-12-01T08:12:41Z,2026-03-12T13:44:09Z,14,1,1,251688,0.019011,low,mature,25
expressible,https://github.com/dzikoysk/expressible,32,3,400,Java,2021-07-15T23:35:29Z,2026-03-19T18:01:18Z,4,2,102,4800,1.783217,medium,mature,4
Youtube-qa-project,https://github.com/penolegrus/Youtube-qa-project,32,31,1191,Java,2021-10-21T06:13:32Z,2025-11-13T09:11:47Z,4,0,37,14292,0.685608,low,mature,1
SmartDev-Scaffold,https://github.com/WeBankBlockchain/SmartDev-Scaffold,32,10,200,Java,2021-01-25T03:21:49Z,2025-11-30T04:21:01Z,1,0,29,2400,0.460805,low,mature,3
data-integration-library,https://github.com/linkedin/data-integration-library,32,18,1603,Java,2021-01-28T21:56:41Z,2025-08-17T20:16:48Z,1,2,192,19236,3.057325,medium,mature,16
gdx-TinyVG,https://github.com/lyze237/gdx-TinyVG,32,5,15620,Java,2021-12-22T19:51:43Z,2026-01-17T12:18:24Z,2,0,95,187440,1.83162,medium,mature,4
Blockchain-Java-LatteCoin,https://github.com/lzwgiter/Blockchain-Java-LatteCoin,32,4,442,Java,2021-06-05T07:48:36Z,2025-10-17T01:52:07Z,0,0,45,5304,0.768355,low,mature,2
hawk,https://github.com/kangta123/hawk,32,9,33007,Java,2021-01-25T06:33:19Z,2026-02-11T09:12:59Z,0,0,160,396084,2.542373,medium,mature,2
Carpet-TCTC-Addition,https://github.com/The-Cat-Town-Craft/Carpet-TCTC-Addition,32,4,1037,Java,2021-08-08T19:14:26Z,2025-08-18T04:21:35Z,10,1,212,12444,3.758865,medium,mature,2
zig-sdl-android-template,https://github.com/vamolessa/zig-sdl-android-template,32,1,6062,Java,2021-11-06T12:47:59Z,2026-02-13T00:29:50Z,0,0,23,72744,0.430443,low,mature,1
AutoBuilder,https://github.com/adaliea/AutoBuilder,32,2,38547,Java,2021-10-03T18:45:37Z,2026-02-03T09:48:42Z,5,1,480,462564,8.801956,medium,mature,1
minidoro,https://github.com/ympavlov/minidoro,32,5,519,Java,2021-05-25T19:44:35Z,2026-03-24T20:39:16Z,10,0,41,6228,0.696095,low,mature,1
bookmyshow,https://github.com/scaleracademy/bookmyshow,32,29,4751,Java,2021-08-11T15:48:05Z,2025-12-11T17:37:00Z,0,1,8,57012,0.142012,low,mature,2
SSLCommerz-Flutter,https://github.com/sslcommerz/SSLCommerz-Flutter,31,10,4228,Java,2021-02-15T04:56:45Z,2025-12-02T09:46:23Z,0,0,11,50736,0.176754,low,mature,2
nocalhost-intellij-plugin,https://github.com/nocalhost/nocalhost-intellij-plugin,31,29,1749,Java,2021-01-04T02:46:07Z,2026-02-28T09:20:11Z,1,1,557,20988,8.753274,medium,mature,16
headlessbot,https://github.com/nothub/headlessbot,31,4,584,Java,2021-08-03T14:53:15Z,2026-03-08T13:13:16Z,1,1,327,7008,5.777385,medium,mature,1
payment-system,https://github.com/myNameIssls/payment-system,31,9,6493,Java,2021-08-10T16:39:34Z,2026-03-26T06:30:13Z,0,0,36,77916,0.638675,low,mature,1
log4shell-analysis,https://github.com/righettod/log4shell-analysis,31,6,24793,Java,2021-12-17T16:02:58Z,2024-11-29T08:50:40Z,0,0,35,297516,0.672215,low,mature,1
OpenPixelmon,https://github.com/MartyAlana/OpenPixelmon,31,5,14663,Java,2021-01-07T06:35:45Z,2025-01-15T21:02:02Z,4,0,167,175956,2.628541,medium,mature,4
HRMS-Backend,https://github.com/TarikKaanKoc/HRMS-Backend,31,0,4672,Java,2021-05-26T07:59:28Z,2025-02-07T10:58:31Z,0,0,84,56064,1.426146,medium,mature,1
TUM_GAD_Tests_SS21,https://github.com/N0W0RK/TUM_GAD_Tests_SS21,31,18,783,Java,2021-05-05T13:49:23Z,2025-11-20T16:07:33Z,2,1,261,9396,4.379195,medium,mature,10
androidDataTools,https://github.com/rycysm/androidDataTools,31,8,2839,Java,2021-03-20T20:27:46Z,2025-12-01T11:17:50Z,2,0,19,34068,0.310966,low,mature,1
CustomAdvancements,https://github.com/rowan-vr/CustomAdvancements,31,8,587,Java,2021-03-29T14:07:59Z,2025-11-25T07:17:24Z,56,0,255,7044,4.191781,medium,mature,4
music-java-api,https://github.com/jnwang95/music-java-api,31,6,95,Java,2021-06-11T07:38:59Z,2025-11-25T08:31:00Z,0,0,10,1140,0.171331,low,mature,1
MobileIconChanger,https://github.com/programminghoch10/MobileIconChanger,31,6,3219,Java,2021-06-12T07:17:09Z,2026-03-21T21:45:06Z,4,1,66,38628,1.131429,medium,mature,2
AndroidDemo,https://github.com/fishforest/AndroidDemo,31,11,4656,Java,2021-04-09T02:39:03Z,2024-07-05T01:36:06Z,0,0,21,55872,0.347299,low,mature,1
Team_Ahpuh_Surf_BE,https://github.com/prgrms-web-devcourse/Team_Ahpuh_Surf_BE,31,0,810,Java,2021-11-29T07:59:37Z,2024-04-18T11:27:29Z,0,0,156,9720,2.962025,medium,mature,171
jrule,https://github.com/seaside1/jrule,31,18,1680,Java,2021-04-26T19:46:06Z,2026-02-14T10:47:49Z,12,10,656,20160,10.957684,high,mature,15
wallpaper,https://github.com/gsdukbh/wallpaper,31,3,8564917,Java,2021-04-27T12:03:16Z,2026-03-28T00:49:40Z,0,0,1926,102779004,32.171492,high,mature,1
AndroidResourceManager,https://github.com/AmrDeveloper/AndroidResourceManager,31,3,1123,Java,2021-03-05T07:00:51Z,2025-07-02T23:46:20Z,1,0,49,13476,0.795024,low,mature,1
Quiz-Application-Using-Java,https://github.com/kunaltyagi9/Quiz-Application-Using-Java,31,40,190,Java,2021-04-10T17:34:59Z,2025-07-21T10:59:36Z,0,1,2,2280,0.033113,low,mature,1
NewPipeExtractor_Dart,https://github.com/SongTube/NewPipeExtractor_Dart,31,25,191,Java,2021-02-23T02:27:16Z,2025-11-09T09:27:49Z,2,0,74,2292,1.19419,medium,mature,4
redis-caching-java-spring-boot,https://github.com/hardikSinghBehl/redis-caching-java-spring-boot,31,18,193,Java,2021-07-03T02:23:53Z,2026-01-19T18:25:07Z,0,0,45,2316,0.780798,low,mature,1
quarkus,https://github.com/vaadin/quarkus,31,4,600,Java,2021-06-10T11:08:01Z,2026-03-27T06:36:41Z,14,0,136,7200,2.328767,medium,mature,26
firebase-integration-spring-boot,https://github.com/hardikSinghBehl/firebase-integration-spring-boot,31,12,202,Java,2021-08-28T12:54:58Z,2026-01-07T14:30:15Z,0,0,44,2424,0.789002,low,mature,1
jax,https://github.com/EOITek/jax,31,33,6998,Java,2021-06-07T08:44:12Z,2026-01-08T18:38:22Z,0,1,20,83976,0.34188,low,mature,3
Login,https://github.com/JianChoi-Kor/Login,31,9,87,Java,2021-09-16T14:02:05Z,2026-03-17T00:11:01Z,1,0,8,1044,0.145103,low,mature,1
RenxingPush,https://github.com/FlyRenxing/RenxingPush,31,6,1412,Java,2021-09-06T14:43:47Z,2026-02-07T01:31:23Z,0,5,248,16944,4.471154,medium,mature,1
RustScript,https://github.com/mkhan45/RustScript,31,3,94,Java,2021-04-19T20:34:27Z,2026-02-08T14:06:34Z,0,0,29,1128,0.482529,low,mature,2
kheops,https://github.com/OsiriX-Foundation/kheops,31,12,19075,Java,2021-04-19T11:52:42Z,2025-11-21T02:58:52Z,19,1,5322,228900,88.503326,high,mature,10
WorkflowServiceXml-Exploit,https://github.com/7ten7/WorkflowServiceXml-Exploit,31,3,136,Java,2021-08-31T12:45:17Z,2023-06-24T13:42:01Z,0,0,5,1632,0.08982,low,mature,1
CVE-2021-2109,https://github.com/Al1ex/CVE-2021-2109,31,10,48653,Java,2021-01-22T05:37:11Z,2025-06-02T13:58:48Z,1,0,3,583836,0.047594,low,mature,1
obkv-table-client-java,https://github.com/oceanbase/obkv-table-client-java,31,24,3888,Java,2021-11-08T02:56:35Z,2026-03-10T03:43:22Z,2,28,531,46656,9.950031,medium,mature,40
lamp-job,https://github.com/zuihou/lamp-job,31,22,1984,Java,2021-01-07T16:30:41Z,2025-11-26T10:09:33Z,0,0,51,23808,0.802728,low,mature,2
esmf-sdk,https://github.com/eclipse-esmf/esmf-sdk,31,18,11085,Java,2021-03-04T16:11:36Z,2026-03-27T09:47:06Z,68,1,2639,133020,42.794595,high,mature,40
skeet-gui,https://github.com/ThreeTNT/skeet-gui,31,7,209,Java,2021-05-27T13:29:56Z,2025-09-12T15:46:31Z,1,0,15,2508,0.254813,low,mature,1
MIPSysY-Compiler,https://github.com/Coekjan/MIPSysY-Compiler,31,0,237,Java,2021-12-30T14:46:30Z,2026-03-05T09:42:03Z,1,0,47,2844,0.910265,low,mature,1
Accenture-learning-modules,https://github.com/adarsh-dayanand/Accenture-learning-modules,31,4,879,Java,2021-05-19T09:32:36Z,2026-03-12T14:01:48Z,1,0,29,10548,0.490417,low,mature,8
lionrock,https://github.com/panghy/lionrock,31,1,5406,Java,2021-06-28T02:07:14Z,2025-07-24T21:13:47Z,2,5,848,64872,14.67128,high,mature,1
Rubik-s-cube-solver,https://github.com/danielenapo/Rubik-s-cube-solver,31,9,62899,Java,2021-07-12T14:33:56Z,2026-01-19T15:12:36Z,1,0,69,754788,1.203488,medium,mature,2
openfoodfacts-java,https://github.com/openfoodfacts/openfoodfacts-java,31,7,108,Java,2021-06-10T16:16:09Z,2026-03-23T06:30:54Z,2,2,69,1296,1.181507,medium,mature,9
hypernull,https://github.com/nypi/hypernull,31,14,491,Java,2021-11-23T23:28:15Z,2025-10-08T08:13:52Z,0,0,45,5892,0.851735,low,mature,7
mapstruct-spring-plus,https://github.com/ZhaoRd/mapstruct-spring-plus,31,13,93,Java,2021-04-19T15:51:56Z,2024-03-30T12:08:49Z,5,0,12,1116,0.199557,low,mature,2
Placement-Program-14,https://github.com/manisha-pawar/Placement-Program-14,31,22,231328,Java,2021-07-13T04:20:02Z,2024-03-19T03:35:53Z,0,0,98,2775936,1.710297,medium,mature,1
zeus,https://github.com/harmonycloud/zeus,31,5,23319,Java,2021-08-31T01:44:06Z,2025-12-19T08:54:58Z,1,0,2454,279828,44.083832,high,mature,7
CommandFramework,https://github.com/Despical/CommandFramework,31,4,1072,Java,2021-02-07T18:46:55Z,2026-01-20T17:00:00Z,0,0,335,12864,5.36286,medium,mature,2
tackle-test-generator-core,https://github.com/konveyor/tackle-test-generator-core,31,22,77551,Java,2021-05-18T07:09:28Z,2025-09-24T01:11:25Z,8,1,136,930612,2.298592,medium,mature,34
iyouquan,https://github.com/SubtleWave/iyouquan,31,16,15925,Java,2021-03-08T06:37:23Z,2025-12-02T16:10:48Z,1,0,20,191100,0.325027,low,mature,3
Edige-POO,https://github.com/gui-lirasilva/Edige-POO,31,231,1048,Java,2021-07-30T01:26:18Z,2026-01-12T16:03:00Z,0,0,10,12576,0.176263,low,mature,1
jvshiji-mall,https://github.com/Mr-twelve/jvshiji-mall,31,2,6399,Java,2021-07-04T04:15:35Z,2025-06-19T04:25:58Z,2,0,10,76788,0.173611,low,mature,1
TCharts,https://github.com/makstron/TCharts,31,7,1335,Java,2021-02-25T17:05:27Z,2024-12-12T23:23:33Z,0,0,26,16020,0.420259,low,mature,1
maple,https://github.com/stylextv/maple,31,3,1031,Java,2021-07-05T14:58:57Z,2025-11-03T04:29:15Z,2,0,636,12372,11.04806,high,mature,1
AdvancementAPI,https://github.com/Roxeez/AdvancementAPI,31,10,181,Java,2021-02-11T23:19:08Z,2025-10-23T17:33:27Z,2,1,45,2172,0.721925,low,mature,3
BroncoUnleashed,https://github.com/runerune/BroncoUnleashed,31,8,1705,Java,2021-03-21T11:19:41Z,2026-03-28T03:32:10Z,2,0,248,20460,4.05892,medium,mature,3
cubecraft,https://github.com/akhunovaa/cubecraft,31,4,39097,Java,2021-06-05T16:28:08Z,2024-01-27T01:41:06Z,0,1,183,469164,3.124644,medium,mature,1
verio,https://github.com/saysky/verio,31,3,26632,Java,2021-03-15T14:25:56Z,2025-11-17T02:30:51Z,0,0,32,319584,0.522023,low,mature,1
Google-Play-Asset-Delivery-Sample,https://github.com/Mindinventory/Google-Play-Asset-Delivery-Sample,31,7,118473,Java,2021-06-18T06:01:19Z,2025-11-19T16:43:11Z,1,2,12,1421676,0.206422,low,mature,5
hotel-management-system,https://github.com/code-chaser/hotel-management-system,31,11,159,Java,2021-10-28T13:52:55Z,2025-12-15T00:44:32Z,0,0,147,1908,2.735732,medium,mature,6
derand,https://github.com/Netflix/derand,31,5,137,Java,2021-03-28T06:43:02Z,2025-12-19T18:41:30Z,0,0,14,1644,0.230011,low,mature,781
YoPlugin,https://github.com/DUNNIK/YoPlugin,31,9,14516,Java,2021-05-31T15:13:05Z,2026-01-21T00:05:59Z,3,0,57,174192,0.970488,low,mature,1
MemSafeCrypto,https://github.com/andy-goryachev/MemSafeCrypto,31,1,35881,Java,2021-11-14T18:01:57Z,2025-07-08T01:18:37Z,0,0,115,430572,2.164366,medium,mature,1
dataFactory,https://github.com/freeaslan/dataFactory,31,1,4878,Java,2021-06-29T02:58:44Z,2024-11-28T01:33:36Z,0,0,25,58536,0.432776,low,mature,4
react-native-usb-serialport-for-android,https://github.com/bastengao/react-native-usb-serialport-for-android,31,42,763,Java,2021-11-15T14:03:25Z,2025-10-15T20:42:00Z,7,2,27,9156,0.508156,low,mature,2
lightning-java,https://github.com/aerokube/lightning-java,31,7,197,Java,2021-09-08T04:06:49Z,2025-07-27T08:35:22Z,8,0,99,2364,1.787004,medium,mature,2
chaoxing-tool-client,https://github.com/PBK-B/chaoxing-tool-client,31,10,19377,Java,2021-02-10T08:13:37Z,2025-12-30T08:52:03Z,0,0,16,232524,0.25641,low,mature,2
flipped,https://github.com/Linden-Community/flipped,31,9,8340,Java,2021-03-10T01:40:05Z,2025-08-18T04:20:56Z,0,0,131,100080,2.131236,medium,mature,5
todo_harmonyOS,https://github.com/reticenceji/todo_harmonyOS,31,1,894,Java,2021-07-14T05:03:18Z,2025-12-31T02:32:03Z,1,0,13,10728,0.227008,low,mature,1
LadyBuddy-A-woman-safety-app,https://github.com/Moheeeetgupta/LadyBuddy-A-woman-safety-app,31,17,6932,Java,2021-06-14T16:40:32Z,2026-02-12T10:18:02Z,1,0,75,83184,1.287185,medium,mature,3
dicio-numbers,https://github.com/Stypox/dicio-numbers,31,28,940,Java,2021-02-12T08:56:23Z,2026-02-25T22:24:21Z,1,6,339,11280,5.438503,medium,mature,2
HRMSProject,https://github.com/s1rat-dev/HRMSProject,31,0,212,Java,2021-05-10T12:13:47Z,2023-06-09T18:13:52Z,0,0,17,2544,0.286035,low,mature,1
spring-examples,https://github.com/amitrp/spring-examples,31,30,194,Java,2021-07-26T21:35:15Z,2025-06-03T21:46:41Z,1,0,97,2328,1.706745,medium,mature,1
dolphinmq,https://github.com/Ethan-1997/dolphinmq,31,9,100,Java,2021-07-02T09:49:02Z,2025-09-28T01:10:15Z,0,0,29,1200,0.50289,low,mature,1
countries,https://github.com/HanSolo/countries,31,5,12726,Java,2021-12-01T11:50:00Z,2026-03-06T09:30:54Z,5,0,58,152712,1.102662,medium,mature,2
opensearch-plugin-template-java,https://github.com/opensearch-project/opensearch-plugin-template-java,31,28,556,Java,2021-05-12T15:41:08Z,2026-03-23T14:46:15Z,7,1,164,6672,2.762493,medium,mature,17
order-applet,https://github.com/BUAASE-Slime/order-applet,31,5,9528,Java,2021-05-09T14:59:26Z,2025-10-09T13:31:01Z,0,0,68,114336,1.143498,medium,mature,4
entrylib,https://github.com/BillYang2016/entrylib,31,5,11502,Java,2021-06-25T10:35:30Z,2025-09-17T09:33:15Z,11,0,112,138024,1.93437,medium,mature,2
cola-cargo,https://github.com/ty-wssf/cola-cargo,31,16,1893,Java,2021-11-14T12:45:47Z,2026-02-26T06:48:12Z,0,0,3,22716,0.056426,low,mature,1
BlockTunerMod,https://github.com/xwjcool123/BlockTunerMod,31,8,245,Java,2021-02-15T04:42:23Z,2025-09-22T00:10:12Z,5,0,109,2940,1.751473,medium,mature,5
AssignmentSubmissionApp,https://github.com/tp02ga/AssignmentSubmissionApp,31,17,1325,Java,2021-12-11T15:12:31Z,2025-09-29T12:47:12Z,8,0,115,15900,2.200255,medium,mature,9
PillTime,https://github.com/cliambrown/PillTime,31,5,34702,Java,2021-12-31T01:46:27Z,2026-03-25T13:20:54Z,1,1,116,416424,2.248062,medium,mature,3
SimpleWallpaperApp-Android,https://github.com/shubham16g/SimpleWallpaperApp-Android,31,13,9403,Java,2021-06-07T08:05:09Z,2026-03-27T04:53:01Z,3,1,94,112836,1.606838,medium,mature,1
react-native-barcode-creator,https://github.com/vittoridavide/react-native-barcode-creator,31,10,226368,Java,2021-08-18T06:27:32Z,2026-03-22T18:57:28Z,1,1,37,2716416,0.659537,low,mature,5
ithelp2021,https://github.com/bearhsu2/ithelp2021,31,13,163,Java,2021-08-19T10:04:55Z,2026-01-06T03:04:06Z,0,0,102,1956,1.819263,medium,mature,2
-crm-,https://github.com/SongYu-max/-crm-,31,31,5976,Java,2021-01-11T12:48:45Z,2025-12-14T11:30:35Z,0,0,37,71712,0.583596,low,mature,1
helio-cloud,https://github.com/uncarbon97/helio-cloud,31,11,517,Java,2021-10-28T14:42:37Z,2026-02-05T16:19:24Z,0,0,38,6204,0.707196,low,mature,1
DUCOAndroidMiner,https://github.com/YeahNotSewerSide/DUCOAndroidMiner,31,19,2383,Java,2021-06-01T14:49:13Z,2024-12-02T09:01:26Z,7,0,23,28596,0.391823,low,mature,1
clasesCiclo2,https://github.com/luismescobarf/clasesCiclo2,31,23,7163,Java,2021-06-19T19:34:54Z,2025-06-23T11:31:49Z,0,0,197,85956,3.392652,medium,mature,1
camx,https://github.com/uncannyRishabh/camx,31,10,74806,Java,2021-03-28T07:10:43Z,2026-01-17T17:55:58Z,2,0,212,897672,3.483023,medium,mature,1
Rug,https://github.com/RubixDev/Rug,31,5,962,Java,2021-02-17T14:37:02Z,2025-09-11T20:39:00Z,4,0,369,11544,5.935657,medium,mature,3
job-scheduler,https://github.com/opensearch-project/job-scheduler,31,92,2907,Java,2021-04-06T02:18:38Z,2026-03-24T20:50:15Z,34,6,395,34884,6.521739,medium,mature,166
Music-Triggers,https://github.com/TheComputerizer/Music-Triggers,30,8,5975,Java,2021-08-21T19:31:01Z,2025-12-24T19:22:58Z,30,0,417,71700,7.450864,medium,mature,3
basyx-java-sdk,https://github.com/eclipse-basyx/basyx-java-sdk,30,34,10043,Java,2021-10-06T14:53:46Z,2025-11-19T02:05:59Z,0,5,579,120516,10.630355,high,mature,41
zowe-client-java-sdk,https://github.com/zowe/zowe-client-java-sdk,30,9,22360,Java,2021-06-24T19:58:16Z,2026-01-23T03:11:36Z,0,0,2989,268320,51.623489,high,mature,13
ace,https://github.com/F0rce/ace,30,22,6648,Java,2021-03-22T12:59:59Z,2025-11-27T12:06:51Z,11,4,153,79776,2.505459,medium,mature,6
HRMS,https://github.com/rzayevsahil/HRMS,30,1,883,Java,2021-05-11T04:20:24Z,2025-12-16T09:37:16Z,0,0,159,10596,2.676768,medium,mature,1
m3u8-downloader,https://github.com/cloudgyb/m3u8-downloader,30,9,93430,Java,2021-05-26T02:39:52Z,2026-01-01T13:03:42Z,0,0,85,1121160,1.443124,medium,mature,1
kysymys,https://github.com/wolfchief-inc/kysymys,30,0,353,Java,2021-09-09T02:55:48Z,2023-10-17T23:12:57Z,0,0,24,4236,0.433474,low,mature,1
hacktoberfest_21,https://github.com/Samiullah-Kalhoro/hacktoberfest_21,30,145,978,Java,2021-10-02T13:12:33Z,2026-03-05T22:08:48Z,0,11,391,11736,7.161172,medium,mature,111
java-self-testing-example,https://github.com/java-self-testing/java-self-testing-example,30,6,38787,Java,2021-11-18T10:31:47Z,2025-12-17T14:33:27Z,1,0,40,465444,0.754243,low,mature,2
kmm-images,https://github.com/jcraane/kmm-images,30,6,3711,Java,2021-01-20T09:04:42Z,2025-12-20T10:22:39Z,6,1,98,44532,1.55309,medium,mature,3
new-console,https://github.com/Mnemotechnician/new-console,30,1,621,Java,2021-11-09T17:51:26Z,2025-12-20T19:33:48Z,2,1,324,7452,6.078799,medium,mature,2
voluntary-filling-system,https://github.com/cszmzh/voluntary-filling-system,30,4,629,Java,2021-06-09T07:11:13Z,2025-11-18T07:42:14Z,1,0,8,7548,0.136908,low,mature,1
ThermalPrinterESCPOS,https://github.com/EmHaseeb/ThermalPrinterESCPOS,30,12,415,Java,2021-02-11T05:36:56Z,2025-12-12T11:11:26Z,4,0,48,4980,0.769642,low,mature,1
creative-glyphs,https://github.com/unnamed/creative-glyphs,30,9,5867,Java,2021-07-18T07:24:20Z,2025-06-16T11:49:14Z,2,1,356,70404,6.231039,medium,mature,9
Seraph,https://github.com/Scherso/Seraph,30,1,328,Java,2021-12-08T01:20:47Z,2026-03-01T03:11:23Z,0,1,170,3936,3.24634,medium,mature,11
react-native-detect-press-outside,https://github.com/cuongtranduc/react-native-detect-press-outside,30,3,1884,Java,2021-10-05T14:38:35Z,2024-06-27T03:24:03Z,1,0,7,22608,0.12844,low,mature,2
DeviceInformation,https://github.com/oseamiya/DeviceInformation,30,11,325,Java,2021-07-22T01:40:20Z,2025-12-28T09:05:46Z,0,0,14,3900,0.245614,low,mature,1
Plugin_Hook,https://github.com/han1202012/Plugin_Hook,30,13,10226,Java,2021-06-16T12:51:43Z,2025-12-01T11:18:13Z,1,0,24,122712,0.412371,low,mature,1
MarkdownEditorControlFX,https://github.com/Dansoftowner/MarkdownEditorControlFX,30,2,1532,Java,2021-04-07T19:41:14Z,2025-07-08T03:02:59Z,11,0,62,18384,1.024793,medium,mature,1
hrms-backend,https://github.com/sezRR/hrms-backend,30,1,1336,Java,2021-05-10T21:34:42Z,2024-08-23T22:01:37Z,0,0,38,16032,0.639731,low,mature,1
aem-vite,https://github.com/aem-vite/aem-vite,30,3,769,Java,2021-04-08T14:33:38Z,2026-02-26T10:12:44Z,0,6,318,9228,5.256198,medium,mature,2
quarkus-multi-module-project-quickstart,https://github.com/bgizdov/quarkus-multi-module-project-quickstart,30,7,340,Java,2021-11-25T23:54:51Z,2026-03-17T23:24:39Z,1,3,247,4080,4.680985,medium,mature,3
microservico-estoquepreco-rabbitmq,https://github.com/DaniloCaneschi/microservico-estoquepreco-rabbitmq,30,16,412,Java,2021-05-27T00:17:50Z,2025-10-08T19:18:59Z,0,0,15,4944,0.254813,low,mature,1
Snake-Game-OOP,https://github.com/thuongtruong1009/Snake-Game-OOP,30,13,88176,Java,2021-01-05T17:32:52Z,2025-09-18T03:09:45Z,3,2,210,1058112,3.303618,medium,mature,10
inside-java-dumpster,https://github.com/jaokim/inside-java-dumpster,30,9,7365,Java,2021-02-10T12:50:55Z,2026-03-25T10:12:15Z,5,0,267,88380,4.278846,medium,mature,2
ExampleMod1.7.10,https://github.com/SinTh0r4s/ExampleMod1.7.10,30,161,238,Java,2021-11-03T14:28:31Z,2025-02-06T00:44:42Z,27,1,251,2856,4.688667,medium,mature,5
FTB-Industrial-Contraptions,https://github.com/FTBTeam/FTB-Industrial-Contraptions,30,22,2567,Java,2021-10-17T15:26:59Z,2025-04-30T19:44:53Z,0,0,273,30804,5.046211,medium,mature,17
magic-triangle,https://github.com/Test-driven-develope/magic-triangle,30,3,116,Java,2021-10-15T07:39:54Z,2023-10-27T07:23:43Z,0,0,25,1392,0.461538,low,mature,1
MLKitScanner,https://github.com/ITxiaoguang/MLKitScanner,30,9,234,Java,2021-10-23T03:28:02Z,2026-03-23T01:53:04Z,0,0,7,2808,0.12987,low,mature,1
vben-admin-java,https://github.com/xiaomalover/vben-admin-java,30,9,5721,Java,2021-08-12T07:49:59Z,2026-01-19T16:32:24Z,0,0,54,68652,0.959147,low,mature,1
block-headers-client,https://github.com/bitcoin-sv/block-headers-client,30,16,29985,Java,2021-08-02T11:53:35Z,2025-04-14T17:53:04Z,5,0,204,359820,3.602119,medium,mature,10
myron,https://github.com/Haven-King/myron,30,9,25239,Java,2021-01-05T05:10:50Z,2026-01-06T11:20:44Z,6,0,33,302868,0.518868,low,mature,3
newBlog,https://github.com/zzzyuan0/newBlog,30,6,12764,Java,2021-09-27T07:58:50Z,2025-09-02T09:34:57Z,1,0,53,153168,0.967742,low,mature,1
hrmslast,https://github.com/arawna/hrmslast,30,3,1267,Java,2021-05-26T02:55:26Z,2026-01-14T20:30:09Z,0,0,48,15204,0.814941,low,mature,1
GravityControl,https://github.com/e-im/GravityControl,30,4,133,Java,2021-11-20T19:54:03Z,2024-09-10T15:00:08Z,0,0,34,1596,0.642317,low,mature,4
e-rpc,https://github.com/ZouJunJieNB/e-rpc,30,4,210,Java,2021-12-02T06:45:16Z,2024-03-30T14:14:05Z,0,0,19,2520,0.361446,low,mature,1
opack,https://github.com/realtimetech-solution/opack,30,3,980,Java,2021-12-03T02:40:42Z,2025-05-24T18:48:01Z,0,1,252,11760,4.796954,medium,mature,8
RxJava3Sample,https://github.com/xuexiangjys/RxJava3Sample,30,10,463,Java,2021-12-17T09:38:45Z,2026-03-09T08:33:28Z,0,0,36,5556,0.691421,low,mature,2
BigStitcher-Spark,https://github.com/JaneliaSciComp/BigStitcher-Spark,30,17,1690,Java,2021-12-17T16:22:45Z,2026-03-24T19:09:06Z,19,2,755,20280,14.50064,high,mature,15
mocha,https://github.com/unnamed/mocha,30,5,814,Java,2021-08-28T23:15:48Z,2026-03-27T06:17:44Z,3,9,272,9768,4.880383,medium,mature,5
enumerable4j,https://github.com/dgroup/enumerable4j,30,4,211,Java,2021-03-06T13:33:28Z,2025-08-05T05:35:42Z,12,2,194,2532,3.149351,medium,mature,7
TapSDK-Android,https://github.com/taptap/TapSDK-Android,30,10,83409,Java,2021-03-31T12:35:11Z,2025-12-29T15:06:51Z,5,2,64,1000908,1.053209,medium,mature,11
libgdx-graalvm-example,https://github.com/ByerN/libgdx-graalvm-example,30,2,1433,Java,2021-04-18T16:16:20Z,2025-10-29T14:02:59Z,1,0,6,17196,0.099723,low,mature,1
rsocket-jvm,https://github.com/jauntsdn/rsocket-jvm,30,2,581,Java,2021-11-22T08:09:08Z,2026-03-24T04:12:04Z,2,0,206,6972,3.89414,medium,mature,1
alibabacloud-java-async-sdk,https://github.com/aliyun/alibabacloud-java-async-sdk,30,26,526799,Java,2021-09-03T02:13:00Z,2026-03-27T17:13:51Z,12,0,7131,6321588,128.332334,high,mature,5
DynamoVis,https://github.com/move-ucsb/DynamoVis,30,7,53953,Java,2021-03-31T19:00:25Z,2024-12-30T22:25:56Z,7,0,67,647436,1.103183,medium,mature,8
java-up,https://github.com/XueleiFan/java-up,30,23,118,Java,2021-08-16T05:24:13Z,2026-01-22T07:29:23Z,1,3,71,1416,1.264095,medium,mature,5
kitaplik-online,https://github.com/folksdev/kitaplik-online,50,5,103,Java,2022-10-24T20:06:13Z,2026-01-10T20:00:17Z,0,0,20,1236,0.48,low,growing,2
carbonfour-selenium-4,https://github.com/fugazi/carbonfour-selenium-4,50,14,1934,Java,2022-08-02T01:59:55Z,2026-03-23T16:26:40Z,0,0,245,23208,5.509745,medium,growing,2
software-engineering-interview-collection,https://github.com/exajobs/software-engineering-interview-collection,50,11,19036,Java,2022-02-28T03:38:42Z,2026-02-24T10:11:43Z,0,0,79,228432,1.591672,medium,mature,1
libp2p,https://github.com/tronprotocol/libp2p,50,33,880,Java,2022-09-13T03:11:42Z,2026-03-08T13:13:55Z,1,3,403,10560,9.357585,medium,growing,7
unluac,https://github.com/scratchminer/unluac,50,10,589,Java,2022-12-21T21:09:40Z,2026-03-13T02:28:29Z,2,0,27,7068,0.67953,low,growing,1
Stock-Market-Simulation,https://github.com/Jackson-Wozniak/Stock-Market-Simulation,50,14,1410,Java,2022-08-23T23:09:02Z,2026-03-23T06:35:45Z,3,0,270,16920,6.17378,medium,growing,4
elf,https://github.com/Spatio-Temporal-Lab/elf,50,8,31050,Java,2022-10-19T04:13:48Z,2026-01-27T14:53:50Z,3,1,211,372600,5.039809,medium,growing,3
BytecodeScreen,https://github.com/0xrumble/BytecodeScreen,50,3,38343,Java,2022-10-16T10:23:57Z,2025-03-10T18:02:13Z,1,0,17,460116,0.405083,low,growing,2
ConditionalEvents,https://github.com/Ajneb97/ConditionalEvents,50,26,552,Java,2022-01-23T19:13:45Z,2026-03-27T18:55:10Z,16,4,161,6624,3.169291,medium,mature,2
pdf-parser,https://github.com/ethanhwang1024/pdf-parser,50,12,302,Java,2022-03-11T01:46:22Z,2026-03-26T06:04:31Z,2,0,19,3624,0.385656,low,mature,3
SpellEngine,https://github.com/ZsoltMolnarrr/SpellEngine,50,42,14937,Java,2022-09-23T21:47:38Z,2026-03-27T12:43:38Z,8,0,1679,179244,39.320843,high,growing,22
GCMiner,https://github.com/GCMiner/GCMiner,50,4,2419,Java,2022-05-14T11:35:02Z,2025-10-19T14:23:38Z,1,0,15,29028,0.318246,low,growing,1
capacitor-media-session,https://github.com/jofr/capacitor-media-session,50,48,1052,Java,2022-07-08T13:02:48Z,2025-09-26T09:32:04Z,18,6,65,12624,1.434879,medium,growing,7
FuckLegym,https://github.com/buzhibujuelb/FuckLegym,50,74,16277,Java,2022-03-06T16:04:03Z,2026-03-05T02:01:11Z,0,0,5,195324,0.101146,low,mature,1
PDF-Over,https://github.com/a-sit/PDF-Over,50,7,1002295,Java,2022-11-10T10:31:08Z,2026-03-14T06:21:59Z,43,5,1514,12027540,36.807131,high,growing,4
java-spring-bootcamp-final-project-add-system,https://github.com/pelinhangisi/java-spring-bootcamp-final-project-add-system,50,2,183,Java,2022-07-18T20:46:17Z,2026-02-26T12:28:00Z,1,0,5,2196,0.111276,low,growing,1
rewrite-kotlin,https://github.com/openrewrite/rewrite-kotlin,50,16,3472,Java,2022-10-15T06:07:32Z,2026-01-25T20:57:14Z,25,4,1446,41664,34.428571,high,growing,26
W-Launcher,https://github.com/achunt2143/W-Launcher,50,0,244026,Java,2022-08-12T22:15:18Z,2026-03-09T19:07:31Z,2,0,77,2928312,1.746032,medium,growing,3
Social-Networking-App-Using-Spring-Boot-And-Angular,https://github.com/kpjunaid/Social-Networking-App-Using-Spring-Boot-And-Angular,50,22,391,Java,2022-06-25T06:54:57Z,2026-02-18T13:50:34Z,0,0,7,4692,0.153061,low,growing,1
FastQuit,https://github.com/contariaa/FastQuit,50,24,513,Java,2022-11-13T14:22:02Z,2026-03-27T13:09:23Z,5,1,221,6156,5.385865,medium,growing,21
OpenToday,https://github.com/FazziCLAY/OpenToday,50,10,12565,Java,2022-06-19T14:43:14Z,2025-11-24T11:45:54Z,5,1,1189,150780,25.885341,high,growing,2
android-local-service,https://github.com/lygttpod/android-local-service,50,11,121,Java,2022-05-10T09:43:34Z,2025-12-17T21:22:43Z,0,0,6,1452,0.126939,low,growing,2
kafka-streams-dashboards,https://github.com/kineticedge/kafka-streams-dashboards,50,12,26487,Java,2022-11-08T14:55:35Z,2026-03-27T00:34:25Z,1,0,113,317844,2.742718,medium,growing,2
Teaching,https://github.com/farzadafi/Teaching,50,0,330590,Java,2022-09-22T05:08:58Z,2026-02-14T13:21:13Z,0,0,184,3967080,4.302416,medium,growing,1
instrumenting-java-apps-using-opentelemetry,https://github.com/build-on-aws/instrumenting-java-apps-using-opentelemetry,50,45,1989,Java,2022-09-16T00:48:59Z,2026-01-19T17:27:27Z,2,1,17,23868,0.395656,low,growing,29
Spring-Boot3-Demos,https://github.com/lokeshgupta1981/Spring-Boot3-Demos,50,38,227,Java,2022-11-17T12:44:14Z,2026-03-19T20:36:20Z,0,0,65,2724,1.589242,medium,growing,2
Computer-Science-Resources,https://github.com/MusaAkyuz/Computer-Science-Resources,50,6,3169512,Java,2022-09-14T18:49:59Z,2025-10-24T18:03:35Z,0,0,114,38034144,2.651163,medium,growing,3
ydb-java-sdk,https://github.com/ydb-platform/ydb-java-sdk,50,37,9825,Java,2022-04-25T11:02:21Z,2026-03-27T14:30:43Z,86,6,2139,117900,44.780181,high,growing,60
dewdrop,https://github.com/matsientst/dewdrop,50,7,1078,Java,2022-05-16T16:38:10Z,2026-02-16T02:04:49Z,0,0,94,12936,1.997167,medium,growing,4
E-Wallet-Payment-System,https://github.com/TejasMedade/E-Wallet-Payment-System,50,18,152,Java,2022-11-22T19:31:36Z,2026-03-23T06:19:50Z,0,0,25,1824,0.614251,low,growing,2
mtr-nte,https://github.com/zbx1425/mtr-nte,49,23,41517,Java,2022-05-08T06:15:26Z,2026-01-13T17:15:21Z,12,1,527,498204,11.133803,high,growing,6
juicy-match,https://github.com/natygames/juicy-match,49,20,95449,Java,2022-02-23T14:53:32Z,2026-02-28T21:05:38Z,1,0,114,1145388,2.289157,medium,mature,2
expo-ocr,https://github.com/barthap/expo-ocr,49,3,484,Java,2022-09-07T07:39:16Z,2025-12-20T07:59:17Z,0,0,1,5808,0.023112,low,growing,1
Chokistream,https://github.com/Eiim/Chokistream,49,1,1087,Java,2022-07-29T23:30:43Z,2026-03-15T05:07:35Z,7,0,356,13044,7.988033,medium,growing,3
watchdrip,https://github.com/bigdigital/watchdrip,49,16,1572,Java,2022-07-11T12:41:18Z,2026-02-17T13:18:54Z,16,0,104,18864,2.300885,medium,growing,4
playit-minecraft-plugin,https://github.com/playit-cloud/playit-minecraft-plugin,49,14,210,Java,2022-09-29T05:08:22Z,2026-03-28T08:55:27Z,16,5,31,2520,0.72884,low,growing,3
imersao-alura,https://github.com/sruinascimento/imersao-alura,49,9,840,Java,2022-07-18T21:08:40Z,2024-12-06T23:42:18Z,0,0,75,10080,1.669139,medium,growing,1
Remote-Panel,https://github.com/odospace/Remote-Panel,49,6,43812,Java,2022-03-28T10:32:35Z,2026-03-08T22:03:34Z,2,0,24,525744,0.492813,low,mature,1
2022-mo-rak,https://github.com/woowacourse-teams/2022-mo-rak,49,5,14458,Java,2022-06-28T01:41:32Z,2025-03-03T09:52:44Z,7,2,332,173496,7.275383,medium,growing,6
Call-Recorder,https://github.com/HiddenPirates/Call-Recorder,49,7,17596,Java,2022-04-11T12:30:09Z,2026-03-13T03:49:23Z,3,0,53,211152,1.098825,medium,mature,1
HotRAT,https://github.com/Kr9jd/HotRAT,49,10,55758,Java,2022-12-17T04:18:53Z,2026-01-15T16:09:48Z,1,0,16,669096,0.401003,low,growing,1
springboot-microservice,https://github.com/nasrmohammad4804/springboot-microservice,49,29,227,Java,2022-09-28T07:19:57Z,2026-01-30T16:31:30Z,0,0,167,2724,3.923258,medium,growing,1
SPayToGPay,https://github.com/blunden/SPayToGPay,49,0,123,Java,2022-06-19T13:13:22Z,2026-03-16T18:21:15Z,0,0,15,1476,0.32656,low,growing,1
CloudreveZX,https://github.com/ErrorCodesForLzx/CloudreveZX,49,8,58119,Java,2022-12-09T08:46:34Z,2026-02-02T06:49:25Z,0,0,16,697428,0.39834,low,growing,1
Full-Stack-Course-By-Newton-School---March-Batch,https://github.com/Devang-25/Full-Stack-Course-By-Newton-School---March-Batch,49,43,103,Java,2022-03-30T07:58:26Z,2023-07-29T05:08:40Z,0,1,45,1236,0.925291,low,mature,1
App-UI-Designer,https://github.com/timscriptov/App-UI-Designer,49,14,2282,Java,2022-01-10T17:42:52Z,2026-03-07T17:27:03Z,1,0,33,27384,0.644112,low,mature,2
Ouranos,https://github.com/Blackjack200/Ouranos,49,3,6374,Java,2022-09-10T23:54:55Z,2026-03-26T16:06:57Z,1,0,267,76488,6.190108,medium,growing,2
keycloak-themes,https://github.com/p2-inc/keycloak-themes,49,15,704,Java,2022-10-17T18:53:35Z,2026-03-04T06:54:33Z,8,2,166,8448,3.961814,medium,growing,8
aas4j,https://github.com/eclipse-aas4j/aas4j,49,35,4674,Java,2022-04-11T13:57:32Z,2026-03-18T08:28:54Z,31,9,525,56088,10.884589,high,mature,26
druid-multi-tenant-starter,https://github.com/osinn/druid-multi-tenant-starter,49,15,116,Java,2022-06-02T01:06:56Z,2026-01-24T02:51:06Z,0,0,52,1392,1.11828,medium,growing,2
sorting-visualizer,https://github.com/66-m/sorting-visualizer,49,3,478,Java,2022-09-27T17:18:46Z,2026-03-24T11:03:31Z,0,1,101,5736,2.372749,medium,growing,1
AndroidDSU,https://github.com/PlayXboxtion963/AndroidDSU,49,5,7572,Java,2022-07-08T08:20:25Z,2026-02-27T06:14:18Z,0,0,37,90864,0.816777,low,growing,4
JavaEssentials,https://github.com/mc-es/JavaEssentials,48,5,59750,Java,2022-09-15T13:43:59Z,2025-06-18T14:30:57Z,0,0,86,717000,2.0,medium,growing,1
Setool-Main,https://github.com/LinWin-Cloud/Setool-Main,48,9,589,Java,2022-07-01T06:10:48Z,2026-01-01T19:26:53Z,5,0,78,7068,1.713031,medium,growing,1
chocotea,https://github.com/cleopatra27/chocotea,48,5,424,Java,2022-12-20T08:31:16Z,2025-10-30T14:11:04Z,1,0,57,5088,1.432161,medium,growing,1
solana-pay-android-sample,https://github.com/solana-mobile/solana-pay-android-sample,48,24,1162,Java,2022-04-28T15:02:29Z,2026-03-23T17:26:10Z,1,2,140,13944,2.937063,medium,growing,3
knowledge-engine,https://github.com/TNO/knowledge-engine,48,9,29426,Java,2022-06-10T15:42:57Z,2026-03-27T16:30:13Z,44,3,2164,353112,46.806056,high,growing,15
AnotherFurniture,https://github.com/starfish-studios/AnotherFurniture,48,30,3745,Java,2022-04-02T08:50:41Z,2026-01-23T22:48:10Z,20,1,200,44940,4.120879,medium,mature,14
Minit,https://github.com/YaleGuo/Minit,48,23,143,Java,2022-09-04T22:38:36Z,2026-03-03T06:49:54Z,0,0,7,1716,0.161538,low,growing,1
react-native-e2e-jest-appium-webdriverio,https://github.com/kelset/react-native-e2e-jest-appium-webdriverio,48,7,630,Java,2022-08-19T12:16:40Z,2025-10-22T00:22:58Z,0,0,32,7560,0.728929,low,growing,1
JavaProgrammingEU9,https://github.com/Cydeo-EU9/JavaProgrammingEU9,48,39,527,Java,2022-04-28T06:41:31Z,2025-10-03T07:14:21Z,0,0,146,6324,3.062937,medium,growing,1
testcontainers-samples,https://github.com/eddumelendez/testcontainers-samples,48,12,856,Java,2022-07-15T22:31:01Z,2026-03-26T15:31:47Z,0,0,302,10272,6.706144,medium,growing,2
telegram-bot-exe,https://github.com/dsf34ef/telegram-bot-exe,48,5,3319,Java,2022-05-09T09:05:18Z,2026-01-24T09:50:57Z,2,1,6,39828,0.12685,low,growing,1
AI-EYE,https://github.com/MikeDean2367/AI-EYE,48,14,35577,Java,2022-06-25T11:40:50Z,2026-02-14T13:34:54Z,0,0,4,426924,0.087464,low,growing,1
Titanium,https://github.com/jtJava/Titanium,48,8,171,Java,2022-05-22T00:02:56Z,2026-01-26T12:39:15Z,2,1,88,2052,1.877667,medium,growing,4
AirLineReservationSystem,https://github.com/recluzegeek/AirLineReservationSystem,48,14,1724,Java,2022-05-05T15:14:18Z,2026-03-28T07:01:46Z,0,1,38,20688,0.801124,low,growing,1
congo-parser-generator,https://github.com/congo-cc/congo-parser-generator,48,15,158537,Java,2022-11-19T14:58:56Z,2026-03-19T07:56:09Z,12,0,828,1902444,20.277551,high,growing,7
UM-WIX1002,https://github.com/The-Missing-UMCS/UM-WIX1002,48,6,19693,Java,2022-11-03T13:49:05Z,2026-03-03T05:09:45Z,0,0,213,236316,5.149073,medium,growing,1
pangu-framework,https://github.com/xiongchun/pangu-framework,48,15,304239,Java,2022-04-06T12:08:51Z,2026-01-29T13:05:33Z,0,0,2022,3650868,41.77686,high,mature,4
hero-code,https://github.com/itxiongge/hero-code,48,18,338,Java,2022-09-09T02:27:13Z,2026-02-11T16:41:24Z,0,0,20,4056,0.462963,low,growing,1
WSA-InstalledApps,https://github.com/infinitepower18/WSA-InstalledApps,48,9,508,Java,2022-02-27T22:41:12Z,2026-03-17T16:06:00Z,0,0,81,6096,1.631968,medium,mature,2
randy,https://github.com/sourceincite/randy,48,7,33333,Java,2022-07-14T17:28:21Z,2025-11-19T13:54:16Z,1,0,18,399996,0.399408,low,growing,2
cloud-vectordb-examples,https://github.com/zilliztech/cloud-vectordb-examples,48,28,191,Java,2022-05-24T10:14:33Z,2026-03-08T15:51:18Z,2,0,139,2292,2.970085,medium,growing,37
BabushkinPogreb,https://github.com/AndreyYermolenko/BabushkinPogreb,48,33,97,Java,2022-09-23T08:41:16Z,2025-10-10T08:18:22Z,0,0,19,1164,0.444618,low,growing,1
java-pubsub-group-kafka-connector,https://github.com/googleapis/java-pubsub-group-kafka-connector,48,32,57081,Java,2022-05-02T18:20:56Z,2026-02-18T20:11:55Z,18,34,223,684972,4.694737,medium,growing,45
Starbucks-Mobile-Order-System,https://github.com/FelixNg1022/Starbucks-Mobile-Order-System,48,0,4321,Java,2022-11-17T07:11:23Z,2026-02-18T15:24:16Z,0,0,5,51852,0.122249,low,growing,1
LaunchWrapper,https://github.com/MCPHackers/LaunchWrapper,48,8,3264,Java,2022-11-09T21:26:30Z,2026-03-08T08:41:55Z,3,1,164,39168,3.987034,medium,growing,6
LL-Java-Zip,https://github.com/Col-E/LL-Java-Zip,48,9,4456,Java,2022-02-21T12:45:37Z,2026-01-23T04:24:45Z,2,0,252,53472,5.053476,medium,mature,6
aws-spring-boot-optimization,https://github.com/aws-samples/aws-spring-boot-optimization,48,19,971,Java,2022-05-13T08:34:05Z,2026-03-27T10:37:32Z,0,0,47,11652,0.996466,low,growing,11
spring-boot-project-example,https://github.com/evrentan/spring-boot-project-example,48,17,123,Java,2022-01-07T08:42:58Z,2026-02-20T01:11:23Z,1,0,42,1476,0.817651,low,mature,4
Book-sales-management-system,https://github.com/Mzmba/Book-sales-management-system,48,16,284,Java,2022-03-10T12:03:28Z,2026-01-12T14:14:41Z,0,0,5,3408,0.10142,low,mature,1
redis-hmdp,https://github.com/yangxingyue0623/redis-hmdp,48,10,123,Java,2022-12-14T07:29:46Z,2026-03-26T01:23:21Z,1,0,1,1476,0.025,low,growing,1
learn-javafx17,https://github.com/Apress/learn-javafx17,48,29,2877,Java,2022-01-26T13:11:17Z,2025-11-08T17:42:56Z,1,1,1,34524,0.019711,low,mature,1
capacitor-statusbar-safe-area,https://github.com/Aashu-Dubey/capacitor-statusbar-safe-area,48,16,852,Java,2022-03-19T11:58:31Z,2026-02-03T07:03:16Z,2,0,64,10224,1.306122,medium,mature,6
VentureChat,https://github.com/Aust1n46/VentureChat,48,67,6468,Java,2022-04-02T19:16:10Z,2026-02-26T17:53:14Z,71,11,343,77616,7.072165,medium,mature,5
arquitetura-hexagonal,https://github.com/monicaribeiro/arquitetura-hexagonal,48,3,152,Java,2022-08-03T15:31:52Z,2025-07-01T14:20:13Z,0,0,3,1824,0.067517,low,growing,1
2022-momo,https://github.com/woowacourse-teams/2022-momo,48,9,9689,Java,2022-06-28T01:35:53Z,2025-10-26T14:38:21Z,3,0,273,116268,5.982469,medium,growing,6
openapi-maven-plugin,https://github.com/kbuntrock/openapi-maven-plugin,48,22,2571,Java,2022-04-07T12:37:22Z,2026-03-25T22:21:16Z,10,6,417,30852,8.62164,medium,mature,12
wrapper-upgrade-gradle-plugin,https://github.com/gradle/wrapper-upgrade-gradle-plugin,48,14,1395,Java,2022-03-06T07:23:44Z,2026-01-28T07:32:02Z,3,8,802,16740,16.223871,high,mature,141
just-pickup,https://github.com/Development-team-1/just-pickup,48,11,177993,Java,2022-01-21T05:16:54Z,2025-12-09T02:49:37Z,6,0,360,2135916,7.072692,medium,mature,2
ghs-server,https://github.com/Lurkars/ghs-server,48,18,27606,Java,2022-06-17T20:24:57Z,2026-03-20T19:46:50Z,2,0,329,331272,7.15736,medium,growing,5
BigData,https://github.com/wzqwtt/BigData,48,8,134081,Java,2022-05-20T05:57:40Z,2026-03-24T09:41:01Z,0,0,126,1608972,2.684659,medium,growing,1
PNG-library,https://github.com/nayuki/PNG-library,47,8,415,Java,2022-12-28T07:21:27Z,2026-02-20T13:59:34Z,2,3,314,4980,7.942664,medium,growing,1
WebRTC-Android-SDK,https://github.com/ant-media/WebRTC-Android-SDK,47,25,182506,Java,2022-03-27T18:02:01Z,2026-03-24T03:47:23Z,0,13,597,2190072,12.258727,high,mature,23
radar4hooker,https://github.com/CreditTone/radar4hooker,47,27,35306,Java,2022-04-19T03:04:31Z,2026-03-25T13:06:21Z,0,0,74,423672,1.542738,medium,growing,1
mysql2h2-plus,https://github.com/ChenYilei2016/mysql2h2-plus,47,10,19512,Java,2022-09-14T09:04:40Z,2026-03-20T13:25:20Z,0,0,50,234144,1.16189,medium,growing,1
spring-chatting-server,https://github.com/ghkdqhrbals/spring-chatting-server,47,4,169322,Java,2022-12-12T11:17:12Z,2025-09-27T13:02:05Z,15,0,947,2031864,23.635607,high,growing,3
yeee-memo,https://github.com/yeeevip/yeee-memo,47,6,3535,Java,2022-07-11T02:51:53Z,2026-02-07T16:38:21Z,0,0,389,42420,8.606195,medium,growing,1
authorization-life,https://github.com/qjyn1314/authorization-life,47,14,59836,Java,2022-02-21T10:04:24Z,2025-09-25T05:10:21Z,4,0,466,718032,9.34492,medium,mature,1
GENECI,https://github.com/AdrianSeguraOrtiz/GENECI,47,3,101502,Java,2022-01-19T09:08:29Z,2026-03-02T11:28:07Z,2,0,296,1218024,5.807717,medium,mature,1
flows,https://github.com/hanbings/flows,47,0,358,Java,2022-11-19T08:00:29Z,2025-12-08T02:04:00Z,1,0,86,4296,2.106122,medium,growing,1
gdx-graph,https://github.com/MarcinSc/gdx-graph,47,5,32442,Java,2022-03-27T11:05:52Z,2026-01-06T02:25:19Z,0,0,231,389304,4.740082,medium,mature,2
android-3D-engine,https://github.com/the3deer/android-3D-engine,47,16,8016,Java,2022-10-10T12:21:36Z,2026-02-28T10:47:28Z,3,0,76,96192,1.802372,medium,growing,4
chiral-carbon-captcha,https://github.com/leafLeaf9/chiral-carbon-captcha,47,5,38175,Java,2022-12-13T02:06:46Z,2026-03-28T10:14:19Z,0,0,20,458100,0.499584,low,growing,1
sdk-java,https://github.com/restatedev/sdk-java,47,14,2847,Java,2022-11-22T09:04:16Z,2026-03-23T11:39:57Z,8,8,533,34164,13.085106,high,growing,11
2022-moamoa,https://github.com/woowacourse-teams/2022-moamoa,47,5,6629,Java,2022-06-28T01:34:46Z,2025-07-04T07:38:21Z,18,5,395,79548,8.655953,medium,growing,6
conditional-mixin,https://github.com/Fallen-Breath/conditional-mixin,47,7,258,Java,2022-02-23T07:17:43Z,2026-03-27T03:21:19Z,0,0,94,3096,1.88755,medium,mature,4
aws-playground,https://github.com/hardikSinghBehl/aws-playground,47,6,231,Java,2022-02-14T06:16:50Z,2025-08-13T11:23:35Z,0,1,29,2772,0.578842,low,mature,1
NaturesSpirit,https://github.com/Team-Hibiscus/NaturesSpirit,47,14,46406,Java,2022-07-14T02:10:23Z,2026-02-23T03:09:12Z,13,4,1477,556872,32.749446,high,growing,9
tanhuaAPP,https://github.com/liyuxuan7762/tanhuaAPP,47,15,246,Java,2022-12-20T07:25:58Z,2026-03-18T07:57:20Z,2,0,37,2952,0.929648,low,growing,1
GCEnkaCopy,https://github.com/exzork/GCEnkaCopy,47,7,64114,Java,2022-06-18T15:22:13Z,2025-07-19T10:59:59Z,3,0,17,769368,0.369833,low,growing,3
spring-annotation-book,https://github.com/binghe001/spring-annotation-book,47,32,306,Java,2022-12-08T08:17:31Z,2026-03-09T02:38:50Z,0,0,119,3672,2.960199,medium,growing,1
JKook,https://github.com/SNWCreations/JKook,47,12,1149,Java,2022-07-01T07:38:00Z,2026-03-26T14:57:18Z,0,0,581,13788,12.759883,high,growing,7
OnlineEducationSystem,https://github.com/nichijoux/OnlineEducationSystem,47,8,15772,Java,2022-07-28T04:23:32Z,2025-10-15T01:54:45Z,4,0,33,189264,0.739358,low,growing,1
shopfly,https://github.com/shopfly-ecommerce/shopfly,47,9,13368,Java,2022-03-28T13:17:34Z,2026-01-19T13:24:32Z,7,0,106,160416,2.176591,medium,mature,8
Xibao,https://github.com/teaconmc/Xibao,47,10,500,Java,2022-02-07T09:06:50Z,2026-02-16T10:30:22Z,2,0,20,6000,0.397351,low,mature,8
spark-flight-connector,https://github.com/qwshen/spark-flight-connector,47,10,184,Java,2022-06-21T21:49:33Z,2026-03-22T14:45:49Z,0,1,69,2208,1.505455,medium,growing,2
DeveloperCode,https://github.com/Lonewolf0502/DeveloperCode,47,80,10392,Java,2022-10-11T16:52:48Z,2023-10-22T14:19:26Z,0,4,286,124704,6.787975,medium,growing,101
Kafka-Example,https://github.com/muhammedsedef/Kafka-Example,47,5,14095,Java,2022-11-30T18:05:59Z,2025-06-04T13:16:46Z,0,0,6,169140,0.148392,low,growing,1
2022-thankoo,https://github.com/woowacourse-teams/2022-thankoo,46,6,115154,Java,2022-06-28T01:38:02Z,2024-07-20T00:20:09Z,18,3,317,1381848,6.946676,medium,growing,6
GyScan,https://github.com/l1ubai/GyScan,46,8,4533,Java,2022-04-21T07:36:39Z,2026-03-12T03:02:58Z,3,0,11,54396,0.229645,low,growing,1
Charter,https://github.com/Lordszynencja/Charter,46,15,104163,Java,2022-12-05T11:11:09Z,2026-03-25T17:33:11Z,1,1,362,1249956,8.98263,medium,growing,8
PrettyPrintTreeJava,https://github.com/AharonSambol/PrettyPrintTreeJava,46,4,118,Java,2022-05-19T07:50:59Z,2025-12-15T15:36:06Z,2,0,27,1416,0.574876,low,growing,3
dichotomy,https://github.com/xyzsd/dichotomy,46,4,352,Java,2022-06-07T17:45:02Z,2026-02-16T07:20:49Z,0,0,130,4224,2.807775,medium,growing,2
struts1,https://github.com/weblegacy/struts1,46,17,46672,Java,2022-03-11T16:31:20Z,2026-01-29T03:04:18Z,5,8,588,560064,11.935047,high,mature,3
JavaProgramming,https://github.com/Cydeo-EU8/JavaProgramming,46,68,570,Java,2022-01-07T18:05:36Z,2025-12-16T20:30:37Z,3,1,231,6840,4.5,medium,mature,2
DwarfGameEngine,https://github.com/Hyrdaboo/DwarfGameEngine,46,4,12554,Java,2022-05-18T16:35:22Z,2026-01-02T18:35:15Z,0,0,95,150648,2.021277,medium,growing,2
Proxy-Compatible-Forge,https://github.com/adde0109/Proxy-Compatible-Forge,46,14,1387,Java,2022-05-28T19:32:19Z,2026-03-08T23:58:37Z,3,1,357,16644,7.655468,medium,growing,7
Apache-Dubbo-Hessian2-CVE-2021-43297,https://github.com/longofo/Apache-Dubbo-Hessian2-CVE-2021-43297,46,9,461,Java,2022-01-17T17:52:34Z,2023-06-11T12:04:19Z,0,0,4,5532,0.078431,low,mature,1
yaci-store,https://github.com/bloxbean/yaci-store,46,13,29361,Java,2022-11-21T12:45:49Z,2026-03-27T07:24:22Z,230,24,1464,352332,35.911693,high,growing,13
Free-Mybatis-Tool,https://github.com/moztl/Free-Mybatis-Tool,46,19,1034,Java,2022-02-16T06:56:41Z,2026-03-23T02:48:38Z,5,2,25,12408,0.499667,low,mature,1
spring-configuration-property-documenter,https://github.com/rodnansol/spring-configuration-property-documenter,46,8,1067,Java,2022-12-28T22:58:07Z,2025-11-05T08:32:50Z,16,3,67,12804,1.696203,medium,growing,5
Live_Android,https://github.com/LiteAVSDK/Live_Android,46,24,453,Java,2022-02-28T01:14:31Z,2026-03-20T08:17:52Z,1,1,39,5436,0.785762,low,mature,2
SecondHandTrade,https://github.com/a6678696/SecondHandTrade,46,6,6421,Java,2022-01-03T14:42:34Z,2025-12-23T16:34:10Z,0,0,74,77052,1.436893,medium,mature,1
bad-word-filtering,https://github.com/VaneProject/bad-word-filtering,46,1,164,Java,2022-06-14T07:05:50Z,2025-11-18T07:03:00Z,0,0,35,1968,0.759219,low,growing,3
LoopAuth,https://github.com/LuckyColorCloud/LoopAuth,46,9,1216,Java,2022-07-19T14:37:10Z,2025-11-20T02:13:51Z,2,0,251,14592,5.586053,medium,growing,5
houserent-public,https://github.com/ynwynw/houserent-public,46,4,121317,Java,2022-05-25T04:29:03Z,2026-03-04T14:29:04Z,0,0,18,1455804,0.38489,low,growing,1
guest0x0,https://github.com/ice1000/guest0x0,46,4,1165,Java,2022-04-04T13:01:00Z,2026-01-08T10:37:25Z,0,0,455,13980,9.387895,medium,mature,6
Settings,https://github.com/siren-ocean/Settings,46,18,171206,Java,2022-07-20T01:18:31Z,2026-01-16T08:43:09Z,0,1,18,2054472,0.400891,low,growing,1
wks-platform,https://github.com/wkspower/wks-platform,46,22,34504,Java,2022-08-16T08:52:11Z,2026-03-25T12:30:14Z,38,0,1045,414048,23.75,high,growing,10
flare,https://github.com/browning-lab/flare,46,8,625,Java,2022-07-23T20:33:54Z,2026-02-03T01:03:09Z,0,0,46,7500,1.02755,medium,growing,2
Shine-Java,https://github.com/FreddyChen/Shine-Java,46,13,167,Java,2022-01-14T04:22:48Z,2024-03-05T01:41:25Z,1,0,15,2004,0.293351,low,mature,1
Ayah-intellij,https://github.com/0x61nas/Ayah-intellij,46,3,5133,Java,2022-08-20T09:19:00Z,2026-03-09T12:23:17Z,2,10,237,61596,5.402736,medium,growing,2
Wordle,https://github.com/CarolinaCampi/Wordle,45,29,196,Java,2022-01-16T20:23:28Z,2025-09-28T20:54:37Z,0,0,17,2352,0.333116,low,mature,3
DynamicIcon,https://github.com/windfone/DynamicIcon,45,10,143,Java,2022-06-06T03:49:55Z,2026-03-18T03:39:11Z,0,0,4,1716,0.086269,low,growing,1
RealisticVillagers,https://github.com/aematsubara/RealisticVillagers,45,37,2511,Java,2022-09-02T21:20:17Z,2026-03-11T02:38:49Z,15,5,95,30132,2.18894,medium,growing,2
Nothirium,https://github.com/Meldexun/Nothirium,45,7,353,Java,2022-05-21T17:25:46Z,2026-03-21T07:44:42Z,15,1,193,4236,4.118065,medium,growing,2
metersphere-platform-plugin,https://github.com/metersphere/metersphere-platform-plugin,45,32,1001,Java,2022-11-17T11:06:31Z,2025-11-11T15:13:41Z,0,0,225,12012,5.501222,medium,growing,6
Cineapp,https://github.com/vendz/Cineapp,45,4,12652,Java,2022-01-22T10:11:19Z,2026-03-05T11:01:54Z,2,0,19,151824,0.373526,low,mature,1
Java-Projects-for-Beginners,https://github.com/KrishGaur1354/Java-Projects-for-Beginners,45,18,2263,Java,2022-09-03T07:39:45Z,2026-01-16T13:23:34Z,4,1,111,27156,2.557604,medium,growing,3
ltyzzz-rpc,https://github.com/tychozzz/ltyzzz-rpc,45,16,190,Java,2022-11-16T11:41:44Z,2025-07-18T01:07:05Z,0,0,23,2280,0.561889,low,growing,1
stegosuite,https://github.com/osde8info/stegosuite,45,12,1924,Java,2022-01-14T16:19:02Z,2026-02-23T19:11:58Z,1,9,3,23088,0.05867,low,mature,1
2022-nae-pyeon,https://github.com/woowacourse-teams/2022-nae-pyeon,45,7,4104,Java,2022-06-28T01:39:12Z,2025-04-22T00:57:35Z,17,3,312,49248,6.837107,medium,growing,6
BurpCRLFScan,https://github.com/A0WaQ4/BurpCRLFScan,45,2,10332,Java,2022-11-22T09:18:54Z,2026-03-05T03:00:12Z,1,0,32,123984,0.785597,low,growing,1
server-sdk-java,https://github.com/FeatureProbe/server-sdk-java,45,12,681,Java,2022-05-25T04:16:00Z,2026-03-28T14:56:01Z,7,0,122,8172,2.608696,medium,growing,8
sdcompare,https://github.com/HenryLoenwind/sdcompare,45,1,145,Java,2022-09-17T21:11:19Z,2025-11-19T11:28:37Z,5,0,14,1740,0.32634,low,growing,1
zhihuCrawler,https://github.com/zhaoweilong007/zhihuCrawler,45,6,648047,Java,2022-05-23T02:06:50Z,2025-09-11T19:26:28Z,0,0,1097,7776564,23.423488,high,growing,1
zsmq,https://github.com/dhslrl321/zsmq,45,3,735,Java,2022-08-31T01:05:44Z,2026-03-08T09:25:38Z,6,0,148,8820,3.402299,medium,growing,1
MasterAppiumFramework_BDD,https://github.com/rajatt95/MasterAppiumFramework_BDD,45,20,62830,Java,2022-02-22T16:09:22Z,2025-12-23T02:01:57Z,2,0,9,753960,0.180602,low,mature,1
WxChatDemo,https://github.com/stormzhuo0707/WxChatDemo,45,10,611,Java,2022-08-12T03:18:37Z,2026-02-24T03:15:49Z,1,0,2,7332,0.045317,low,growing,1
application-accelerator-samples,https://github.com/vmware-tanzu/application-accelerator-samples,45,176,91168,Java,2022-05-07T18:09:50Z,2026-01-14T20:51:26Z,9,0,570,1094016,12.042254,high,growing,51
json,https://github.com/bowbahdoe/json,45,6,1038,Java,2022-09-14T04:52:29Z,2026-02-04T17:07:44Z,7,0,121,12456,2.811774,medium,growing,2
apk-parser,https://github.com/AndroidDeveloperLB/apk-parser,45,15,22778,Java,2022-05-23T18:53:06Z,2026-02-25T09:05:47Z,3,0,414,273336,8.846154,medium,growing,9
swing-tree,https://github.com/globaltcad/swing-tree,45,4,46627,Java,2022-03-29T09:36:59Z,2026-03-28T10:57:51Z,6,0,1967,559524,40.417808,high,mature,2
JsonDetect,https://github.com/a1phaboy/JsonDetect,45,4,4680,Java,2022-09-16T05:30:12Z,2026-03-05T03:00:13Z,1,0,10,56160,0.232739,low,growing,1
antlr4-lab,https://github.com/antlr/antlr4-lab,45,13,207,Java,2022-07-04T18:00:37Z,2026-02-13T12:26:13Z,30,3,179,2484,3.942731,medium,growing,4
gitflow4idea-plus,https://github.com/RubinCarter/gitflow4idea-plus,44,12,5071,Java,2022-01-07T06:38:38Z,2026-01-28T02:33:56Z,26,0,562,60852,10.940947,high,mature,21
ShapeImageView,https://github.com/FlyJingFish/ShapeImageView,44,7,2209,Java,2022-09-02T10:05:22Z,2025-07-25T14:10:27Z,0,0,120,26508,2.762855,medium,growing,1
SemiSim,https://github.com/StunningLlama/SemiSim,44,3,523240,Java,2022-01-12T21:26:21Z,2026-03-16T04:34:59Z,0,0,100,6278880,1.954397,medium,mature,1
kkFileView,https://github.com/gaoxingzaq/kkFileView,44,14,123970,Java,2022-11-01T06:15:45Z,2025-12-28T12:48:03Z,1,0,51,1487640,1.230893,medium,growing,2
Princeton-algs4,https://github.com/MolinDeng/Princeton-algs4,44,4,141656,Java,2022-12-25T01:34:39Z,2026-03-12T05:18:50Z,0,0,26,1699872,0.656013,low,growing,1
fawry-camp-data-spring,https://github.com/tawfik-s/fawry-camp-data-spring,44,5,384,Java,2022-11-23T09:34:33Z,2026-03-24T12:04:30Z,0,0,38,4608,0.933661,low,growing,1
NCKUpp,https://github.com/WavJaby/NCKUpp,44,5,1738,Java,2022-10-02T09:15:45Z,2025-11-02T10:00:32Z,0,0,272,20856,6.410055,medium,growing,1
all-what-you-need-micro-services,https://github.com/mohamedYoussfi/all-what-you-need-micro-services,44,27,1148,Java,2022-10-31T18:47:06Z,2026-01-01T20:41:54Z,1,0,6,13776,0.144811,low,growing,1
server-side-replay-recorder,https://github.com/thecolonel63/server-side-replay-recorder,44,6,242,Java,2022-05-20T17:58:10Z,2026-03-11T02:21:03Z,12,0,80,2904,1.705757,medium,growing,4
ntl-redone,https://github.com/tizu69/ntl-redone,44,11,53436,Java,2022-12-27T20:04:07Z,2025-12-04T16:57:24Z,12,0,3146,641232,79.578415,high,growing,144
spring-authorization-server-spring-boot-3,https://github.com/Basit-Mahmood/spring-authorization-server-spring-boot-3,44,16,236,Java,2022-12-09T07:40:02Z,2025-12-22T07:47:40Z,1,0,8,2832,0.19917,low,growing,1
2022-review-duck,https://github.com/woowacourse-teams/2022-review-duck,44,7,6207,Java,2022-06-28T01:35:27Z,2025-07-19T15:11:41Z,11,1,2332,74484,51.102995,high,growing,7
ChatHub,https://github.com/AnzhiZhang/ChatHub,44,12,185,Java,2022-12-16T02:34:37Z,2026-02-24T14:38:17Z,2,0,115,2220,2.8798,medium,growing,5
ResolveRPC,https://github.com/jacobbvfx/ResolveRPC,44,4,13123,Java,2022-08-03T20:55:16Z,2026-02-22T19:02:53Z,10,1,26,157476,0.585586,low,growing,3
Harmony_movie_app_ui,https://github.com/wuyuanwuhui99/Harmony_movie_app_ui,44,18,10054,Java,2022-06-19T08:17:33Z,2026-03-14T07:16:04Z,0,0,46,120648,1.001451,medium,growing,1
ZeroKingBot,https://github.com/KingPrimes/ZeroKingBot,44,4,14224,Java,2022-08-10T13:27:38Z,2026-03-08T16:10:08Z,8,0,286,170688,6.470588,medium,growing,2
javactrl,https://github.com/javactrl/javactrl,44,2,162,Java,2022-12-26T16:59:27Z,2025-06-20T15:31:58Z,0,1,19,1944,0.479798,low,growing,2
credential-secure-storage-for-java,https://github.com/microsoft/credential-secure-storage-for-java,44,17,135,Java,2022-03-16T15:55:43Z,2026-02-17T19:46:13Z,5,8,19,1620,0.386965,low,mature,5
isucon12q,https://github.com/matsuu/isucon12q,44,1,1559,Java,2022-07-22T13:20:07Z,2023-11-28T14:52:28Z,0,0,26,18708,0.579926,low,growing,3
ONScripterPlus,https://github.com/wushuo894/ONScripterPlus,44,0,1742,Java,2022-05-31T11:07:41Z,2026-02-27T08:19:34Z,3,0,13,20904,0.27917,low,growing,1
real-time-analytics-book,https://github.com/mneedham/real-time-analytics-book,44,17,2912,Java,2022-08-16T14:05:43Z,2026-01-11T20:56:33Z,2,0,81,34944,1.840909,medium,growing,3
JFXShader,https://github.com/Teragam/JFXShader,44,1,330,Java,2022-10-25T09:25:20Z,2026-03-22T17:40:20Z,3,0,137,3960,3.288,medium,growing,1
psychlolgyhealth-public,https://github.com/ynwynw/psychlolgyhealth-public,44,3,969,Java,2022-11-10T12:56:29Z,2026-01-01T16:01:38Z,1,0,3,11628,0.072934,low,growing,1
masai-school,https://github.com/thakurarjun247/masai-school,44,25,533,Java,2022-05-20T08:10:06Z,2023-12-12T11:13:03Z,0,0,93,6396,1.981534,medium,growing,1
CVE-2022-33980-Apache-Commons-Configuration-RCE,https://github.com/tangxiaofeng7/CVE-2022-33980-Apache-Commons-Configuration-RCE,44,14,175,Java,2022-07-08T09:25:42Z,2026-01-05T11:45:52Z,0,0,1,2100,0.022075,low,growing,1
ForgetMeChunk,https://github.com/mjwells2002/ForgetMeChunk,44,5,169,Java,2022-02-26T20:54:45Z,2025-09-26T19:31:38Z,6,0,22,2028,0.442953,low,mature,4
FabricGeneralChainCode,https://github.com/ShanZJ-gvs/FabricGeneralChainCode,44,7,16975,Java,2022-04-06T11:28:54Z,2026-01-15T07:28:56Z,0,0,15,203700,0.309917,low,mature,2
ureport-keep,https://github.com/taogus/ureport-keep,44,21,100803,Java,2022-01-16T08:33:02Z,2025-12-17T08:22:09Z,4,0,555,1209636,10.868146,high,mature,9
2022-ternoko,https://github.com/woowacourse-teams/2022-ternoko,43,5,3409,Java,2022-06-28T01:36:58Z,2025-02-03T05:39:56Z,47,4,308,40908,6.749452,medium,growing,7
ShoppingMallApplication,https://github.com/Ervinse/ShoppingMallApplication,43,2,39393,Java,2022-05-17T15:14:29Z,2026-03-19T08:00:58Z,1,0,35,472716,0.744153,low,growing,2
cryostat,https://github.com/cryostatio/cryostat,43,14,10533,Java,2022-12-20T15:18:21Z,2026-03-26T11:51:13Z,48,14,1417,126396,35.603015,high,growing,11
public-code,https://github.com/hieujoyce/public-code,43,4,2901,Java,2022-02-25T01:59:00Z,2026-01-06T09:15:10Z,1,0,78,34812,1.568365,medium,mature,1
RemoveMiuiSystemSelfProtection,https://github.com/gfbjngjibn/RemoveMiuiSystemSelfProtection,43,2,113,Java,2022-02-16T02:01:47Z,2026-03-14T14:33:23Z,2,0,4,1356,0.079947,low,mature,1
fastboot,https://github.com/stylesmile/fastboot,43,6,17360,Java,2022-07-06T13:41:36Z,2025-08-31T09:29:33Z,1,0,801,208320,17.656135,high,growing,1
VOSK-Powered-Live-Subtitle-V3,https://github.com/botbahlul/VOSK-Powered-Live-Subtitle-V3,43,9,40778,Java,2022-10-14T16:55:19Z,2026-03-20T20:10:34Z,2,0,34,489336,0.808882,low,growing,1
SW-Maestro-gjgs,https://github.com/backtony/SW-Maestro-gjgs,43,6,52935,Java,2022-01-16T08:09:55Z,2026-03-19T11:30:30Z,0,0,4,635220,0.078329,low,mature,1
2022-gong-check,https://github.com/woowacourse-teams/2022-gong-check,43,6,26975,Java,2022-06-28T01:35:11Z,2024-07-26T07:39:57Z,12,0,305,323700,6.683711,medium,growing,7
java-for-backend,https://github.com/lleellee0/java-for-backend,43,14,122,Java,2022-11-12T07:28:53Z,2026-03-25T12:26:00Z,11,0,53,1464,1.290584,medium,growing,4
spring-boot-learning-examples,https://github.com/ElanYoung/spring-boot-learning-examples,43,23,336,Java,2022-09-01T01:48:56Z,2025-01-22T03:44:16Z,1,0,50,4032,1.150307,medium,growing,1
PlayerStats,https://github.com/itHotL/PlayerStats,43,20,1675,Java,2022-04-24T10:47:50Z,2025-12-21T11:13:23Z,30,3,359,20100,7.51046,medium,growing,2
injavawetrust-ocp17,https://github.com/leventerguder/injavawetrust-ocp17,43,13,67448,Java,2022-05-13T18:17:49Z,2025-08-16T07:31:50Z,0,0,503,809376,10.671853,high,growing,1
spring-restdocs-samples,https://github.com/spring-projects/spring-restdocs-samples,43,23,458,Java,2022-07-21T16:05:43Z,2026-03-20T10:51:02Z,0,0,19,5496,0.423477,low,growing,7
YAFU,https://github.com/martinpaljak/YAFU,43,8,2834,Java,2022-02-17T13:30:48Z,2025-11-27T11:38:36Z,4,6,63,34008,1.26,medium,mature,2
spring-boot-demo,https://github.com/temporalio/spring-boot-demo,43,16,5823,Java,2022-08-23T06:01:32Z,2026-03-05T22:32:41Z,0,0,49,69876,1.119573,medium,growing,26
tvjar_test,https://github.com/asters1/tvjar_test,43,50,5794,Java,2022-11-30T09:27:16Z,2026-03-16T07:26:58Z,1,0,126,69528,3.113674,medium,growing,1
Clipper2-java,https://github.com/micycle1/Clipper2-java,43,16,669,Java,2022-09-12T12:18:23Z,2026-03-21T02:41:15Z,0,0,142,8028,3.294664,medium,growing,4
KafkaProj-01,https://github.com/chulminkw/KafkaProj-01,43,27,1997,Java,2022-08-11T01:32:13Z,2025-12-16T07:31:09Z,2,0,69,23964,1.562264,medium,growing,1
jdck-android,https://github.com/XanderYe/jdck-android,43,63,250,Java,2022-05-10T01:34:11Z,2025-12-28T05:44:36Z,3,0,12,3000,0.253879,low,growing,1
podman-testcontainers,https://github.com/eugene-khyst/podman-testcontainers,43,7,85,Java,2022-03-13T17:14:08Z,2026-02-12T13:04:11Z,5,0,8,1020,0.162712,low,mature,1
proxydroid-modded,https://github.com/rinnn31/proxydroid-modded,43,22,12198,Java,2022-04-02T12:54:03Z,2026-03-02T01:42:35Z,2,0,44,146376,0.906593,low,mature,2
Spark-Flink-DataWarehouse,https://github.com/lhq-123/Spark-Flink-DataWarehouse,43,24,81857,Java,2022-12-03T12:22:31Z,2026-03-27T03:51:45Z,0,0,27,982284,0.668869,low,growing,1
PPPVULNS,https://github.com/Whoopsunix/PPPVULNS,43,7,5468,Java,2022-10-16T15:20:45Z,2025-12-11T16:54:21Z,0,0,42,65616,1.000794,medium,growing,1
algoritmos-estructuras-datos-entrevistas-udemy,https://github.com/danielblanco96/algoritmos-estructuras-datos-entrevistas-udemy,43,41,182,Java,2022-10-15T07:40:12Z,2026-03-10T21:49:28Z,0,3,102,2184,2.428571,medium,growing,1
JMtoXaero,https://github.com/Entropy5/JMtoXaero,43,5,297,Java,2022-05-30T01:15:45Z,2026-03-16T17:24:54Z,2,0,76,3564,1.630901,medium,growing,7
drug,https://github.com/xiabud/drug,43,8,3748,Java,2022-04-16T16:36:25Z,2026-02-19T08:19:03Z,2,0,42,44976,0.873786,low,mature,1
Dynamic-Island-Android-Full-Application,https://github.com/MaramHarsha/Dynamic-Island-Android-Full-Application,43,12,22513,Java,2022-10-29T13:01:47Z,2025-12-30T04:44:42Z,0,0,12,270156,0.288925,low,growing,1
sl651-2014,https://github.com/handsomestWei/sl651-2014,43,20,5087,Java,2022-07-24T07:23:53Z,2026-01-30T06:41:45Z,0,0,5,61044,0.11169,low,growing,2
java-sdk-contrib,https://github.com/open-feature/java-sdk-contrib,43,70,4025,Java,2022-08-15T20:27:39Z,2026-03-27T18:07:50Z,19,20,1466,48300,33.318182,high,growing,95
GodotAndroidBluetoothPlugin,https://github.com/pablojimenezmateo/GodotAndroidBluetoothPlugin,42,5,39895,Java,2022-05-28T00:36:11Z,2025-10-10T02:55:41Z,1,0,38,478740,0.814286,low,growing,2
JavaSec,https://github.com/zxcv0221/JavaSec,42,2,98886,Java,2022-07-26T02:33:16Z,2026-03-10T14:44:24Z,0,0,44,1186632,0.98434,low,growing,1
chat-uikit-android,https://github.com/TencentCloud/chat-uikit-android,42,12,65566,Java,2022-12-01T12:25:25Z,2026-03-23T05:55:28Z,1,2,89,786792,2.201154,medium,growing,7
ShowDB,https://github.com/Cocowwy/ShowDB,42,4,854,Java,2022-03-03T12:29:26Z,2025-12-05T04:50:39Z,0,0,327,10248,6.601615,medium,mature,2
MikSandHook,https://github.com/dqzg12300/MikSandHook,42,22,16713,Java,2022-03-15T01:22:15Z,2025-12-01T11:19:26Z,0,0,6,200556,0.122117,low,mature,1
HyperRobotFrameworkPlugin,https://github.com/jnhyperion/HyperRobotFrameworkPlugin,42,8,1784,Java,2022-07-29T01:38:13Z,2026-01-12T08:20:21Z,11,0,28,21408,0.627803,low,growing,3
Scaleda,https://github.com/Scaleda/Scaleda,42,3,223180,Java,2022-12-02T15:09:39Z,2026-02-04T09:49:53Z,7,0,1113,2678160,27.549505,high,growing,2
ibkrfacade,https://github.com/medovarszki/ibkrfacade,42,16,8981,Java,2022-03-19T10:02:42Z,2026-02-23T22:27:49Z,2,0,46,107772,0.938776,low,mature,3
advanced-java-development-2515082,https://github.com/LinkedInLearning/advanced-java-development-2515082,42,108,103,Java,2022-08-12T00:00:55Z,2026-02-11T18:17:16Z,1,2,13,1236,0.294562,low,growing,3
c3r,https://github.com/aws/c3r,42,8,2948,Java,2022-11-17T16:49:43Z,2026-03-27T08:11:57Z,0,3,1193,35376,29.168704,high,growing,15
zego_uikit_prebuilt_call_example_android,https://github.com/ZEGOCLOUD/zego_uikit_prebuilt_call_example_android,42,19,627,Java,2022-09-02T02:01:30Z,2026-02-14T06:57:30Z,6,0,70,7524,1.611665,medium,growing,3
Tihwin,https://github.com/developersu/Tihwin,42,7,674,Java,2022-09-17T20:04:31Z,2026-03-05T02:08:02Z,1,0,65,8088,1.515152,medium,growing,5
AudioCue-maven,https://github.com/philfrei/AudioCue-maven,42,2,378,Java,2022-03-29T20:33:05Z,2025-08-18T04:58:54Z,0,0,46,4536,0.945853,low,mature,2
Practice,https://github.com/MinemenFree/Practice,42,15,259010,Java,2022-12-28T16:33:17Z,2026-03-23T22:54:53Z,7,3,219,3108120,5.539629,medium,growing,2
meteor-client,https://github.com/MeteorLite/meteor-client,42,54,109532,Java,2022-01-11T18:12:06Z,2025-12-22T05:02:37Z,0,1,1085,1314384,21.191406,high,mature,19
catppuccin-noctis,https://github.com/alexdauenhauer/catppuccin-noctis,42,3,6889,Java,2022-02-12T17:25:44Z,2026-01-25T21:34:07Z,0,0,69,82668,1.37633,medium,mature,3
identify-dog-breeds-pro,https://github.com/j05t/identify-dog-breeds-pro,42,6,48646,Java,2022-06-20T11:07:14Z,2026-01-17T06:31:52Z,0,0,28,583752,0.610022,low,growing,2
electrosmart,https://github.com/arnaudlegout/electrosmart,42,12,4185,Java,2022-09-29T14:42:26Z,2026-03-16T20:40:04Z,0,0,9,50220,0.211599,low,growing,1
Masai-School-Assignments,https://github.com/hoshiyarjyani/Masai-School-Assignments,42,23,56602,Java,2022-10-04T16:39:22Z,2026-01-19T12:00:02Z,0,0,765,679224,18.056648,high,growing,1
automerge-java,https://github.com/automerge/automerge-java,42,8,695,Java,2022-12-05T16:43:44Z,2026-03-26T00:23:15Z,6,1,53,8340,1.315136,medium,growing,10
MinerTools,https://github.com/MinRi2/MinerTools,42,6,70161,Java,2022-02-20T06:03:53Z,2025-12-02T09:00:57Z,0,0,536,841932,10.741483,high,mature,2
sadu,https://github.com/rainbowdashlabs/sadu,42,11,4897,Java,2022-08-17T19:25:46Z,2026-03-11T21:28:16Z,2,4,364,58764,8.285281,medium,growing,15
Foto-Editor,https://github.com/wasim15185/Foto-Editor,42,14,33365,Java,2022-12-21T15:31:26Z,2026-01-17T17:52:36Z,0,0,36,400380,0.905281,low,growing,1
ris-backend-service,https://github.com/digitalservicebund/ris-backend-service,42,12,40767,Java,2022-04-05T14:27:32Z,2026-03-27T10:20:13Z,0,10,11837,489204,244.397798,high,mature,45
RobotCode2023,https://github.com/Mechanical-Advantage/RobotCode2023,42,13,839,Java,2022-12-29T18:48:37Z,2026-02-18T22:27:08Z,0,0,316,10068,8.006757,medium,growing,7
blog-code,https://github.com/backtony/blog-code,42,14,83999,Java,2022-06-18T04:32:37Z,2025-12-07T21:01:20Z,62,0,44,1007988,0.957215,low,growing,1
OpenCamera,https://github.com/classilla/OpenCamera,42,0,1685,Java,2022-02-19T05:18:25Z,2026-01-22T14:19:19Z,1,0,4,20220,0.080107,low,mature,1
Mirea-Java-Tasks,https://github.com/re-gelu/Mirea-Java-Tasks,42,1,842,Java,2022-09-03T18:23:16Z,2025-12-28T19:41:36Z,0,0,57,10104,1.314374,medium,growing,1
java-ort-example-yolov5,https://github.com/jhgan00/java-ort-example-yolov5,42,8,65710,Java,2022-11-12T06:56:48Z,2026-03-27T12:32:27Z,3,0,11,788520,0.267857,low,growing,2
gigeresque,https://github.com/cybercat-mods/gigeresque,42,19,13474,Java,2022-02-05T17:39:35Z,2026-01-21T23:15:17Z,0,0,2258,161688,44.831238,high,mature,12
spring-io-barcelona-2022-spring-kafka-beyond-the-basics,https://github.com/j-tim/spring-io-barcelona-2022-spring-kafka-beyond-the-basics,42,12,586,Java,2022-05-20T11:47:08Z,2026-02-16T18:58:18Z,0,0,8,7032,0.170455,low,growing,1
docs-integration-sdk-java,https://github.com/ONLYOFFICE/docs-integration-sdk-java,42,9,884,Java,2022-03-28T07:49:40Z,2026-03-24T00:20:15Z,2,0,307,10608,6.303901,medium,mature,13
Reflect,https://github.com/Lenni0451/Reflect,42,1,960,Java,2022-08-17T12:40:37Z,2026-03-28T08:47:54Z,1,0,322,11520,7.32373,medium,growing,4
MPKMod_2,https://github.com/kurrycat2004/MPKMod_2,41,17,7996,Java,2022-08-11T16:52:51Z,2025-09-02T12:39:41Z,3,2,268,95952,6.067925,medium,growing,7
React-Native-Carousel,https://github.com/Basir-PD/React-Native-Carousel,41,17,410,Java,2022-10-11T05:04:15Z,2024-12-12T06:13:28Z,0,0,1,4920,0.023734,low,growing,1
Fire,https://github.com/Uenhe/Fire,41,3,18342,Java,2022-12-01T06:16:25Z,2026-02-21T01:48:46Z,1,0,118,220104,2.918384,medium,growing,5
springboot-jpa-specification,https://github.com/piinalpin/springboot-jpa-specification,41,15,770,Java,2022-04-03T01:48:14Z,2025-12-25T06:20:55Z,0,1,11,9240,0.226804,low,mature,2
wakamiti,https://github.com/iti-ict/wakamiti,41,8,254156,Java,2022-03-22T08:55:32Z,2026-03-24T12:06:16Z,59,0,1718,3049872,35.132924,high,mature,14
opensergo-java-sdk,https://github.com/opensergo/opensergo-java-sdk,41,23,184,Java,2022-03-03T11:21:17Z,2025-08-13T11:23:38Z,11,5,39,2208,0.787349,low,mature,13
java-book,https://github.com/shai-almog/java-book,41,8,202,Java,2022-11-23T12:15:43Z,2026-02-10T11:12:12Z,0,0,20,2424,0.4914,low,growing,1
kubernetes_java_deployment,https://github.com/praveen1994dec/kubernetes_java_deployment,41,649,93197,Java,2022-11-25T10:46:01Z,2026-03-16T04:14:51Z,0,3,11,1118364,0.270714,low,growing,1
candybar-foss,https://github.com/Donnnno/candybar-foss,41,6,3699,Java,2022-03-02T16:44:22Z,2026-03-21T19:05:32Z,1,1,247,44388,4.983188,medium,mature,9
mapepire-server,https://github.com/Mapepire-IBMi/mapepire-server,41,17,619,Java,2022-02-08T16:20:58Z,2026-03-23T16:29:05Z,33,3,251,7428,4.99006,medium,mature,14
data-privacy-toolkit,https://github.com/IBM/data-privacy-toolkit,41,5,71674,Java,2022-12-06T18:53:56Z,2026-01-06T13:32:04Z,14,20,854,860088,21.226181,high,growing,21
shattered-plans,https://github.com/lexi-lambda/shattered-plans,41,3,5143,Java,2022-08-23T20:43:11Z,2026-02-16T07:57:36Z,0,0,70,61716,1.60061,medium,growing,3
orkes-conductor-client,https://github.com/orkes-io/orkes-conductor-client,41,4,2673,Java,2022-03-08T12:50:07Z,2026-01-10T04:08:35Z,7,4,789,32076,15.982444,high,mature,33
es-plus,https://github.com/zhaohaoh/es-plus,41,5,11930,Java,2022-09-14T01:50:05Z,2026-03-04T01:22:56Z,0,0,462,143160,10.735864,high,growing,1
lilo,https://github.com/friatech/lilo,41,3,432,Java,2022-04-01T12:42:16Z,2025-10-10T08:18:09Z,4,0,51,5184,1.050103,medium,mature,2
s3-stream-unzip,https://github.com/nejckorasa/s3-stream-unzip,41,9,241,Java,2022-09-03T11:53:55Z,2025-12-21T05:13:19Z,3,0,58,2892,1.336406,medium,growing,1
Collect,https://github.com/hxq191830060/Collect,41,5,4263,Java,2022-05-29T17:39:20Z,2025-03-06T09:59:03Z,1,8,8,51156,0.171674,low,growing,1
Hermes,https://github.com/js3560750/Hermes,41,12,592,Java,2022-05-16T14:52:03Z,2025-06-26T06:37:53Z,0,0,12,7104,0.254958,low,growing,1
chimp,https://github.com/panagiotisl/chimp,41,6,23720,Java,2022-06-01T07:39:12Z,2026-01-27T14:49:42Z,0,0,15,284640,0.32235,low,growing,1
rest-api,https://github.com/LuckPerms/rest-api,41,18,182,Java,2022-07-23T00:56:44Z,2026-02-20T23:23:56Z,6,3,34,2184,0.758929,low,growing,5
FlashPrivateServer,https://github.com/GlennnM/FlashPrivateServer,41,4,3649,Java,2022-06-18T15:39:00Z,2026-03-27T05:18:52Z,0,0,460,43788,10.007252,high,growing,2
ATAK-Weather-Plugin,https://github.com/Hellikandra/ATAK-Weather-Plugin,41,6,1092,Java,2022-11-06T14:21:16Z,2026-03-28T03:59:04Z,2,0,31,13104,0.751212,low,growing,2
RRPathGen,https://github.com/Jarhead20/RRPathGen,41,26,2086,Java,2022-08-30T05:41:04Z,2025-10-19T12:10:18Z,8,0,186,25032,4.272588,medium,growing,7
AppJiagu-Android,https://github.com/openJK-dev/AppJiagu-Android,41,16,149,Java,2022-09-02T07:43:34Z,2025-12-01T11:20:21Z,1,0,1,1788,0.023024,low,growing,1
webAutomationWithSelenium,https://github.com/hiromia006/webAutomationWithSelenium,41,2,118,Java,2022-07-15T14:21:21Z,2025-09-21T21:55:44Z,0,0,27,1416,0.599112,low,growing,1
apiAutoTest,https://github.com/qzcsbj/apiAutoTest,41,12,13201,Java,2022-09-19T03:04:57Z,2026-03-02T14:01:25Z,1,0,61,158412,1.423017,medium,growing,1
dataroaster,https://github.com/cloudcheflabs/dataroaster,41,12,101771,Java,2022-05-30T06:10:21Z,2026-03-01T14:26:05Z,3,0,748,1221252,16.051502,high,growing,2
TVBoxOSC-1,https://github.com/springfine/TVBoxOSC-1,41,28,5210,Java,2022-07-26T10:59:32Z,2026-03-21T15:14:22Z,0,0,8,62520,0.178971,low,growing,2
CreateRobotics,https://github.com/createrobotics/CreateRobotics,41,38,1720,Java,2022-08-05T19:05:41Z,2026-01-27T07:24:15Z,1,0,708,20640,15.969925,high,growing,27
react-native-performance-stats,https://github.com/hannojg/react-native-performance-stats,41,11,542,Java,2022-06-06T08:43:40Z,2025-12-24T20:51:09Z,3,1,37,6504,0.797987,low,growing,3
GenshinSwitcher,https://github.com/jestyf/GenshinSwitcher,41,7,3272,Java,2022-07-09T12:54:08Z,2025-12-27T22:40:18Z,0,0,5,39264,0.110457,low,growing,1
QDragClose,https://github.com/QDong415/QDragClose,41,4,146,Java,2022-04-14T15:15:10Z,2025-12-10T09:57:06Z,0,0,7,1752,0.145429,low,mature,1
rosetta,https://github.com/rosettadb/rosetta,40,8,5168,Java,2022-05-25T13:29:47Z,2026-03-21T11:31:33Z,0,6,749,62016,16.015681,high,growing,10
CS61B-sp21,https://github.com/YinY1/CS61B-sp21,40,6,461,Java,2022-09-01T09:43:02Z,2026-03-10T09:55:42Z,0,0,167,5532,3.842025,medium,growing,1
serum-data,https://github.com/skynetcap/serum-data,40,10,2525,Java,2022-05-14T15:23:35Z,2025-01-10T02:47:44Z,9,1,320,30300,6.78925,medium,growing,2
Mars-with-BUAA-CO-extension,https://github.com/Toby-Shi-cloud/Mars-with-BUAA-CO-extension,40,4,8178,Java,2022-11-01T16:31:11Z,2025-11-29T12:41:29Z,0,0,64,98136,1.54465,medium,growing,4
SpiderSMS,https://github.com/mich01/SpiderSMS,40,8,89471,Java,2022-01-18T13:34:24Z,2026-01-13T11:22:56Z,1,0,58,1073652,1.137255,medium,mature,2
FirstBlood,https://github.com/HEEKDragonOne/FirstBlood,40,3,289,Java,2022-04-15T06:57:25Z,2025-09-19T15:31:18Z,0,0,28,3468,0.582121,low,mature,1
react-native-custom-tab-bar,https://github.com/maxdietel/react-native-custom-tab-bar,40,25,309,Java,2022-08-25T08:09:09Z,2026-03-21T17:10:34Z,0,0,2,3708,0.045767,low,growing,1
spring-data-jpa-r2dbc-mysql-stream-million-records,https://github.com/ivangfr/spring-data-jpa-r2dbc-mysql-stream-million-records,40,14,16348,Java,2022-04-14T06:52:42Z,2026-01-09T10:16:39Z,0,0,40,196176,0.831025,low,mature,1
de.flapdoodle.embed.mongo.spring,https://github.com/flapdoodle-oss/de.flapdoodle.embed.mongo.spring,40,9,515,Java,2022-02-26T12:23:47Z,2026-03-16T16:40:26Z,7,0,255,6180,5.130785,medium,mature,4
act,https://github.com/bertilmuth/act,40,6,1920,Java,2022-06-08T14:40:13Z,2025-01-13T14:46:33Z,0,0,1400,23040,30.237581,high,growing,1
vision-camera-dynamsoft-label-recognizer,https://github.com/tony-xlh/vision-camera-dynamsoft-label-recognizer,40,5,34359,Java,2022-07-27T06:51:52Z,2025-11-13T13:37:03Z,0,0,201,412308,4.5,medium,growing,2
alkir-rahc,https://github.com/DigiLabsru/alkir-rahc,40,9,238,Java,2022-08-07T11:18:07Z,2025-12-15T21:39:38Z,0,1,37,2856,0.835214,low,growing,3
NTSPBMS715,https://github.com/natarazworld/NTSPBMS715,40,34,21531,Java,2022-04-05T02:49:19Z,2025-07-25T17:08:26Z,0,0,25,258372,0.516173,low,mature,1
AdminMasjidna,https://github.com/elhadjx/AdminMasjidna,40,0,7321,Java,2022-04-15T17:25:35Z,2025-09-27T20:22:47Z,0,0,3,87852,0.062413,low,mature,1
CullLessLeaves,https://github.com/isXander/CullLessLeaves,40,16,258,Java,2022-04-30T09:15:00Z,2025-05-10T15:58:12Z,19,4,4,3096,0.084034,low,growing,1
Interview_Heima_Demo01,https://github.com/shuhongfan/Interview_Heima_Demo01,40,12,32118,Java,2022-02-17T08:55:50Z,2026-03-15T07:21:38Z,0,0,3,385416,0.06,low,mature,1
SaltLib,https://github.com/DeexCoding/SaltLib,40,5,138,Java,2022-04-08T13:28:29Z,2025-10-23T15:33:26Z,0,0,24,1656,0.496552,low,mature,2
MCEEW,https://github.com/TenkyuChimata/MCEEW,40,0,216,Java,2022-08-14T12:44:10Z,2026-03-20T12:22:35Z,0,0,182,2592,4.130106,medium,growing,1
plugin-s3,https://github.com/halo-dev/plugin-s3,40,26,10254,Java,2022-12-22T05:14:06Z,2025-12-29T09:24:56Z,36,2,124,123048,3.120805,medium,growing,19
question-service,https://github.com/zheye-site/question-service,40,7,85,Java,2022-03-01T09:03:34Z,2025-02-28T14:35:29Z,1,0,14,1020,0.282258,low,mature,1
Pharmacy-Recommendation,https://github.com/WonYong-Jang/Pharmacy-Recommendation,40,15,10140,Java,2022-04-10T12:03:57Z,2025-01-15T04:57:09Z,1,0,79,121680,1.63674,medium,mature,1
KookBC,https://github.com/SNWCreations/KookBC,40,16,2142,Java,2022-07-23T05:49:33Z,2026-01-19T14:01:19Z,0,0,910,25704,20.3125,high,growing,6
Steam-Works,https://github.com/uujuju1/Steam-Works,40,4,116610,Java,2022-12-30T23:13:31Z,2026-03-28T13:14:15Z,0,0,677,1399320,17.168216,high,growing,2
kmttg,https://github.com/lart2150/kmttg,40,4,11015,Java,2022-05-31T13:10:04Z,2026-03-25T15:25:08Z,5,0,3746,132180,80.443808,high,growing,1
TMS246-Server,https://github.com/rage123450/TMS246-Server,40,35,4630,Java,2022-10-26T13:34:59Z,2025-12-07T17:21:33Z,13,0,11,55560,0.264211,low,growing,1
android-face-recognition,https://github.com/irhammuch/android-face-recognition,40,9,12307,Java,2022-02-27T01:58:53Z,2026-03-18T03:46:31Z,3,0,12,147684,0.241611,low,mature,1
GraduationProjectThesisManagementSystem,https://github.com/SimpleGraduationProjects/GraduationProjectThesisManagementSystem,40,4,2309,Java,2022-01-08T01:30:41Z,2025-12-29T13:57:39Z,1,0,12,27708,0.233766,low,mature,1
springboot_basic,https://github.com/castello/springboot_basic,40,23,6309,Java,2022-04-16T07:15:32Z,2026-02-17T12:57:03Z,0,0,67,75708,1.393897,medium,mature,1
litematica-server-paster,https://github.com/Fallen-Breath/litematica-server-paster,40,7,429,Java,2022-02-21T07:02:38Z,2025-12-12T19:33:24Z,0,0,105,5148,2.105615,medium,mature,1
Spark-Client,https://github.com/Spark-Client-Development/Spark-Client,40,7,7899,Java,2022-01-23T18:50:06Z,2025-07-07T17:18:16Z,4,1,302,94788,5.944882,medium,mature,6
appium-mobile-automation-framework-bdd,https://github.com/Thangarajtk/appium-mobile-automation-framework-bdd,40,25,24317,Java,2022-06-21T17:15:10Z,2025-12-11T05:44:55Z,0,0,32,291804,0.698182,low,growing,1
TSCrunch,https://github.com/tonysavon/TSCrunch,40,6,45858,Java,2022-02-27T17:29:17Z,2026-03-04T20:54:44Z,2,2,35,550296,0.705171,low,mature,1
compdfkit-pdf-sdk-android,https://github.com/ComPDFKit/compdfkit-pdf-sdk-android,40,4,775075,Java,2022-07-06T08:49:29Z,2026-03-25T11:28:11Z,3,0,106,9300900,2.336517,medium,growing,2
BigData_beauty_analysis,https://github.com/The-Joker123/BigData_beauty_analysis,40,3,2827,Java,2022-01-04T06:15:51Z,2026-03-16T09:09:38Z,1,0,20,33924,0.388601,low,mature,1
akropolis,https://github.com/devblook/akropolis,40,19,1793,Java,2022-01-26T16:38:28Z,2026-03-15T22:07:25Z,7,0,663,21516,13.068331,high,mature,14
springboot-auth,https://github.com/thedestiny/springboot-auth,40,25,12990,Java,2022-11-26T09:50:13Z,2026-03-14T10:00:40Z,1,0,275,155880,6.773399,medium,growing,1
Trustless-Authentication,https://github.com/Aizistral-Studios/Trustless-Authentication,40,2,126,Java,2022-07-15T04:17:44Z,2026-02-13T11:47:27Z,0,0,14,1512,0.310651,low,growing,1
codemodder-java,https://github.com/pixee/codemodder-java,40,7,5631,Java,2022-07-24T15:11:14Z,2026-01-12T20:09:11Z,7,11,746,67572,16.664185,high,growing,27
NavigationBar,https://github.com/super963883929/NavigationBar,39,4,330,Java,2022-03-19T14:48:52Z,2026-03-27T03:09:23Z,0,0,11,3960,0.22449,low,mature,1
ModularUI,https://github.com/CleanroomMC/ModularUI,39,49,3522,Java,2022-01-16T18:05:32Z,2026-03-20T11:56:46Z,10,3,922,42264,18.066623,high,mature,26
Animatium-Legacy,https://github.com/Legacy-Visuals-Project/Animatium-Legacy,39,8,18058,Java,2022-08-15T19:11:55Z,2026-03-28T14:45:54Z,9,1,313,216696,7.113636,medium,growing,13
simple-telegram-bot,https://github.com/DmitrijsFinaskins/simple-telegram-bot,39,30,86,Java,2022-07-11T10:02:51Z,2025-11-09T20:40:15Z,2,0,16,1032,0.353982,low,growing,1
OpenATBP,https://github.com/OpenATBP/OpenATBP,39,18,5477,Java,2022-03-18T20:01:00Z,2026-03-26T22:45:41Z,3,2,924,65724,18.857143,high,mature,6
Imersao-Alura-Java,https://github.com/PamelaRondina/Imersao-Alura-Java,39,7,16300,Java,2022-07-19T14:13:46Z,2024-05-27T17:49:07Z,0,0,160,195600,3.560831,medium,growing,1
LauncherX,https://github.com/cczheng/LauncherX,39,19,12622,Java,2022-10-03T03:47:28Z,2025-12-15T10:40:30Z,3,0,2,151464,0.04717,low,growing,1
gatling-examples-maven-java,https://github.com/gemiusz/gatling-examples-maven-java,39,9,256,Java,2022-08-06T23:14:54Z,2025-11-14T12:58:41Z,0,7,225,3072,5.079007,medium,growing,2
TV-webview,https://github.com/nocb/TV-webview,39,15,1630,Java,2022-11-12T11:40:44Z,2026-03-08T12:16:40Z,1,0,14,19560,0.340909,low,growing,1
spring-framework,https://github.com/akash-coded/spring-framework,39,36,649032,Java,2022-03-25T05:24:19Z,2026-01-25T18:00:56Z,1,20,59,7788384,1.209016,medium,mature,1
pbj,https://github.com/hashgraph/pbj,39,14,11916,Java,2022-11-05T18:11:23Z,2026-03-27T17:26:32Z,46,18,374,142992,9.063005,medium,growing,77
BabylonReactNativeSample,https://github.com/BabylonJS/BabylonReactNativeSample,39,13,29889,Java,2022-03-28T18:46:33Z,2026-01-04T07:19:23Z,3,1,44,358668,0.90411,low,mature,11
ij-ilove-devtoys,https://github.com/jonathanlermitage/ij-ilove-devtoys,39,4,2021,Java,2022-10-18T21:56:20Z,2026-03-26T23:14:57Z,5,0,114,24252,2.72293,medium,growing,1
MobWave,https://github.com/NotThorny/MobWave,39,5,101,Java,2022-09-18T02:50:04Z,2024-08-23T08:27:32Z,2,0,57,1212,1.328671,medium,growing,2
TIL-SampleProject,https://github.com/namusik/TIL-SampleProject,39,37,106686,Java,2022-02-03T06:02:21Z,2026-03-17T02:23:49Z,0,0,355,1280232,7.034346,medium,mature,2
P5R,https://github.com/Ruimusume/P5R,39,3,35309,Java,2022-10-22T21:00:21Z,2026-02-24T05:50:57Z,0,0,139,423708,3.330671,medium,growing,1
Clean-Architecture-Simplified,https://github.com/LuanPSantos/Clean-Architecture-Simplified,39,6,502,Java,2022-04-10T18:57:40Z,2025-11-10T12:47:16Z,0,0,20,6024,0.414651,low,mature,1
shared-resources,https://github.com/enjarai/shared-resources,39,4,367,Java,2022-08-10T19:24:56Z,2026-01-21T15:48:19Z,16,0,117,4404,2.649057,medium,growing,4
touhou-pixel-dungeon-reloaded,https://github.com/tpd0618/touhou-pixel-dungeon-reloaded,39,7,197139,Java,2022-09-19T21:00:01Z,2026-03-23T08:24:24Z,0,0,145,2365668,3.385214,medium,growing,3
MCMacOSInputFixes,https://github.com/hamarb123/MCMacOSInputFixes,39,11,311,Java,2022-09-21T22:58:01Z,2026-03-27T12:23:58Z,12,0,80,3732,1.870616,medium,growing,5
Easy-ML-For-Java,https://github.com/tomLamprecht/Easy-ML-For-Java,39,5,407,Java,2022-12-02T12:50:15Z,2026-02-10T11:12:15Z,5,0,153,4884,3.787129,medium,growing,3
sric,https://github.com/sric-language/sric,39,4,1174,Java,2022-09-29T13:00:24Z,2026-03-25T15:20:30Z,3,1,309,14088,7.26489,medium,growing,2
vben-java,https://github.com/zsvg-com/vben-java,39,18,36598,Java,2022-01-01T11:13:23Z,2026-03-24T07:11:52Z,2,0,20,439176,0.387847,low,mature,2
graphql_event_app,https://github.com/spring2go/graphql_event_app,39,21,517,Java,2022-01-06T10:39:32Z,2025-08-26T20:00:14Z,0,0,33,6204,0.642023,low,mature,0
Disintegration,https://github.com/zeutd/Disintegration,39,4,2926,Java,2022-07-19T13:25:15Z,2026-02-18T13:10:28Z,2,0,138,35112,3.071217,medium,growing,2
Imit_Bilibili,https://github.com/LanMeiX/Imit_Bilibili,39,6,1622,Java,2022-06-09T07:45:32Z,2026-02-12T08:47:34Z,1,0,2,19464,0.043228,low,growing,1
GoldenForge,https://github.com/GoldenForge/GoldenForge,39,3,126086,Java,2022-10-15T19:37:13Z,2026-02-07T20:42:44Z,8,0,9599,1513032,228.72915,high,growing,518
addon-template,https://github.com/LabyMod/addon-template,39,14,123,Java,2022-08-07T12:15:10Z,2026-03-11T07:03:11Z,0,0,73,1476,1.647856,medium,growing,15
mc-protocol,https://github.com/derklaro/mc-protocol,39,1,649,Java,2022-05-13T16:49:40Z,2026-03-27T09:06:54Z,1,7,53,7788,1.123675,medium,growing,1
EasyMapper,https://github.com/EasyMapper/EasyMapper,39,3,471,Java,2022-10-03T13:20:26Z,2026-01-14T06:01:53Z,4,0,255,5652,6.014151,medium,growing,3
Minecraft-Bedrock-Formation-Finder-1.18,https://github.com/Developer-Mike/Minecraft-Bedrock-Formation-Finder-1.18,39,7,2894,Java,2022-03-05T08:22:24Z,2026-02-28T09:33:38Z,3,0,12,34728,0.242588,low,mature,1
IdentityHub,https://github.com/eclipse-edc/IdentityHub,39,53,6499,Java,2022-06-02T14:10:48Z,2026-03-25T11:11:40Z,15,0,669,77988,14.387097,high,growing,49
OmegaPixelMOTD,https://github.com/MrUniverse44/OmegaPixelMOTD,39,3,4820,Java,2022-05-13T19:19:59Z,2025-03-27T23:27:40Z,2,5,26,57840,0.551627,low,growing,7
java-data-view,https://github.com/baiyz0825/java-data-view,39,3,91117,Java,2022-11-26T09:03:52Z,2025-12-24T13:48:03Z,1,0,101,1093404,2.487685,medium,growing,1
Spring-Boot-E-Commerce-Tutorial,https://github.com/backslashprogramming/Spring-Boot-E-Commerce-Tutorial,39,12,113,Java,2022-10-27T17:57:19Z,2026-03-03T10:59:55Z,0,0,17,1356,0.408982,low,growing,1
configured,https://github.com/CarmJos/configured,39,9,1612,Java,2022-04-16T16:17:57Z,2026-03-26T14:37:09Z,3,4,449,19344,9.341193,medium,mature,5
Algo-a-Thon,https://github.com/CodeMacrocosm/Algo-a-Thon,39,90,459,Java,2022-10-05T14:55:52Z,2025-10-31T22:42:16Z,0,0,471,5508,11.125984,high,growing,91
idea-serverless,https://github.com/imaegoo/idea-serverless,39,1,338,Java,2022-07-12T07:19:11Z,2025-12-01T11:20:05Z,0,0,74,4056,1.638376,medium,growing,2
easy-code-screenshots,https://github.com/0x3C50/easy-code-screenshots,39,8,191,Java,2022-08-26T14:15:11Z,2025-12-09T13:43:04Z,5,0,27,2292,0.618321,low,growing,4
static-chain-analysis,https://github.com/F-JH/static-chain-analysis,39,15,347,Java,2022-06-17T09:36:52Z,2026-02-12T22:28:15Z,5,0,7,4164,0.152174,low,growing,1
PizzaWatchFace,https://github.com/SebastianSarbu/PizzaWatchFace,39,6,518,Java,2022-02-20T07:14:24Z,2024-12-17T01:32:01Z,0,0,4,6216,0.08016,low,mature,2
vocsy_epub_viewer,https://github.com/kaushikgodhani/vocsy_epub_viewer,39,96,3054,Java,2022-02-08T06:23:55Z,2026-01-20T11:01:42Z,33,2,54,36648,1.073559,medium,mature,6
Fabricated-Legacy-Forge,https://github.com/FabricCompatibilityLayers/Fabricated-Legacy-Forge,39,7,22995,Java,2022-04-10T13:54:10Z,2026-01-21T15:48:23Z,7,0,236,275940,4.889503,medium,mature,4
micro-admin-videos-java,https://github.com/codeedu/micro-admin-videos-java,39,14,398,Java,2022-04-25T16:17:31Z,2025-09-15T03:39:47Z,0,0,134,4776,2.805304,medium,growing,3
cccbridge,https://github.com/tweaked-programs/cccbridge,39,23,10401,Java,2022-08-04T14:20:08Z,2026-03-25T21:44:43Z,10,0,151,124812,3.400901,medium,growing,9
FSPML,https://github.com/FSPML/FSPML,38,8,38689,Java,2022-11-20T14:18:24Z,2025-03-30T16:50:29Z,0,0,5,464268,0.122549,low,growing,1
FiboRuleLite,https://github.com/FiboAI/FiboRuleLite,38,23,4624,Java,2022-12-27T09:42:48Z,2025-12-17T11:45:59Z,1,0,154,55488,3.892165,medium,growing,5
HotelFX,https://github.com/AbdelrahmanBayoumi/HotelFX,38,16,29167,Java,2022-03-10T01:05:40Z,2026-02-23T08:37:23Z,0,0,6,350004,0.121704,low,mature,1
spring-iap,https://github.com/zhongzichang/spring-iap,38,11,134,Java,2022-04-23T10:11:10Z,2025-12-18T03:05:46Z,0,0,52,1608,1.087108,medium,growing,3
yorm,https://github.com/naynecoder/yorm,38,3,136,Java,2022-03-15T21:25:20Z,2026-03-01T19:09:18Z,0,1,99,1632,2.016293,medium,mature,4
ToolStats,https://github.com/hyperdefined/ToolStats,38,11,1286,Java,2022-01-28T18:22:14Z,2026-03-07T02:04:59Z,5,0,466,15432,9.203423,medium,mature,1
hackerrank,https://github.com/sonmez-hakan/hackerrank,38,6,217,Java,2022-07-17T18:36:21Z,2026-03-24T12:23:19Z,0,0,79,2604,1.756857,medium,growing,1
SnapCode,https://github.com/reportmill/SnapCode,38,2,8760,Java,2022-11-22T20:05:10Z,2026-03-26T19:52:43Z,10,0,1770,105120,43.488943,high,growing,2
tbclient.protobuf,https://github.com/n0099/tbclient.protobuf,38,7,14060,Java,2022-04-13T14:43:57Z,2026-03-24T18:15:15Z,7,0,61,168720,1.266436,medium,mature,1
GOGOPic,https://github.com/Awoodwhale/GOGOPic,38,4,1110,Java,2022-02-01T08:41:04Z,2025-11-13T05:49:47Z,0,0,32,13320,0.633245,low,mature,1
zip-tools,https://github.com/woodpecker-appstore/zip-tools,38,5,1618,Java,2022-02-04T10:50:24Z,2025-07-24T07:27:45Z,0,0,7,19416,0.138797,low,mature,1
Centuria,https://github.com/OpenFeral/Centuria,38,9,35898,Java,2022-08-01T23:51:07Z,2026-02-05T08:10:01Z,27,0,447,430776,10.052474,high,growing,6
qiwen-stock,https://github.com/qiwenshare/qiwen-stock,38,18,233,Java,2022-02-18T15:17:15Z,2026-03-15T16:03:58Z,1,0,50,2796,1.000667,medium,mature,2
spring-boot-anyDemo,https://github.com/QiaochunStudio/spring-boot-anyDemo,38,20,5979,Java,2022-07-15T01:01:34Z,2024-12-29T15:26:26Z,3,0,97,71748,2.152367,medium,growing,2
MinecraftPlayerCrasher,https://github.com/Bram1903/MinecraftPlayerCrasher,38,3,2494,Java,2022-07-27T02:43:30Z,2026-03-15T21:58:04Z,2,0,184,29928,4.119403,medium,growing,1
flink-bigquery-connector,https://github.com/GoogleCloudDataproc/flink-bigquery-connector,38,26,1193,Java,2022-02-26T01:57:36Z,2026-03-27T17:43:36Z,11,5,194,14316,3.903421,medium,mature,42
nb-javac-android,https://github.com/AndroidIDEOfficial/nb-javac-android,38,13,4488,Java,2022-04-20T17:15:16Z,2026-03-01T21:53:41Z,0,0,56,53856,1.169102,medium,growing,1
codelab-geospatial,https://github.com/google-ar/codelab-geospatial,38,39,735,Java,2022-05-10T23:40:37Z,2025-10-16T07:45:26Z,13,4,2,8820,0.042343,low,growing,2
CVE-2021-43297-POC,https://github.com/bitterzzZZ/CVE-2021-43297-POC,38,8,363,Java,2022-01-17T12:26:18Z,2023-12-11T06:17:39Z,0,0,6,4356,0.11757,low,mature,1
space-rover-mission,https://github.com/OpenLiberty/space-rover-mission,38,7,370389,Java,2022-01-24T14:59:28Z,2025-10-11T05:44:04Z,14,2,189,4444668,3.720472,medium,mature,145
Pepcoding-FJP-05,https://github.com/kartikeyaGUPTA45/Pepcoding-FJP-05,38,19,213,Java,2022-02-13T14:40:19Z,2025-07-04T03:48:35Z,0,0,212,2556,4.228723,medium,mature,1
BetterCommandBlockUI,https://github.com/Tectato/BetterCommandBlockUI,38,10,397,Java,2022-08-17T14:23:39Z,2026-03-26T13:39:59Z,18,0,64,4764,1.455648,medium,growing,7
KeepMyPassword-Desktop,https://github.com/xEdziu/KeepMyPassword-Desktop,38,62,543,Java,2022-02-17T17:09:10Z,2025-10-28T15:46:43Z,0,0,319,6516,6.384256,medium,mature,60
jdk19,https://github.com/openjdk/jdk19,38,55,1038548,Java,2022-06-09T06:30:21Z,2026-02-12T13:01:35Z,0,0,69523,12462576,1502.658501,high,growing,128
HuYanSession,https://github.com/Moyuyanli/HuYanSession,38,5,1722,Java,2022-06-10T12:55:36Z,2025-06-30T19:10:58Z,0,0,253,20664,5.472242,medium,growing,2
camunda-ddd-and-clean-architecture,https://github.com/lwluc/camunda-ddd-and-clean-architecture,38,8,49247,Java,2022-05-01T16:37:28Z,2026-03-04T22:39:41Z,0,2,39,590964,0.819902,low,growing,1
Settings,https://github.com/Pico-4/Settings,38,3,734,Java,2022-12-06T19:36:11Z,2026-01-18T07:33:01Z,0,0,12,8808,0.29826,low,growing,1
Leaf,https://github.com/Smudgge/Leaf,38,9,1774,Java,2022-11-26T19:56:30Z,2026-01-21T10:19:47Z,18,0,416,21288,10.254725,high,growing,6
idaas-pdk,https://github.com/tapdata/idaas-pdk,38,10,5030,Java,2022-03-03T17:04:40Z,2025-11-26T09:15:00Z,21,1,283,60360,5.713324,medium,mature,7
MC-Session-Stealer,https://github.com/shurp3/MC-Session-Stealer,38,26,115,Java,2022-11-02T20:49:00Z,2026-03-16T21:43:13Z,9,1,3,1380,0.072522,low,growing,1
DS-2002,https://github.com/JTupitza-UVA/DS-2002,38,216,510509,Java,2022-08-24T15:08:18Z,2026-03-15T13:20:49Z,0,1,252,6126108,5.762195,medium,growing,1
topjava,https://github.com/JavaWebinar/topjava,38,168,360,Java,2022-01-26T23:28:28Z,2026-03-26T11:05:06Z,1,0,80,4320,1.577909,medium,mature,3
DACSept2022Batch,https://github.com/nileshshirkemet/DACSept2022Batch,38,22,133076,Java,2022-09-26T10:16:22Z,2025-11-10T10:02:39Z,0,0,163,1596912,3.823299,medium,growing,1
Medical,https://github.com/Jay-l23/Medical,38,9,1777,Java,2022-11-07T10:42:57Z,2026-02-15T14:56:39Z,0,0,1,21324,0.024252,low,growing,1
testcontainers-auto-services-prototype,https://github.com/joshlong/testcontainers-auto-services-prototype,38,12,85,Java,2022-01-14T22:08:43Z,2024-10-12T08:03:45Z,0,0,14,1020,0.273973,low,mature,3
mashup-server,https://github.com/mash-up-kr/mashup-server,38,2,10729,Java,2022-01-20T10:52:02Z,2026-03-11T10:51:57Z,0,0,1447,128748,28.409686,high,mature,100
netflix-dgs-example-java,https://github.com/springmonster/netflix-dgs-example-java,38,3,1020,Java,2022-04-22T01:57:07Z,2026-02-26T11:23:16Z,0,1,108,12240,2.256267,medium,growing,2
MC-Replay,https://github.com/MC-Replay/MC-Replay,38,6,35793,Java,2022-08-18T18:14:17Z,2026-03-15T22:31:24Z,2,0,179,429516,4.077449,medium,growing,2
springboot-all,https://github.com/qiuChengleiy/springboot-all,38,9,191,Java,2022-04-26T01:48:35Z,2026-02-13T05:02:55Z,0,0,55,2292,1.152235,medium,growing,2
Full-Stack-Quarkus-and-React,https://github.com/PacktPublishing/Full-Stack-Quarkus-and-React,38,27,883,Java,2022-02-01T10:02:50Z,2026-01-16T10:38:53Z,0,0,23,10596,0.455145,low,mature,8
spring-boot-hotel-manager-public,https://github.com/ynwynw/spring-boot-hotel-manager-public,38,6,5148,Java,2022-05-25T07:47:24Z,2026-01-29T13:56:42Z,0,0,11,61776,0.23521,low,growing,1
Fall,https://github.com/Gh05t-1337/Fall,38,2,593,Java,2022-04-02T17:35:37Z,2026-03-22T12:01:03Z,1,0,31,7116,0.639175,low,mature,1
OTN,https://github.com/L-Belluomini/OTN,37,5,23195,Java,2022-01-29T08:31:50Z,2026-03-18T21:57:14Z,9,1,216,278340,4.265964,medium,mature,2
2022-moragora,https://github.com/woowacourse-teams/2022-moragora,37,7,5704,Java,2022-06-28T01:42:06Z,2024-12-18T04:47:22Z,12,3,257,68448,5.631848,medium,growing,7
vinyl,https://github.com/davery22/vinyl,37,0,641,Java,2022-10-18T23:02:11Z,2025-05-02T02:56:26Z,0,0,58,7692,1.38535,medium,growing,1
pideploy,https://github.com/DesktopECHO/pideploy,37,1,28674,Java,2022-10-21T22:30:11Z,2025-12-27T09:12:49Z,0,0,35,344088,0.837989,low,growing,1
TravelWebsite_BigDataAnalysis,https://github.com/jarlor/TravelWebsite_BigDataAnalysis,37,1,654,Java,2022-03-09T12:16:05Z,2025-12-27T14:33:40Z,1,0,68,7848,1.378378,medium,mature,2
PersonalConnectionMap,https://github.com/littletreeSun/PersonalConnectionMap,37,7,202,Java,2022-07-22T09:07:47Z,2026-03-15T13:27:27Z,0,0,17,2424,0.379182,low,growing,1
EpicSpellsPlugin,https://github.com/M0rica/EpicSpellsPlugin,37,8,131,Java,2022-04-24T13:32:36Z,2025-04-05T23:35:57Z,4,0,103,1572,2.154812,medium,growing,1
AutoResConfig,https://github.com/RikkaApps/AutoResConfig,37,7,94,Java,2022-03-04T16:11:52Z,2025-08-23T20:39:11Z,0,1,13,1128,0.262626,low,mature,2
Perspective,https://github.com/danopdev/Perspective,37,6,14550,Java,2022-02-16T13:02:53Z,2026-03-11T01:08:31Z,3,0,119,174600,2.378414,medium,mature,2
sap-commerce-db-sync,https://github.com/SAP/sap-commerce-db-sync,37,14,3123,Java,2022-11-04T03:22:13Z,2026-03-19T12:50:44Z,16,1,62,37476,1.5,medium,growing,657
meteor-e621-integration,https://github.com/AntiCope/meteor-e621-integration,37,11,130,Java,2022-02-09T09:31:19Z,2026-02-25T07:42:51Z,10,3,24,1560,0.477454,low,mature,5
data-mesh-demo,https://github.com/GoogleCloudPlatform/data-mesh-demo,37,13,216,Java,2022-10-14T18:44:46Z,2026-01-21T20:28:17Z,0,0,7,2592,0.166667,low,growing,467
java-yuding,https://github.com/hzl0898/java-yuding,37,5,427,Java,2022-04-10T09:50:48Z,2026-03-11T09:24:29Z,0,0,5,5124,0.103591,low,mature,1
java-springboot-paddleocr-v2,https://github.com/jiangnanboy/java-springboot-paddleocr-v2,37,6,610,Java,2022-12-09T12:18:56Z,2025-12-23T03:50:18Z,3,0,5,7320,0.124481,low,growing,1
pth-framework-master,https://github.com/pth-cocoon/pth-framework-master,37,3,167,Java,2022-11-15T07:19:22Z,2025-08-30T16:07:09Z,0,0,57,2004,1.391375,medium,growing,1
leetcode-java,https://github.com/cheehwatang/leetcode-java,37,12,1409,Java,2022-09-03T02:31:55Z,2025-09-13T13:46:00Z,0,0,1143,16908,26.336406,high,growing,1
OMN,https://github.com/mvbasov/OMN,37,7,1539,Java,2022-12-22T20:27:53Z,2026-03-03T22:06:50Z,1,0,504,18468,12.695214,high,growing,1
VaultPatcher,https://github.com/3093FengMing/VaultPatcher,37,10,2277,Java,2022-12-20T10:31:03Z,2026-03-27T03:35:13Z,0,0,234,27324,5.879397,medium,growing,6
Kalunga-Stream-App,https://github.com/SnowStar0423/Kalunga-Stream-App,37,0,5590,Java,2022-01-09T09:44:21Z,2025-10-28T14:27:23Z,0,0,2,67080,0.038986,low,mature,1
filter-sarif,https://github.com/advanced-security/filter-sarif,37,9,88,Java,2022-07-26T05:50:37Z,2026-03-11T16:12:33Z,2,1,33,1056,0.738255,low,growing,15
ShoppingSystem,https://github.com/Atreus1125/ShoppingSystem,37,18,5886,Java,2022-02-10T10:05:25Z,2026-03-26T09:17:09Z,0,0,8,70632,0.159257,low,mature,1
vblog,https://github.com/Jzjzzzz/vblog,37,7,24942,Java,2022-07-19T09:16:21Z,2026-02-09T07:48:06Z,2,1,172,299304,3.827893,medium,growing,1
Educational-Tech-Exploration,https://github.com/ratnesh-maurya/Educational-Tech-Exploration,37,188,42343,Java,2022-10-01T17:05:04Z,2025-12-09T04:50:05Z,4,3,876,508116,20.644148,high,growing,239
SpringInspector,https://github.com/j5s/SpringInspector,37,68,154,Java,2022-01-24T13:16:50Z,2025-12-08T03:53:12Z,0,0,35,1848,0.688976,low,mature,2
Flight-Management-system,https://github.com/rudra2027/Flight-Management-system,37,12,50191,Java,2022-04-19T08:54:49Z,2025-09-29T04:20:08Z,0,0,12,602292,0.250174,low,growing,1
Bookwyrm_Android,https://github.com/PrivacyDragon/Bookwyrm_Android,37,1,47706,Java,2022-02-14T18:58:46Z,2025-11-06T13:54:35Z,3,0,39,572472,0.778961,low,mature,2
Cognizant-GenC-Learn,https://github.com/sajidali351/Cognizant-GenC-Learn,37,21,1119,Java,2022-01-12T10:00:26Z,2026-01-14T20:54:38Z,1,0,18,13428,0.351562,low,mature,1
VideoStationServer,https://github.com/KotokawaAkira/VideoStationServer,37,12,94,Java,2022-11-13T06:02:07Z,2026-03-11T12:10:19Z,0,0,3,1128,0.073111,low,growing,1
Application,https://github.com/wwwAngHua/Application,37,8,43946,Java,2022-05-09T03:25:16Z,2026-01-24T09:14:58Z,4,0,28,527352,0.591966,low,growing,3
Powah,https://github.com/Technici4n/Powah,37,33,6166,Java,2022-05-30T18:41:57Z,2026-01-23T22:45:05Z,43,9,303,73992,6.5068,medium,growing,32
PolyU-COMP-Work,https://github.com/David200308/PolyU-COMP-Work,37,4,529794,Java,2022-02-16T06:18:46Z,2026-03-19T00:05:09Z,1,0,141,6357528,2.818121,medium,mature,1
logging-tracer,https://github.com/lzhpo/logging-tracer,37,11,524,Java,2022-06-14T11:15:06Z,2026-03-18T04:28:56Z,0,0,119,6288,2.581345,medium,growing,1
Hexagonal_Architecture_Article,https://github.com/KevinDupeyrat/Hexagonal_Architecture_Article,37,16,349,Java,2022-04-03T20:33:15Z,2025-03-26T01:57:56Z,0,0,12,4188,0.247593,low,mature,1
nativejdb,https://github.com/nativejdb/nativejdb,37,6,51028,Java,2022-02-11T21:57:37Z,2025-10-11T16:11:27Z,18,1,105,612336,2.093023,medium,mature,6
maimaidx-prober-updater-android,https://github.com/bakapiano/maimaidx-prober-updater-android,37,3,326,Java,2022-11-01T16:20:06Z,2026-03-27T10:58:55Z,3,2,35,3912,0.84473,low,growing,4
smart-servlet,https://github.com/smartboot/smart-servlet,37,6,8397,Java,2022-10-28T01:20:57Z,2026-03-17T03:17:27Z,0,0,920,100764,22.133119,high,growing,2
sqllineage4j,https://github.com/reata/sqllineage4j,37,13,132,Java,2022-10-10T16:01:01Z,2025-12-06T09:50:26Z,0,0,35,1584,0.83004,low,growing,1
mysterious,https://github.com/100ZZ/mysterious,37,15,5178,Java,2022-03-26T14:48:48Z,2026-02-07T01:11:51Z,5,0,235,62136,4.818865,medium,mature,1
ProjectExpansion,https://github.com/DonovanDMC/ProjectExpansion,37,19,8734,Java,2022-02-11T11:33:22Z,2026-02-18T00:36:22Z,0,0,50,104808,0.996016,low,mature,4
PaddleOCR-json-java-api,https://github.com/jerrylususu/PaddleOCR-json-java-api,37,12,102,Java,2022-09-12T12:31:56Z,2026-01-13T10:50:08Z,0,0,35,1224,0.812065,low,growing,1
MHTML-Viewer,https://github.com/MistralMireille/MHTML-Viewer,37,5,390,Java,2022-01-02T00:22:14Z,2026-03-16T11:59:52Z,1,0,46,4680,0.892626,low,mature,1
Spring-Security,https://github.com/lokeshgupta1981/Spring-Security,37,47,115,Java,2022-05-23T16:53:19Z,2026-02-27T06:31:50Z,0,0,35,1380,0.747331,low,growing,2
EndlessIDs,https://github.com/GTMEGA/EndlessIDs,37,10,12196,Java,2022-03-17T21:56:04Z,2026-03-09T13:47:11Z,54,0,401,146352,8.17811,medium,mature,12
mapmaker,https://github.com/hollow-cube/mapmaker,37,1,47560,Java,2022-09-26T03:59:40Z,2026-03-26T10:44:00Z,78,7,2527,570720,59.272869,high,growing,16
hurdy-gurdy,https://github.com/CourseOrchestra/hurdy-gurdy,37,4,496,Java,2022-01-16T17:34:56Z,2026-03-18T16:28:50Z,0,10,384,5952,7.524494,medium,mature,8
eclipse.pde,https://github.com/eclipse-pde/eclipse.pde,37,123,134296,Java,2022-04-01T08:21:41Z,2026-03-27T18:24:33Z,276,69,20392,1611552,419.876458,high,mature,182
fastcampus-mysql,https://github.com/koogk7/fastcampus-mysql,37,62,153,Java,2022-08-07T14:47:26Z,2026-01-17T15:54:10Z,0,0,24,1836,0.541761,low,growing,1
auditory,https://github.com/Sydokiddo/auditory,37,14,981,Java,2022-05-25T04:49:14Z,2025-11-11T18:50:07Z,15,3,71,11772,1.518175,medium,growing,4
bank-solution,https://github.com/dogaanismail/bank-solution,37,17,430,Java,2022-03-14T15:46:12Z,2026-02-10T10:29:48Z,1,0,70,5160,1.423729,medium,mature,1
ShizukuHackApi,https://github.com/zacharee/ShizukuHackApi,37,5,307,Java,2022-10-06T05:34:16Z,2026-03-26T09:53:56Z,0,0,117,3684,2.765957,medium,growing,1
BlockRacing,https://github.com/LQSnow/BlockRacing,36,7,50655,Java,2022-12-12T10:26:01Z,2026-03-04T02:58:02Z,0,0,101,607860,2.520799,medium,growing,3
LambdaTest-Selenium4-Java-Tutorial,https://github.com/AutomateThePlanet/LambdaTest-Selenium4-Java-Tutorial,36,32,1275,Java,2022-01-13T13:18:10Z,2025-02-16T08:08:48Z,0,0,26,15300,0.508143,low,mature,1
Rent-A-Car-Project,https://github.com/Yuksel-Can/Rent-A-Car-Project,36,3,11437,Java,2022-02-21T17:35:02Z,2026-02-06T06:56:51Z,0,0,59,137244,1.183946,medium,mature,1
DataStructures-And-Algorithm,https://github.com/N0vice17/DataStructures-And-Algorithm,36,45,350,Java,2022-09-11T13:49:07Z,2026-01-04T19:23:26Z,2,0,279,4200,6.468315,medium,growing,45
AIOMacro,https://github.com/JackTYM/AIOMacro,36,7,497,Java,2022-06-02T19:16:08Z,2026-01-29T09:06:20Z,7,0,94,5964,2.022956,medium,growing,2
hayishu-cloud,https://github.com/zhangjunhui6/hayishu-cloud,36,5,1933,Java,2022-04-18T14:58:24Z,2026-03-15T11:29:18Z,0,0,4,23196,0.083333,low,mature,1
nifty-modbus,https://github.com/SolarNetwork/nifty-modbus,36,9,1103,Java,2022-11-28T05:50:48Z,2026-02-22T19:14:33Z,1,0,285,13236,7.03125,medium,growing,1
KT-Chat,https://github.com/KimTou/KT-Chat,36,5,1109,Java,2022-06-13T15:32:47Z,2025-12-24T08:09:01Z,3,0,24,13308,0.520231,low,growing,1
kate,https://github.com/nullishamy/kate,36,3,17880,Java,2022-05-12T00:14:24Z,2026-03-09T22:35:07Z,0,0,184,214560,3.898305,medium,growing,3
capacitor-camera-preview,https://github.com/Cap-go/capacitor-camera-preview,36,27,5001,Java,2022-12-03T06:34:22Z,2026-03-25T06:20:54Z,2,1,1584,60012,39.240297,high,growing,49
magazine-search-demo,https://github.com/vectara/magazine-search-demo,36,2,1555,Java,2022-10-08T21:30:57Z,2025-01-26T02:17:56Z,0,1,19,18660,0.450237,low,growing,4
devops-fully-automated,https://github.com/cvamsikrishna11/devops-fully-automated,36,552,180,Java,2022-11-23T17:36:28Z,2025-11-24T21:37:16Z,0,2,125,2160,3.07377,medium,growing,1
ufcg,https://github.com/steineggerlab/ufcg,36,0,74582,Java,2022-01-11T06:08:23Z,2026-03-20T07:38:25Z,21,0,205,894984,4.001301,medium,mature,7
webflux-patterns,https://github.com/vinsguru/webflux-patterns,36,45,27501,Java,2022-04-23T19:18:22Z,2026-02-18T08:43:19Z,1,0,8,330012,0.167364,low,growing,1
lightweight-rate-limiter,https://github.com/Redick01/lightweight-rate-limiter,36,11,1106,Java,2022-06-01T14:54:01Z,2026-03-15T14:12:16Z,0,0,39,13272,0.838109,low,growing,1
LibDB,https://github.com/DeepSoftwareAnalytics/LibDB,36,5,99,Java,2022-03-28T16:21:33Z,2025-10-31T07:46:31Z,2,0,2,1188,0.041068,low,mature,1
kiota-java,https://github.com/microsoft/kiota-java,36,30,5241,Java,2022-05-18T16:53:52Z,2026-03-27T02:21:39Z,13,0,4347,62892,92.489362,high,growing,37
MyStation3,https://github.com/zealrussell/MyStation3,36,12,73913,Java,2022-05-10T06:26:47Z,2026-01-04T16:34:44Z,0,0,13,886956,0.275035,low,growing,1
AnimeArcaneGAN_Mobile,https://github.com/juanjaho/AnimeArcaneGAN_Mobile,36,9,33681,Java,2022-02-07T18:36:50Z,2026-01-21T11:06:03Z,0,0,46,404172,0.914513,low,mature,1
LockPattern,https://github.com/SnowStar0423/LockPattern,36,1,267,Java,2022-01-07T17:21:17Z,2025-10-28T14:27:23Z,0,0,5,3204,0.097403,low,mature,1
pulsar-io-lakehouse,https://github.com/streamnative/pulsar-io-lakehouse,36,25,1298,Java,2022-04-26T13:39:54Z,2026-03-09T01:54:10Z,15,13,64,15576,1.340782,medium,growing,25
Discord4Fabric,https://github.com/Reimnop/Discord4Fabric,36,27,341,Java,2022-06-03T19:21:51Z,2025-12-31T15:57:29Z,35,3,201,4092,4.328787,medium,growing,13
Aprendendo_POO_de_uma_vez_por_todas_test,https://github.com/cami-la/Aprendendo_POO_de_uma_vez_por_todas_test,36,3,1142,Java,2022-12-04T20:51:01Z,2025-05-01T09:50:45Z,1,0,7,13704,0.173697,low,growing,1
trace-recorder,https://github.com/Cw404/trace-recorder,36,4,1381,Java,2022-05-10T06:30:28Z,2025-11-28T09:03:23Z,1,0,273,16572,5.77574,medium,growing,1
Hotel-Reservation-Application,https://github.com/SameetAsadullah/Hotel-Reservation-Application,36,16,19925,Java,2022-08-16T21:07:49Z,2026-02-22T12:23:55Z,0,0,19,239100,0.432146,low,growing,1
VanillaPermissions,https://github.com/DrexHD/VanillaPermissions,36,5,282,Java,2022-10-06T22:39:12Z,2026-03-25T10:40:20Z,3,0,77,3384,1.821767,medium,growing,3
springboot-kubernetes-youtube-series,https://github.com/sivaprasadreddy/springboot-kubernetes-youtube-series,36,42,335,Java,2022-06-21T10:58:14Z,2026-01-10T21:32:37Z,1,11,30,4020,0.65407,low,growing,2
BurpText4ShellScan,https://github.com/A0WaQ4/BurpText4ShellScan,36,2,771,Java,2022-12-07T08:59:55Z,2026-01-21T08:03:23Z,0,0,35,9252,0.869925,low,growing,1
expo-e2e-demo,https://github.com/calitb/expo-e2e-demo,36,3,652,Java,2022-01-15T01:21:05Z,2024-03-06T11:39:28Z,1,0,7,7824,0.136986,low,mature,2
spring-cloud-apisix,https://github.com/galaxy-sea/spring-cloud-apisix,36,8,103,Java,2022-10-06T04:16:42Z,2025-04-19T17:45:06Z,0,0,14,1236,0.330969,low,growing,2
kafka-questdb-connector,https://github.com/questdb/kafka-questdb-connector,36,5,862,Java,2022-09-22T15:52:53Z,2026-03-10T16:01:15Z,5,0,221,10344,5.167576,medium,growing,5
BluetoothLowEnergySample,https://github.com/friyiajr/BluetoothLowEnergySample,36,29,463,Java,2022-08-01T18:01:21Z,2025-10-08T05:30:41Z,0,0,7,5556,0.157421,low,growing,1
2022-levellog,https://github.com/woowacourse-teams/2022-levellog,36,7,5805,Java,2022-06-28T01:40:43Z,2025-02-03T05:39:43Z,18,1,273,69660,5.982469,medium,growing,7
Xibao-Plus-Plus,https://github.com/GregTaoo/Xibao-Plus-Plus,36,8,4480,Java,2022-08-12T12:48:00Z,2025-02-15T18:02:43Z,2,0,39,53760,0.883686,low,growing,3
qing-gateway,https://github.com/conghuhu/qing-gateway,36,16,7067,Java,2022-05-06T11:14:18Z,2025-09-26T02:49:46Z,13,0,44,84804,0.92827,low,growing,3
jpa-basic,https://github.com/madvirus/jpa-basic,36,21,167,Java,2022-04-06T14:44:45Z,2026-03-23T23:57:41Z,0,0,31,2004,0.640496,low,mature,1
group-ironmen-tracker,https://github.com/christoabrown/group-ironmen-tracker,36,31,117,Java,2022-04-19T06:29:14Z,2026-03-28T02:57:34Z,51,2,38,1404,0.792217,low,growing,5
real-world-springboot-vue.js,https://github.com/kkminseok/real-world-springboot-vue.js,36,8,5215,Java,2022-09-07T13:52:17Z,2025-08-04T08:26:59Z,0,0,247,62580,5.708783,medium,growing,1
easy-deploy,https://github.com/lin2j/easy-deploy,36,14,35855,Java,2022-05-07T03:14:18Z,2026-01-27T11:11:51Z,9,0,173,430260,3.652357,medium,growing,1
Kuvel,https://github.com/AzisabaNetwork/Kuvel,36,2,198,Java,2022-03-22T09:56:50Z,2026-03-03T13:32:57Z,2,12,91,2376,1.860941,medium,mature,11
oreganized,https://github.com/TeamGalena/oreganized,36,20,27240,Java,2022-06-04T17:42:33Z,2026-03-23T21:14:28Z,67,1,558,326880,12.025862,high,growing,28
quarkus-dapr,https://github.com/quarkiverse/quarkus-dapr,36,19,412,Java,2022-04-18T14:20:45Z,2026-03-27T01:39:55Z,10,9,292,4944,6.083333,medium,mature,38
BetterStructures,https://github.com/MagmaGuy/BetterStructures,36,13,486,Java,2022-07-10T05:15:00Z,2026-03-19T22:05:28Z,34,1,115,5832,2.542373,medium,growing,5
MixBukkit,https://github.com/DragonCommissions/MixBukkit,35,3,3057,Java,2022-03-11T07:59:05Z,2026-02-20T03:43:28Z,4,0,43,36684,0.872801,low,mature,4
eas-tests-example,https://github.com/expo/eas-tests-example,35,3,955,Java,2022-08-18T08:11:08Z,2026-02-14T06:36:06Z,2,0,13,11460,0.295903,low,growing,22
mqtt-demo,https://github.com/AliwareMQ/mqtt-demo,35,25,637,Java,2022-10-09T03:15:44Z,2026-03-02T06:34:53Z,3,0,33,7644,0.781991,low,growing,3
maven-tutorial,https://github.com/marcobehlerjetbrains/maven-tutorial,35,141,272,Java,2022-03-23T14:18:57Z,2026-03-17T07:13:45Z,1,4,5,3264,0.102319,low,mature,1
exam-registration-system,https://github.com/Gao-Ge-Ryan/exam-registration-system,35,5,95370,Java,2022-05-21T12:27:47Z,2025-11-06T10:19:57Z,0,0,32,1144440,0.682303,low,growing,1
hxds,https://github.com/a-noah2021/hxds,35,22,660,Java,2022-10-04T05:59:41Z,2026-03-26T05:08:43Z,2,0,114,7920,2.690795,medium,growing,1
NexEngine-spigot,https://github.com/nulli0n/NexEngine-spigot,35,32,713,Java,2022-01-02T10:51:32Z,2025-11-30T04:04:52Z,1,1,91,8556,1.765847,medium,mature,6
chill,https://github.com/bigskysoftware/chill,35,4,527,Java,2022-05-03T20:56:22Z,2025-12-03T21:10:48Z,0,1,93,6324,1.95927,medium,growing,4
JDCKWebApp,https://github.com/ma-xin/JDCKWebApp,35,66,13445,Java,2022-05-18T09:23:42Z,2026-01-14T14:44:16Z,6,1,104,161340,2.212766,medium,growing,1
LimboAuth-SocialAddon,https://github.com/Elytrium/LimboAuth-SocialAddon,35,20,203,Java,2022-03-27T22:14:44Z,2026-03-08T13:00:09Z,25,4,82,2436,1.683778,medium,mature,8
android-nested-scroll-webview,https://github.com/Telefonica/android-nested-scroll-webview,35,8,202,Java,2022-08-01T12:18:38Z,2026-03-18T18:36:17Z,5,0,23,2424,0.516854,low,growing,267
Food_Delivery_Android_App_AndroidStudio_Firebase,https://github.com/nihar25z/Food_Delivery_Android_App_AndroidStudio_Firebase,35,14,7647,Java,2022-01-05T07:05:58Z,2026-03-18T01:25:25Z,0,0,9,91764,0.174984,low,mature,1
BITCS-2019,https://github.com/bingo123122121/BITCS-2019,35,1,1140983,Java,2022-08-08T13:12:42Z,2026-03-23T15:41:17Z,1,0,7,13691796,0.158133,low,growing,1
LeetCode,https://github.com/godkingjay/LeetCode,35,61,986,Java,2022-08-17T00:02:13Z,2026-01-21T11:39:06Z,12,2,854,11832,19.423806,high,growing,60
StringObfuscatedPlugin,https://github.com/wuzuchang/StringObfuscatedPlugin,35,4,1035,Java,2022-01-22T15:40:41Z,2025-12-01T11:19:09Z,0,0,32,12420,0.629096,low,mature,1
VitaBrowser,https://github.com/mehmetumit/VitaBrowser,35,3,1973,Java,2022-02-21T14:29:57Z,2026-02-13T11:49:01Z,3,0,10,23676,0.200535,low,mature,1
RedisEconomy,https://github.com/Emibergo02/RedisEconomy,35,14,1883,Java,2022-10-28T19:14:36Z,2026-03-13T05:03:33Z,4,1,193,22596,4.64687,medium,growing,4
LimboQueue,https://github.com/Elytrium/LimboQueue,35,8,176,Java,2022-06-22T21:40:24Z,2026-01-07T09:04:56Z,5,0,40,2112,0.873362,low,growing,7
mc-mocap-mod,https://github.com/mt1006/mc-mocap-mod,35,8,5113,Java,2022-08-05T18:30:33Z,2026-03-16T08:30:22Z,40,1,253,61356,5.706767,medium,growing,4
applefx,https://github.com/HanSolo/applefx,35,2,1247,Java,2022-01-12T07:16:54Z,2025-12-02T00:16:17Z,0,0,74,14964,1.445312,medium,mature,1
DIM-Modifier,https://github.com/cfogrady/DIM-Modifier,35,6,392,Java,2022-01-11T01:14:16Z,2025-05-23T06:36:02Z,13,1,97,4704,1.893299,medium,mature,2
gs-graphql-server,https://github.com/spring-guides/gs-graphql-server,35,55,360,Java,2022-12-07T20:09:34Z,2026-03-03T22:09:31Z,0,0,32,4320,0.79602,low,growing,25
HLD-System-Designs,https://github.com/Anshul619/HLD-System-Designs,35,19,73263,Java,2022-05-15T05:45:32Z,2026-03-25T17:38:19Z,0,0,1432,879156,30.403397,high,growing,2
WeworkChatSDK,https://github.com/chinayin/WeworkChatSDK,35,12,8166,Java,2022-02-07T03:09:06Z,2026-03-26T08:29:15Z,2,4,111,97992,2.205298,medium,mature,1
C3H6N6O6,https://github.com/KenRouKoro/C3H6N6O6,35,0,1964,Java,2022-06-29T04:10:01Z,2026-01-07T18:15:30Z,21,0,14,23568,0.307018,low,growing,1
DSA_using_Java,https://github.com/Complete-Coding/DSA_using_Java,35,15,276,Java,2022-05-05T07:48:42Z,2026-03-24T14:27:54Z,0,0,50,3312,1.054111,medium,growing,1
chuwa-eij-tutorial,https://github.com/Chuwa-Labs/chuwa-eij-tutorial,35,37,3615,Java,2022-06-06T05:56:08Z,2026-03-04T02:53:30Z,0,0,123,43380,2.652768,medium,growing,7
NGFF-Converter,https://github.com/glencoesoftware/NGFF-Converter,35,8,2854,Java,2022-01-19T14:31:18Z,2026-03-03T08:41:01Z,9,0,203,34248,3.982995,medium,mature,17
zmusic-client,https://github.com/zmusic-dev/zmusic-client,35,19,399,Java,2022-07-12T12:06:47Z,2026-03-15T11:18:09Z,0,0,54,4788,1.195572,medium,growing,3
AnalyzeSoPlugin,https://github.com/mainlxl/AnalyzeSoPlugin,35,4,242,Java,2022-06-29T09:04:06Z,2026-01-22T02:53:08Z,1,0,24,2904,0.526316,low,growing,1
WearOSSensors,https://github.com/GeoTecINIT/WearOSSensors,35,6,161,Java,2022-07-28T14:00:27Z,2026-02-21T17:41:41Z,1,0,74,1932,1.657954,medium,growing,7
studentManagementSystem,https://github.com/kkj2004/studentManagementSystem,35,6,23781,Java,2022-10-30T08:39:04Z,2025-12-18T02:04:02Z,0,0,1,285372,0.024096,low,growing,2
fast-im,https://github.com/dpwgc/fast-im,35,9,585,Java,2022-03-28T08:37:00Z,2026-02-17T03:50:31Z,0,0,45,7020,0.924025,low,mature,1
Expanded-Ecosphere,https://github.com/Cristelknight/Expanded-Ecosphere,35,10,9410,Java,2022-10-02T16:41:43Z,2026-02-17T11:50:42Z,29,0,92,112920,2.168107,medium,growing,6
reactive-stock-market,https://github.com/schananas/reactive-stock-market,35,7,1536,Java,2022-05-30T18:54:02Z,2025-10-12T14:55:42Z,0,0,32,18432,0.687187,low,growing,1
ansi4j,https://github.com/techsenger/ansi4j,35,2,9447,Java,2022-03-19T09:06:59Z,2025-10-18T14:56:50Z,0,0,73,113364,1.489796,medium,mature,1
cassandra-data-migrator,https://github.com/datastax/cassandra-data-migrator,35,23,2048,Java,2022-09-20T10:45:54Z,2026-03-10T16:51:49Z,16,7,961,24576,22.435798,high,growing,33
Fabric-Bungeecord-Proxy,https://github.com/disymayufei/Fabric-Bungeecord-Proxy,35,6,98,Java,2022-10-08T14:44:33Z,2025-10-19T21:08:15Z,2,1,11,1176,0.260458,low,growing,2
java-coding-problems,https://github.com/jfullstackdev/java-coding-problems,35,5,444,Java,2022-08-01T11:38:13Z,2026-03-22T21:17:13Z,0,0,49,5328,1.101124,medium,growing,1
PowerPlay,https://github.com/KookyBotz/PowerPlay,35,15,25051,Java,2022-08-05T18:24:53Z,2025-09-20T00:41:45Z,0,0,822,300612,18.541353,high,growing,4
2022-teatime,https://github.com/woowacourse-teams/2022-teatime,35,4,2751,Java,2022-06-28T01:41:50Z,2024-05-31T06:55:18Z,4,3,393,33012,8.612126,medium,growing,6
mobapp-game,https://github.com/vipaoL/mobapp-game,35,1,1316,Java,2022-04-22T16:53:05Z,2026-03-28T07:04:28Z,3,0,515,15792,10.759053,high,growing,1
MIT6.830,https://github.com/1345414527/MIT6.830,35,5,1545,Java,2022-09-24T02:38:42Z,2026-03-18T07:04:07Z,0,0,9,18540,0.210773,low,growing,1
course-spring-brasb-build-a-rest-api-code,https://github.com/vmware-tanzu-learning/course-spring-brasb-build-a-rest-api-code,35,61,272,Java,2022-10-26T17:38:09Z,2026-03-15T20:52:20Z,1,1,15,3264,0.360577,low,growing,3
car-staus-helper,https://github.com/l376571926/car-staus-helper,34,6,237,Java,2022-10-02T12:17:36Z,2026-03-18T02:10:31Z,1,0,8,2844,0.188531,low,growing,1
jianzhi-server,https://github.com/zzhougy/jianzhi-server,34,2,2842,Java,2022-03-20T10:58:37Z,2026-03-10T05:09:34Z,0,0,12,34104,0.245065,low,mature,1
container-auto-tune,https://github.com/alipay/container-auto-tune,34,4,91510,Java,2022-10-13T09:04:52Z,2026-01-06T11:09:31Z,4,0,127,1098120,3.019017,medium,growing,32
giscat,https://github.com/codingmiao/giscat,34,12,857,Java,2022-04-06T08:04:58Z,2024-12-26T15:09:00Z,2,0,63,10284,1.301653,medium,mature,1
AndroMW,https://github.com/Awengggggggg/AndroMW,34,9,7201,Java,2022-07-05T03:49:38Z,2026-03-24T11:35:48Z,0,0,1,86412,0.022026,low,growing,1
xmr-pocket-node,https://github.com/CryptoGrampy/xmr-pocket-node,34,5,207029,Java,2022-03-10T21:54:22Z,2025-11-23T05:16:33Z,17,0,62,2484348,1.258457,medium,mature,1
ParadigmasDeProgramacion,https://github.com/PTEC102/ParadigmasDeProgramacion,34,8,18122,Java,2022-03-13T20:48:10Z,2025-04-08T13:48:49Z,7,0,39,217464,0.79322,low,mature,2
CourseArrange,https://github.com/chq247/CourseArrange,34,6,25211,Java,2022-05-25T07:24:21Z,2026-03-19T11:28:06Z,0,0,9,302532,0.192445,low,growing,1
Mirror2RearUltra,https://github.com/tpkarras/Mirror2RearUltra,34,8,216,Java,2022-03-22T03:56:56Z,2025-12-30T17:58:47Z,4,0,56,2592,1.145194,medium,mature,1
TimebaseCryptoConnectors,https://github.com/epam/TimebaseCryptoConnectors,34,7,1405,Java,2022-03-23T14:26:36Z,2026-03-03T15:12:00Z,2,6,395,16860,8.08322,medium,mature,9
springboot-keycloak-server,https://github.com/suchorski/springboot-keycloak-server,34,18,218,Java,2022-11-15T13:27:50Z,2025-07-30T14:25:03Z,1,0,35,2616,0.854353,low,growing,2
Raft-Java,https://github.com/Daydreamer-ia/Raft-Java,34,4,427,Java,2022-11-02T15:11:25Z,2025-09-01T03:05:09Z,0,0,127,5124,3.067633,medium,growing,1
scheduler-LogAndLock,https://github.com/justTimTim/scheduler-LogAndLock,34,1,93,Java,2022-08-25T06:54:39Z,2025-05-15T11:41:04Z,0,0,17,1116,0.389016,low,growing,1
C206_C125,https://github.com/chrislima-inatel/C206_C125,34,3,110,Java,2022-03-01T15:56:34Z,2026-02-21T14:41:45Z,0,0,42,1320,0.846774,low,mature,1
aimobs,https://github.com/rebane2001/aimobs,34,13,110,Java,2022-12-04T22:27:34Z,2026-01-19T23:52:37Z,7,1,24,1320,0.595533,low,growing,2
MountBlue-Job-Challenge,https://github.com/rahul22mrk/MountBlue-Job-Challenge,34,5,124,Java,2022-12-18T06:02:51Z,2026-02-04T18:22:14Z,0,2,93,1488,2.332776,medium,growing,2
springcloud-alibaba,https://github.com/CoderXGC/springcloud-alibaba,34,9,190,Java,2022-01-17T12:35:10Z,2026-02-13T05:04:19Z,1,0,30,2280,0.587851,low,mature,1
camunda-tasklist-client-java,https://github.com/camunda-community-hub/camunda-tasklist-client-java,34,22,1309,Java,2022-04-12T15:51:41Z,2026-03-21T07:34:04Z,2,10,521,15708,10.809129,high,mature,17
ProFSD-Oct2022,https://github.com/thakurutkarsh22/ProFSD-Oct2022,34,44,207,Java,2022-11-09T21:27:41Z,2024-02-25T07:25:19Z,0,5,73,2484,1.774716,medium,growing,3
MeituanRetailHelper,https://github.com/shixinzhang/MeituanRetailHelper,34,17,7587,Java,2022-04-07T22:29:14Z,2026-03-27T13:23:38Z,5,0,3,91044,0.062069,low,mature,1
registration-service,https://github.com/signalapp/registration-service,34,33,1278,Java,2022-10-11T19:28:47Z,2026-02-23T22:48:30Z,0,1,399,15336,9.477435,medium,growing,53
ChatFormatter,https://github.com/EternalCodeTeam/ChatFormatter,34,9,8680,Java,2022-04-26T18:25:42Z,2026-03-22T09:08:49Z,10,5,245,104160,5.136268,medium,growing,16
github-actions-deployment-slots,https://github.com/Azure-Samples/github-actions-deployment-slots,34,13,58909,Java,2022-06-09T17:29:49Z,2025-09-02T08:04:10Z,0,0,10,706908,0.216294,low,growing,3527
rocketmq-schema-registry,https://github.com/apache/rocketmq-schema-registry,34,20,51924,Java,2022-07-08T07:39:44Z,2025-03-14T09:49:36Z,11,2,104,623088,2.295806,medium,growing,75
device_xiaomi_xaga,https://github.com/wbs306/device_xiaomi_xaga,34,13,101600,Java,2022-07-07T04:10:58Z,2025-04-09T14:10:31Z,2,0,223,1219200,4.919118,medium,growing,26
shared_memory,https://github.com/ben-izd/shared_memory,34,4,2968,Java,2022-08-13T15:45:58Z,2025-09-18T14:28:10Z,2,0,40,35616,0.907029,low,growing,1
AuxProtect,https://github.com/ks-hl/AuxProtect,34,15,2293,Java,2022-02-06T19:33:40Z,2026-03-26T17:58:55Z,6,4,470,27516,9.337748,medium,mature,5
0621_ShellApplication,https://github.com/AFinalStone/0621_ShellApplication,34,5,25501,Java,2022-03-17T02:52:40Z,2026-01-05T09:19:59Z,0,0,32,306012,0.652174,low,mature,1
sikdorak,https://github.com/jjik-muk/sikdorak,34,5,2061,Java,2022-07-15T02:54:10Z,2025-12-27T11:41:04Z,3,2,629,24732,13.957101,high,growing,5
wso2-webharvest,https://github.com/wso2/wso2-webharvest,34,2,426,Java,2022-03-02T11:11:49Z,2024-09-24T02:34:15Z,0,0,27,5112,0.544721,low,mature,704
ghidra-fr60,https://github.com/desrdev/ghidra-fr60,34,5,8642,Java,2022-03-13T18:03:59Z,2025-08-07T12:16:03Z,1,0,44,103704,0.894915,low,mature,6
ShowcaseFX,https://github.com/dlsc-software-consulting-gmbh/ShowcaseFX,34,4,1985,Java,2022-01-21T14:32:33Z,2026-03-22T08:24:24Z,0,0,48,23820,0.943026,low,mature,2
burp-copy-regex-matches,https://github.com/honoki/burp-copy-regex-matches,34,8,2827,Java,2022-02-12T19:36:32Z,2026-02-12T19:24:00Z,0,0,2,33924,0.039894,low,mature,1
ghidra_scripts,https://github.com/ghidragolf/ghidra_scripts,34,8,205,Java,2022-12-21T21:30:15Z,2025-10-07T09:09:33Z,0,0,8,2460,0.201342,low,growing,4
pratica_integradora_tecnologias_disruptivas,https://github.com/FaculdadeDescomplica/pratica_integradora_tecnologias_disruptivas,34,303,1335,Java,2022-08-24T13:24:06Z,2025-10-25T23:23:15Z,1,11,24,16020,0.54878,low,growing,1
Multiblocked,https://github.com/Low-Drag-MC/Multiblocked,34,14,24718,Java,2022-04-22T09:28:12Z,2025-07-05T17:03:22Z,38,0,185,296616,3.864903,medium,growing,4
Deep-Aether,https://github.com/RazorDevs/Deep-Aether,34,18,534376,Java,2022-06-10T18:00:12Z,2026-03-07T11:49:56Z,14,3,1392,6412512,30.12987,high,growing,13
Ngrok-LAN,https://github.com/Alujjdnd/Ngrok-LAN,34,8,10802,Java,2022-03-28T12:15:34Z,2026-01-09T23:50:59Z,16,2,130,129624,2.669405,medium,mature,3
ems-admin-vue3,https://github.com/ems-admin/ems-admin-vue3,34,5,3395,Java,2022-11-03T14:07:02Z,2026-03-20T02:41:29Z,0,0,61,40740,1.474617,medium,growing,1
extension-prometheus,https://github.com/defold/extension-prometheus,34,24,256,Java,2022-04-13T07:48:17Z,2026-03-11T05:29:53Z,2,0,25,3072,0.519031,low,mature,19
JavaLearning,https://github.com/tangxiaofeng7/JavaLearning,34,2,437,Java,2022-06-02T01:20:21Z,2026-01-05T11:45:56Z,0,0,12,5244,0.258065,low,growing,1
Bedwars-Cosmetics,https://github.com/IamTheDefender/Bedwars-Cosmetics,34,24,17379,Java,2022-10-16T12:45:32Z,2026-03-13T17:11:32Z,2,0,303,208548,7.220016,medium,growing,8
PotPvPReprised,https://github.com/DevDrizzy/PotPvPReprised,34,13,1281,Java,2022-04-04T14:16:26Z,2026-02-02T11:23:03Z,0,0,41,15372,0.845942,low,mature,1
map-sync,https://github.com/CivPlatform/map-sync,34,14,14879,Java,2022-01-18T02:11:00Z,2026-03-27T09:28:58Z,18,0,329,178548,6.45098,medium,mature,8
office-stamper,https://github.com/verronpro/office-stamper,34,13,7314,Java,2022-08-05T10:20:21Z,2026-03-28T13:15:15Z,6,1,1814,87768,40.886551,high,growing,19
proxy-protocol-support,https://github.com/PanSzelescik/proxy-protocol-support,34,14,183,Java,2022-05-16T19:20:20Z,2026-03-25T19:00:45Z,1,4,46,2196,0.97803,low,growing,2
Etherology,https://github.com/feytox/Etherology,34,10,7416,Java,2022-12-27T11:25:06Z,2026-03-26T18:22:45Z,19,2,682,88992,17.236731,high,growing,4
QDrawGift,https://github.com/QDong415/QDrawGift,34,3,149,Java,2022-02-17T17:16:38Z,2025-08-20T18:03:47Z,2,0,10,1788,0.200133,low,mature,1
atlas,https://github.com/itsmiir/atlas,34,11,1258,Java,2022-12-28T22:04:54Z,2025-12-04T07:24:25Z,1,0,50,15096,1.265823,medium,growing,2
Common-Storage-Lib,https://github.com/terrarium-earth/Common-Storage-Lib,34,7,1419,Java,2022-08-23T02:06:58Z,2025-12-30T14:45:08Z,3,0,84,17028,1.919269,medium,growing,7
CodingPractice,https://github.com/faermanj/CodingPractice,34,9,329,Java,2022-01-06T14:34:43Z,2025-11-15T05:06:07Z,1,0,60,3948,1.167315,medium,mature,3
GenArt,https://github.com/tetrismegistus/GenArt,34,0,3051599,Java,2022-07-06T00:37:45Z,2026-03-13T02:58:28Z,0,0,139,36619188,3.063924,medium,growing,1
event-sourcing-order-poc,https://github.com/NoahHsu/event-sourcing-order-poc,34,8,770,Java,2022-06-03T16:27:18Z,2025-09-15T09:38:27Z,17,0,52,9240,1.119082,medium,growing,5
PlaywrightWithJavaCodes,https://github.com/naveenanimation20/PlaywrightWithJavaCodes,34,30,28024,Java,2022-04-18T06:43:15Z,2026-02-24T05:01:08Z,0,0,4,336288,0.083333,low,mature,1
BingoReloaded,https://github.com/Steaf23/BingoReloaded,34,18,8894,Java,2022-02-08T16:16:58Z,2026-02-12T00:39:30Z,3,2,583,106728,11.590457,high,mature,5
diSE,https://github.com/OpenDPC/diSE,34,33,13810,Java,2022-11-08T05:47:15Z,2025-11-24T11:32:58Z,0,0,130,165720,3.15534,medium,growing,29
aws-cdk-openapi,https://github.com/aws-samples/aws-cdk-openapi,34,27,122,Java,2022-08-01T00:09:04Z,2025-10-19T23:12:49Z,0,0,7,1464,0.157303,low,growing,9
FGOSimulator,https://github.com/SharpnelXu/FGOSimulator,34,3,31045,Java,2022-04-30T06:02:10Z,2026-02-12T14:00:29Z,0,0,551,372540,11.57563,high,growing,1
intellij-better-direnv,https://github.com/better-direnv/intellij-better-direnv,34,23,1513,Java,2022-05-27T20:24:50Z,2026-03-26T19:10:49Z,22,0,89,18156,1.907143,medium,growing,8
005-UCB-CS61B-GITLET,https://github.com/Yukang-Lian/005-UCB-CS61B-GITLET,34,10,169,Java,2022-06-14T14:24:23Z,2025-10-28T03:43:13Z,0,0,63,2028,1.366594,medium,growing,1
SwerveBot-2022,https://github.com/frc3512/SwerveBot-2022,34,32,123,Java,2022-05-06T03:58:10Z,2025-10-29T20:26:12Z,1,0,28,1476,0.590717,low,growing,6
elasticsearch-analysis-morphology,https://github.com/nickyat/elasticsearch-analysis-morphology,34,23,3566,Java,2022-01-14T20:13:03Z,2026-03-24T01:24:48Z,0,0,13,42792,0.254403,low,mature,1
atdd-course-examples,https://github.com/davef77/atdd-course-examples,34,12,187,Java,2022-09-30T14:32:36Z,2026-03-06T13:39:23Z,0,0,5,2244,0.117647,low,growing,1
curso-microservices-springcloud,https://github.com/cursodsousa/curso-microservices-springcloud,34,15,195,Java,2022-04-17T18:40:29Z,2026-01-19T23:17:51Z,0,0,8,2340,0.166667,low,mature,2
interview,https://github.com/chsring/interview,33,8,13329,Java,2022-04-27T09:44:37Z,2026-02-20T07:31:29Z,0,0,78,159948,1.63522,medium,growing,1
JavaApp1-Mar-2023,https://github.com/oguzkaran/JavaApp1-Mar-2023,33,48,47897,Java,2022-12-23T20:31:03Z,2025-12-18T19:31:45Z,0,0,362,574764,9.12605,medium,growing,3
FeatherMorph,https://github.com/NiFeather/FeatherMorph,33,3,9529,Java,2022-10-01T08:24:04Z,2026-03-15T09:08:34Z,10,3,2187,114348,51.499215,high,growing,1
spring-security-oauth2-tutorial,https://github.com/NotFound403/spring-security-oauth2-tutorial,33,8,452,Java,2022-03-24T08:05:58Z,2026-02-12T04:00:54Z,0,0,26,5424,0.532423,low,mature,1
WorkloadDistribution,https://github.com/Flo0/WorkloadDistribution,33,1,5062,Java,2022-02-23T09:26:33Z,2026-03-24T18:51:50Z,0,0,7,60744,0.140562,low,mature,1
retrofit-spring-boot-starter,https://github.com/easyretrofit/retrofit-spring-boot-starter,33,3,810,Java,2022-02-08T01:34:22Z,2026-02-07T16:38:22Z,1,0,519,9720,10.318091,high,mature,1
Backuper,https://github.com/DVDishka/Backuper,33,10,1019,Java,2022-12-13T17:36:27Z,2026-03-08T16:59:40Z,14,0,263,12228,6.575,medium,growing,5
C2022-Public,https://github.com/frc1678/C2022-Public,33,6,1521,Java,2022-01-09T03:18:50Z,2026-02-20T22:31:29Z,1,3,1052,18252,20.506823,high,mature,10
EasyPlugin,https://github.com/CarmJos/EasyPlugin,33,7,1224,Java,2022-01-04T12:07:20Z,2026-03-07T13:30:33Z,1,0,208,14688,4.041451,medium,mature,3
seginf-public,https://github.com/isel-deetc-computersecurity/seginf-public,33,2,635,Java,2022-09-28T11:10:03Z,2026-03-09T14:14:16Z,0,0,89,7620,2.090838,medium,growing,4
PovertyAlleviationAndAgriculturalAssistanceManagementSystem,https://github.com/SimpleGraduationProjects/PovertyAlleviationAndAgriculturalAssistanceManagementSystem,33,4,15462,Java,2022-07-14T10:59:02Z,2026-03-16T03:12:14Z,0,0,3,185544,0.066519,low,growing,1
PacketFixer,https://github.com/TonimatasDEV/PacketFixer,33,5,975,Java,2022-10-17T17:08:57Z,2026-03-25T16:06:01Z,2,0,240,11700,5.727924,medium,growing,3
JDLL,https://github.com/bioimage-io/JDLL,33,6,5464,Java,2022-04-22T18:21:49Z,2026-03-24T18:17:51Z,14,2,2401,65568,50.195122,high,growing,17
CreateCentralKitchen,https://github.com/DragonsPlusMinecraft/CreateCentralKitchen,33,23,2409,Java,2022-10-16T13:41:16Z,2026-03-23T20:52:08Z,17,0,340,28908,8.101668,medium,growing,14
SouP,https://github.com/in-seo/SouP,33,0,39901,Java,2022-04-04T06:45:43Z,2026-02-08T07:35:48Z,0,0,838,478812,17.290234,high,mature,2
Bus-Ticket-Reservation-System,https://github.com/mayurisamanta/Bus-Ticket-Reservation-System,33,19,226,Java,2022-09-27T16:06:25Z,2026-02-10T09:56:00Z,1,0,26,2712,0.610329,low,growing,2
java-remote-class-loader,https://github.com/joaovarelas/java-remote-class-loader,33,6,136,Java,2022-07-07T12:24:10Z,2026-02-05T01:02:08Z,0,0,4,1632,0.088235,low,growing,1
GameAoi,https://github.com/zhaojianbo2/GameAoi,33,3,95,Java,2022-10-14T11:52:13Z,2026-02-04T08:16:26Z,0,0,16,1140,0.38065,low,growing,2
taoyao,https://github.com/acgist/taoyao,33,10,21215,Java,2022-11-08T23:40:15Z,2026-02-02T11:07:02Z,0,0,467,254580,11.34413,high,growing,1
flink-connector-hbase,https://github.com/apache/flink-connector-hbase,33,38,676,Java,2022-11-22T14:44:22Z,2026-03-26T21:06:52Z,0,3,184,8112,4.517185,medium,growing,137
invincibility-hack,https://github.com/Coderx-Gamer/invincibility-hack,33,3,502,Java,2022-01-22T13:38:37Z,2025-11-23T14:26:30Z,1,0,9,6024,0.176933,low,mature,1
SpringBoot-Project-MEGABOX,https://github.com/ChaeHyunWoo/SpringBoot-Project-MEGABOX,33,71,54845,Java,2022-05-24T06:33:54Z,2025-07-25T10:57:18Z,0,0,22,658140,0.470085,low,growing,1
wiki_vue3,https://github.com/LianTianNo1/wiki_vue3,33,10,4308,Java,2022-05-11T16:24:12Z,2026-03-21T05:10:35Z,0,0,161,51696,3.40861,medium,growing,4
SpringBootStudy,https://github.com/PeerGroup-JavaSpringBoot/SpringBootStudy,33,6,21616,Java,2022-01-21T06:48:55Z,2024-05-17T00:49:43Z,0,0,339,259392,6.660118,medium,mature,6
OnlineExam_Servlet_Jsp,https://github.com/ahasan-khan/OnlineExam_Servlet_Jsp,33,23,23825,Java,2022-11-09T06:20:57Z,2026-03-14T07:14:50Z,7,0,7,285900,0.17004,low,growing,1
Oneratus,https://github.com/ThnksCJ/Oneratus,33,5,1391,Java,2022-05-01T21:03:31Z,2025-12-21T13:57:20Z,0,0,4,16692,0.084151,low,growing,2
OOP-based-Bomberman-game,https://github.com/Nhathuy1305/OOP-based-Bomberman-game,33,8,34556,Java,2022-04-10T14:27:50Z,2025-12-12T19:44:41Z,0,0,186,414672,3.853591,medium,mature,4
reels,https://github.com/davidmoten/reels,33,2,997,Java,2022-09-08T22:11:56Z,2026-03-02T07:34:06Z,0,2,720,11964,16.666667,high,growing,1
doit30_flink,https://github.com/coderblack/doit30_flink,33,42,305,Java,2022-06-09T07:16:10Z,2025-03-18T06:49:09Z,0,0,29,3660,0.626801,low,growing,1
AP-Computer-Science-CodeHS,https://github.com/vijayn7/AP-Computer-Science-CodeHS,33,7,249,Java,2022-07-18T17:27:18Z,2026-03-26T17:16:32Z,0,0,155,2988,3.449555,medium,growing,1
wso2-pax-logging,https://github.com/wso2/wso2-pax-logging,33,24,4936,Java,2022-02-22T10:10:54Z,2023-10-15T05:37:02Z,0,0,1070,59232,21.471572,high,mature,737
3.0-GC,https://github.com/Frontrooms/3.0-GC,33,11,19079,Java,2022-07-16T16:23:11Z,2025-12-09T13:07:58Z,0,0,102,228948,2.264989,medium,growing,6
JavaProgramming-A-Step-to-Step-guide-,https://github.com/OnyedikaBenjamin/JavaProgramming-A-Step-to-Step-guide-,33,8,334,Java,2022-08-01T09:05:22Z,2026-03-20T05:47:23Z,0,0,35,4008,0.786517,low,growing,1
cloudsimplus-examples,https://github.com/cloudsimplus/cloudsimplus-examples,33,25,953,Java,2022-05-27T23:41:45Z,2026-03-15T19:15:25Z,2,0,100,11436,2.142857,medium,growing,4
EasyTron,https://github.com/Aiden-777/EasyTron,33,9,178,Java,2022-11-01T12:42:16Z,2026-02-02T17:30:20Z,1,0,93,2136,2.24457,medium,growing,1
android-nfc-lib,https://github.com/entur/android-nfc-lib,33,3,1314,Java,2022-02-11T10:40:36Z,2026-03-13T02:40:44Z,0,2,191,15768,3.804781,medium,mature,6
wso2-jsch,https://github.com/wso2/wso2-jsch,33,5,262,Java,2022-05-28T03:53:50Z,2024-09-24T02:36:21Z,0,0,34,3144,0.728571,low,growing,703
Mapper,https://github.com/mathjeff/Mapper,33,0,397,Java,2022-02-26T16:13:03Z,2026-03-12T05:20:40Z,4,0,46,4764,0.925553,low,mature,3
XunLuAdmin,https://github.com/KillerTwo/XunLuAdmin,33,6,419430,Java,2022-03-14T13:07:56Z,2026-03-04T19:31:09Z,2,0,75,5033160,1.525424,medium,mature,1
oshi-ffm,https://github.com/oshi/oshi-ffm,33,10,245,Java,2022-05-22T20:37:15Z,2025-11-18T00:23:59Z,3,1,188,2940,4.014235,medium,growing,5
ktltweb,https://github.com/npv2k1/ktltweb,33,8,200,Java,2022-06-21T05:53:54Z,2026-02-28T11:18:41Z,0,0,13,2400,0.28343,low,growing,1
MergeMusicDesktop,https://github.com/flwfdd/MergeMusicDesktop,33,1,808,Java,2022-11-17T17:33:32Z,2025-08-06T14:20:22Z,2,0,30,9696,0.734095,low,growing,1
hotta-pc-assistant,https://github.com/wkgcass/hotta-pc-assistant,33,2,128596,Java,2022-11-22T12:17:38Z,2025-12-04T15:30:40Z,2,0,326,1543152,8.003273,medium,growing,1
lectern-crash,https://github.com/Coderx-Gamer/lectern-crash,33,7,162,Java,2022-04-04T10:17:25Z,2026-02-24T20:35:05Z,0,1,2,1944,0.041265,low,mature,1
gms214server,https://github.com/CoREse/gms214server,33,17,3734,Java,2022-11-29T18:47:26Z,2026-02-26T19:47:33Z,1,0,11,44808,0.271829,low,growing,1
ReconnectVelocity,https://github.com/Matt-MX/ReconnectVelocity,33,14,367,Java,2022-04-05T02:02:08Z,2026-03-16T16:05:53Z,8,0,57,4404,1.176875,medium,mature,7
Puyo-Pop-Fever-Re-Chained-J2ME,https://github.com/Realtimeless785/Puyo-Pop-Fever-Re-Chained-J2ME,33,2,16591,Java,2022-11-07T12:40:32Z,2026-03-22T08:12:30Z,1,0,53,199092,1.285368,medium,growing,1
LeetCodeAnimation,https://github.com/GarenXie1/LeetCodeAnimation,33,13,509797,Java,2022-02-26T07:40:48Z,2026-02-01T11:26:45Z,0,0,246,6117564,4.949698,medium,mature,17
example-chat-react-native,https://github.com/xmtp/example-chat-react-native,33,4,880,Java,2022-09-19T21:17:59Z,2023-08-13T22:29:58Z,3,0,49,10560,1.143969,medium,growing,7
yeeee_crowdfunding,https://github.com/yeeevip/yeeee_crowdfunding,33,7,30135,Java,2022-04-27T14:37:13Z,2026-03-21T09:10:12Z,0,0,84,361620,1.761006,medium,growing,2
luckystackworker,https://github.com/wkasteleijn/luckystackworker,33,4,29982,Java,2022-01-23T07:29:32Z,2026-03-28T14:54:24Z,4,5,668,359784,13.140984,high,mature,1
Aurelius,https://github.com/romanmichaelpaolucci/Aurelius,33,11,205,Java,2022-11-28T00:35:57Z,2026-02-17T12:43:39Z,0,0,2,2460,0.049342,low,growing,1
show-me-your-skin,https://github.com/enjarai/show-me-your-skin,33,24,84366,Java,2022-05-06T08:16:41Z,2026-01-09T15:22:46Z,18,2,159,1012392,3.35443,medium,growing,10
Microsoft-Engage-2022-PresIN,https://github.com/binayshaw7777/Microsoft-Engage-2022-PresIN,33,12,62966,Java,2022-05-06T14:50:43Z,2026-01-13T04:45:03Z,0,0,127,755592,2.679325,medium,growing,2
functions-starter,https://github.com/appwrite/functions-starter,33,13,200,Java,2022-01-19T15:33:00Z,2025-10-04T02:21:04Z,1,0,151,2400,2.962721,medium,mature,26
prometheus-exporter-jdbc,https://github.com/ThePrez/prometheus-exporter-jdbc,32,12,89,Java,2022-07-09T02:32:23Z,2026-02-27T12:07:55Z,7,3,84,1068,1.85567,medium,growing,5
firefox_no_home_button,https://github.com/Henry-ZHR/firefox_no_home_button,32,0,115,Java,2022-03-27T13:50:46Z,2026-01-07T13:41:53Z,0,0,8,1380,0.164159,low,mature,1
Lychee,https://github.com/Snownee/Lychee,32,8,4359,Java,2022-01-19T14:50:32Z,2026-02-26T04:52:31Z,8,0,630,52308,12.36102,high,mature,8
selenium-har-util,https://github.com/blibli-badak/selenium-har-util,32,11,204,Java,2022-04-26T02:57:04Z,2025-12-12T13:44:37Z,0,3,154,2448,3.226257,medium,growing,7
GoEasyPro_Android,https://github.com/sepp89117/GoEasyPro_Android,32,7,46587,Java,2022-12-21T17:23:53Z,2026-02-02T10:51:20Z,2,0,83,559044,2.088926,medium,growing,1
RGA,https://github.com/RoseGoldIsntGay/RGA,32,19,213,Java,2022-01-07T14:38:52Z,2026-03-27T19:21:13Z,0,0,25,2556,0.486697,low,mature,1
HotKeyIM,https://github.com/HK-hub/HotKeyIM,32,5,4637,Java,2022-12-30T05:23:36Z,2026-03-18T09:27:49Z,0,0,162,55644,4.10473,medium,growing,1
DingtalkEnhancement,https://github.com/firesunCN/DingtalkEnhancement,32,5,182,Java,2022-06-12T15:55:09Z,2026-02-03T02:18:14Z,2,0,3,2184,0.064982,low,growing,1
cloud,https://github.com/YangZxi/cloud,32,2,5105,Java,2022-11-06T12:38:18Z,2026-03-18T11:36:19Z,0,0,142,61260,3.441034,medium,growing,1
jotenberg,https://github.com/cherfia/jotenberg,32,7,155,Java,2022-10-16T11:50:30Z,2026-02-25T08:58:42Z,0,0,65,1860,1.548848,medium,growing,3
OneTimePack,https://github.com/saicone/OneTimePack,32,5,456,Java,2022-12-15T14:42:45Z,2026-03-25T05:27:44Z,1,0,88,5472,2.201835,medium,growing,1
OdalitaMenus,https://github.com/Odalita-Developments/OdalitaMenus,32,7,1750,Java,2022-04-16T17:18:00Z,2026-01-22T11:06:51Z,7,0,393,21000,8.181818,medium,mature,4
MEGACells,https://github.com/62832/MEGACells,32,22,3485,Java,2022-05-09T17:03:36Z,2026-01-19T15:31:09Z,13,2,517,41820,10.930233,high,growing,13
OnlineBookStore,https://github.com/Thant998/OnlineBookStore,32,92,290,Java,2022-09-22T07:28:01Z,2026-03-07T20:42:55Z,0,0,25,3480,0.584567,low,growing,1
lanat,https://github.com/darvil82/lanat,32,7,9836,Java,2022-10-17T13:04:57Z,2026-01-09T17:14:41Z,0,0,1211,118032,28.879173,high,growing,2
OrganizerTransaction,https://github.com/michalbednarski/OrganizerTransaction,32,8,102,Java,2022-04-16T16:36:48Z,2026-03-20T08:47:29Z,0,0,1,1224,0.020804,low,mature,1
vox-client,https://github.com/ShimadaNanaki/vox-client,32,1,13180,Java,2022-04-27T18:24:14Z,2026-03-26T21:16:36Z,1,0,121,158160,2.538462,medium,growing,3
SpringBootShoppingMall,https://github.com/minji0123/SpringBootShoppingMall,32,9,12648,Java,2022-02-17T11:20:22Z,2026-01-05T15:31:18Z,0,0,40,151776,0.8,low,mature,2
tiktok-device-registration,https://github.com/RipperTs/tiktok-device-registration,32,21,71938,Java,2022-05-21T14:26:56Z,2026-01-14T08:53:23Z,0,0,11,863256,0.234542,low,growing,1
DontSpeakAbsWords,https://github.com/IgarashiAkatuki/DontSpeakAbsWords,32,2,48814,Java,2022-11-10T11:41:48Z,2025-09-23T13:45:41Z,1,1,173,585768,4.205835,medium,growing,3
mushroom,https://github.com/viacheung/mushroom,32,5,44988,Java,2022-06-10T04:10:26Z,2025-12-28T07:42:50Z,0,0,6,539856,0.129776,low,growing,1
NettyDemo,https://github.com/BanshanAndroid/NettyDemo,32,3,3491,Java,2022-05-21T10:13:45Z,2025-07-02T11:09:01Z,0,0,3,41892,0.063966,low,growing,1
javanotes9,https://github.com/davidjeck/javanotes9,32,11,17083,Java,2022-03-16T15:11:01Z,2026-03-03T00:48:42Z,0,0,128,204996,2.606925,medium,mature,1
ExcellentShop-spigot,https://github.com/nulli0n/ExcellentShop-spigot,32,65,1957,Java,2022-10-15T13:09:54Z,2025-12-26T01:12:32Z,12,2,141,23484,3.357143,medium,growing,5
CVE-2022-33980,https://github.com/HKirito/CVE-2022-33980,32,11,368,Java,2022-08-10T03:21:19Z,2024-08-12T20:26:02Z,0,0,6,4416,0.135747,low,growing,1
asm-jdk-bridge,https://github.com/raphw/asm-jdk-bridge,32,6,307,Java,2022-06-30T08:59:53Z,2026-02-12T13:00:17Z,1,0,231,3684,5.069495,medium,growing,4
work-study,https://github.com/Tom-shushu/work-study,32,18,388,Java,2022-06-17T11:12:13Z,2026-02-02T03:31:28Z,2,0,8,4656,0.173913,low,growing,1
Smart-BI-Data,https://github.com/LuckyColorCloud/Smart-BI-Data,32,4,1876,Java,2022-09-15T03:41:47Z,2025-10-04T15:37:19Z,0,0,133,22512,3.093023,medium,growing,3
AdvancedServerList,https://github.com/Andre601/AdvancedServerList,32,1,2234,Java,2022-06-22T21:23:31Z,2026-01-20T09:09:42Z,0,0,1262,26808,27.554585,high,growing,3
Lighty,https://github.com/SchmarrnDevs/Lighty,32,16,15457,Java,2022-07-31T19:34:49Z,2026-03-11T20:12:28Z,16,0,356,185484,8.0,medium,growing,11
ModCheck,https://github.com/RedLime/ModCheck,32,11,1333,Java,2022-04-18T11:58:38Z,2026-03-03T15:07:34Z,1,0,42,15996,0.875,low,mature,3
modelfix-multi,https://github.com/MehVahdJukaar/modelfix-multi,32,12,254,Java,2022-09-13T14:18:45Z,2026-02-16T02:51:35Z,33,0,22,3048,0.510836,low,growing,4
opensearch-sdk-java,https://github.com/opensearch-project/opensearch-sdk-java,32,62,1756,Java,2022-04-29T18:31:35Z,2025-06-11T06:15:36Z,104,20,379,21072,7.962185,medium,growing,162
department-api,https://github.com/pmoustopoulos/department-api,32,9,2601,Java,2022-12-31T22:43:48Z,2026-03-06T14:03:16Z,0,3,100,31212,2.538071,medium,growing,4
pisces-cloud,https://github.com/besscroft/pisces-cloud,32,3,4199,Java,2022-01-22T09:54:08Z,2024-02-28T01:35:18Z,1,1,222,50388,4.364351,medium,mature,1
psi,https://github.com/w4467147/psi,32,12,7222,Java,2022-11-01T15:20:51Z,2026-01-23T12:32:42Z,0,0,10,86664,0.241352,low,growing,2
ca.sfu.cmpt379.2022.fall.resource,https://github.com/eecsmap/ca.sfu.cmpt379.2022.fall.resource,32,20,65432,Java,2022-12-08T19:32:21Z,2024-12-13T17:33:40Z,0,0,13,785184,0.323651,low,growing,1
gad2022-tests,https://github.com/MaximilianAnzinger/gad2022-tests,32,14,524,Java,2022-04-27T13:51:50Z,2026-02-26T10:20:43Z,0,0,145,6288,3.039832,medium,growing,15
sparrow-recsys-spring-boot,https://github.com/iqiancheng/sparrow-recsys-spring-boot,32,6,58756,Java,2022-02-09T08:26:30Z,2026-03-25T02:22:21Z,0,0,15,705072,0.298408,low,mature,1
automl,https://github.com/ml-for-good/automl,32,27,44579,Java,2022-01-22T05:28:47Z,2025-12-01T18:47:25Z,0,1,318,534948,6.251638,medium,mature,19
amazon-ivs-react-native-broadcast,https://github.com/apiko-dev/amazon-ivs-react-native-broadcast,32,19,656,Java,2022-03-02T09:21:10Z,2026-02-09T11:59:06Z,5,0,86,7872,1.735037,medium,mature,6
ODailyQuests,https://github.com/Ordwen/ODailyQuests,32,30,2270,Java,2022-02-02T21:37:18Z,2026-03-25T18:40:12Z,6,4,758,27240,15.019815,high,mature,9
BUAA-Compile-2021,https://github.com/BUAADreamer/BUAA-Compile-2021,32,1,3103,Java,2022-07-17T12:46:18Z,2026-03-05T09:41:58Z,0,0,51,37236,1.133333,medium,growing,1
mq-proxy,https://github.com/sohutv/mq-proxy,32,2,10962,Java,2022-10-18T08:44:14Z,2026-03-25T02:58:47Z,1,0,18,131544,0.429594,low,growing,3
BedWar,https://github.com/SoBadFish/BedWar,32,10,63049,Java,2022-05-22T06:59:53Z,2026-02-13T03:40:36Z,9,0,454,756588,9.687055,medium,growing,4
dsmovie,https://github.com/acenelio/dsmovie,32,17,614,Java,2022-01-05T00:20:27Z,2026-03-04T06:40:11Z,0,1,25,7368,0.486066,low,mature,3
entrainement-au-tdd,https://github.com/gabbloquet/entrainement-au-tdd,32,43,438,Java,2022-01-04T15:14:56Z,2026-03-04T15:54:40Z,0,1,90,5256,1.748705,medium,mature,1
haplogrep3,https://github.com/genepi/haplogrep3,32,6,4253,Java,2022-11-10T18:34:42Z,2026-03-16T03:21:19Z,9,0,179,51036,4.355231,medium,growing,4
java-coap,https://github.com/open-coap/java-coap,32,8,2509,Java,2022-01-05T10:44:04Z,2026-03-27T07:31:42Z,8,0,518,30108,10.07129,high,mature,16
quarkus-web-bundler,https://github.com/quarkiverse/quarkus-web-bundler,32,19,9211,Java,2022-10-27T14:18:07Z,2026-03-27T01:48:47Z,16,4,586,110532,14.086538,high,growing,38
ponderjs,https://github.com/AlmostReliable/ponderjs,32,10,414,Java,2022-05-09T23:53:13Z,2026-01-09T10:46:36Z,1,1,198,4968,4.188999,medium,growing,8
beginning-spring-boot-3,https://github.com/Apress/beginning-spring-boot-3,32,42,204622,Java,2022-11-28T15:18:52Z,2026-02-02T01:58:18Z,0,0,1,2455464,0.024671,low,growing,2
short-url,https://github.com/wxyShine/short-url,32,8,96,Java,2022-02-17T02:51:32Z,2026-02-13T05:05:02Z,0,0,34,1152,0.68,low,mature,1
3061-lib,https://github.com/HuskieRobotics/3061-lib,31,17,43564,Java,2022-12-26T18:18:27Z,2026-02-28T23:19:35Z,6,3,96,522768,2.426285,medium,growing,23
EasyShip,https://github.com/lumyuan/EasyShip,31,2,1890,Java,2022-04-01T03:36:49Z,2026-01-04T05:22:34Z,1,0,11,22680,0.226493,low,mature,2
smart-community-management,https://github.com/meowqwe/smart-community-management,31,7,188,Java,2022-04-09T03:41:32Z,2026-03-21T09:58:20Z,1,0,3,2256,0.062112,low,mature,1
face-pay-springboot,https://github.com/itxiongge/face-pay-springboot,31,14,6168,Java,2022-07-14T04:58:09Z,2026-03-10T04:44:52Z,0,0,10,74016,0.221729,low,growing,1
Msbot,https://github.com/myzuhang1234/Msbot,31,11,8051,Java,2022-03-04T11:54:57Z,2025-12-16T08:57:45Z,4,1,22,96612,0.444444,low,mature,1
pair-programming-exercises,https://github.com/shubhwip/pair-programming-exercises,31,7,832,Java,2022-08-07T05:38:19Z,2026-03-25T23:19:39Z,0,0,16,9984,0.361174,low,growing,1
Android_SocketCAN,https://github.com/weifengdq/Android_SocketCAN,31,13,2072,Java,2022-07-01T07:50:15Z,2026-01-23T04:58:06Z,0,0,8,24864,0.175695,low,growing,1
Flutter_Url_Launcher,https://github.com/rwema3/Flutter_Url_Launcher,31,0,124102,Java,2022-01-17T12:05:51Z,2022-07-21T09:38:21Z,0,0,1204,1489224,23.592423,high,mature,1
Dungeon,https://github.com/Dungeon-CampusMinden/Dungeon,31,76,563160,Java,2022-09-20T11:05:07Z,2026-03-26T11:11:55Z,44,18,1392,6757920,32.498054,high,growing,41
PluginHooker,https://github.com/DionaMC/PluginHooker,31,5,266,Java,2022-05-09T05:55:15Z,2026-03-10T09:46:44Z,0,0,195,3192,4.122622,medium,growing,6
Inline2,https://github.com/hugecatdev/Inline2,31,0,1984,Java,2022-04-17T09:38:16Z,2026-03-25T16:31:11Z,0,0,69,23808,1.436502,medium,mature,1
mule-opentelemetry-module,https://github.com/avioconsulting/mule-opentelemetry-module,31,11,18706,Java,2022-01-14T18:13:39Z,2026-03-25T20:49:43Z,12,1,264,224472,5.166341,medium,mature,3
android-google-maps-,https://github.com/sudharsanan123/android-google-maps-,31,0,86,Java,2022-10-11T13:04:01Z,2025-02-19T15:53:21Z,0,0,2,1032,0.047468,low,growing,1
ld-cli,https://github.com/filip26/ld-cli,31,2,497,Java,2022-04-01T12:56:26Z,2026-03-06T10:12:08Z,1,0,472,5964,9.7186,medium,mature,1
modality,https://github.com/modalityone/modality,31,6,37624,Java,2022-07-13T13:22:19Z,2026-02-02T00:16:27Z,0,0,3757,451488,83.242245,high,growing,6
ShallVTalk,https://github.com/vertx-china/ShallVTalk,31,26,16274,Java,2022-02-18T13:15:35Z,2026-02-07T05:09:54Z,1,0,103,195288,2.061374,medium,mature,6
netbeans-nbpackage,https://github.com/apache/netbeans-nbpackage,31,13,954,Java,2022-11-30T13:34:36Z,2026-03-03T09:22:16Z,0,5,242,11448,5.980231,medium,growing,60
react-native-gradient,https://github.com/fyndx/react-native-gradient,31,6,898,Java,2022-06-02T14:58:51Z,2024-05-24T15:00:34Z,6,1,19,10776,0.408602,low,growing,4
sopt-crew-backend,https://github.com/sopt-makers/sopt-crew-backend,31,4,3215,Java,2022-11-01T09:44:17Z,2026-03-28T09:13:05Z,14,0,820,38580,19.790829,high,growing,66
Data-Structures-and-Algorithms,https://github.com/QuyAnh2005/Data-Structures-and-Algorithms,31,16,9192,Java,2022-01-31T13:37:57Z,2025-07-09T03:39:13Z,0,0,14,110304,0.276862,low,mature,1
MHDF-Tools,https://github.com/MHDFCraft/MHDF-Tools,31,4,7331,Java,2022-11-23T00:19:04Z,2026-03-14T09:09:33Z,2,0,747,87972,18.353808,high,growing,5
glucostatusfx,https://github.com/HanSolo/glucostatusfx,31,6,513120,Java,2022-01-14T15:22:27Z,2026-01-10T09:48:27Z,0,0,163,6157440,3.187744,medium,mature,3
Microsoft-Engage-2022-Interview-Questions,https://github.com/binayshaw7777/Microsoft-Engage-2022-Interview-Questions,31,5,84,Java,2022-07-08T08:13:07Z,2025-08-18T12:31:56Z,0,0,102,1008,2.251656,medium,growing,1
ThunderExchange,https://github.com/JanDoeTian/ThunderExchange,31,6,669,Java,2022-12-07T20:00:58Z,2025-09-02T09:35:14Z,0,0,19,8028,0.472637,low,growing,1
record-args,https://github.com/nipafx/record-args,31,2,92,Java,2022-03-31T11:34:17Z,2026-02-03T08:09:46Z,3,0,40,1104,0.823045,low,mature,1
BReversed,https://github.com/Exeos/BReversed,31,1,185,Java,2022-10-19T18:49:05Z,2026-01-21T12:26:42Z,0,0,79,2220,1.888446,medium,growing,2
netty-websocket,https://github.com/daixiaoch/netty-websocket,31,6,143,Java,2022-06-01T17:36:48Z,2026-02-13T12:15:16Z,0,0,8,1716,0.172043,low,growing,1
Accio,https://github.com/Samrat-Bhardwaj/Accio,31,22,259563,Java,2022-11-04T17:28:45Z,2024-10-26T19:16:27Z,0,0,132,3114756,3.196126,medium,growing,1
javacodes,https://github.com/sujana-kamasany/javacodes,31,112,842,Java,2022-02-06T07:00:54Z,2025-07-01T17:30:44Z,31,28,348,10104,6.909332,medium,mature,67
myvario,https://github.com/ydutertre/myvario,31,6,3169,Java,2022-03-12T00:34:16Z,2026-03-11T16:15:24Z,2,0,176,38028,3.574814,medium,mature,2
Dialer,https://github.com/HiddenPirates/Dialer,31,16,3089,Java,2022-04-07T12:01:41Z,2025-02-28T10:49:14Z,3,0,26,37068,0.53756,low,mature,1
MCMTFabricCE,https://github.com/KenRouKoro/MCMTFabricCE,31,0,4465,Java,2022-05-13T16:57:43Z,2026-01-07T18:28:44Z,5,0,68,53580,1.441696,medium,growing,4
medical-java-cloud,https://github.com/anglamei/medical-java-cloud,31,65,43999,Java,2022-06-23T03:24:52Z,2026-01-12T08:13:43Z,7,0,5,527988,0.10917,low,growing,3
bookCave,https://github.com/sudharsanan123/bookCave,31,1,450,Java,2022-07-20T05:54:47Z,2025-02-19T15:53:24Z,0,0,5,5400,0.111359,low,growing,1
semver-check,https://github.com/jagodevreede/semver-check,31,3,324,Java,2022-11-17T20:37:46Z,2026-01-19T07:27:58Z,1,5,148,3888,3.621533,medium,growing,2
DragaliaSaveEditor,https://github.com/sockperson/DragaliaSaveEditor,31,0,915,Java,2022-12-07T07:50:53Z,2026-02-04T04:26:45Z,0,0,69,10980,1.714996,medium,growing,2
B1liB1li-TV,https://github.com/log2c/B1liB1li-TV,31,1,28534,Java,2022-12-13T14:15:02Z,2025-08-24T18:26:49Z,0,0,95,342408,2.373022,medium,growing,1
jspservlet2,https://github.com/lenhattung/jspservlet2,31,240,11737,Java,2022-10-04T08:53:30Z,2026-02-19T15:43:16Z,0,19,36,140844,0.849725,low,growing,1
levoai-burp-extension,https://github.com/levoai/levoai-burp-extension,31,4,173,Java,2022-10-22T21:34:48Z,2026-02-05T23:54:01Z,1,2,33,2076,0.790735,low,growing,6
Sleepometer-Android-App,https://github.com/maityamit/Sleepometer-Android-App,31,41,25881,Java,2022-05-04T00:35:49Z,2026-01-14T11:58:13Z,2,0,156,310572,3.286517,medium,growing,24
TNT,https://github.com/emortalmc/TNT,31,3,288,Java,2022-07-21T13:23:01Z,2025-09-06T21:07:37Z,4,2,39,3456,0.869242,low,growing,5
ok-system-simple,https://github.com/ok1996/ok-system-simple,31,10,2041,Java,2022-12-08T02:20:47Z,2026-03-23T01:23:40Z,0,0,611,24492,15.199005,high,growing,1
Kodlama.io.Devs,https://github.com/kalayciburak/Kodlama.io.Devs,31,0,84,Java,2022-10-30T00:27:14Z,2026-01-01T15:51:33Z,0,0,14,1008,0.337349,low,growing,1
Negative-Weight-SSSP,https://github.com/nevingeorge/Negative-Weight-SSSP,31,2,30560,Java,2022-09-26T15:05:48Z,2025-08-08T07:26:42Z,1,0,44,366720,1.032056,medium,growing,1
flutter_file_downloader,https://github.com/abdallah-odeh/flutter_file_downloader,31,22,5037,Java,2022-05-03T15:45:02Z,2026-02-11T05:41:29Z,5,1,125,60444,2.631579,medium,growing,1
dataTear,https://github.com/BeardedManZhao/dataTear,31,2,2177,Java,2022-09-21T12:56:07Z,2024-04-26T04:42:40Z,0,0,90,26124,2.102804,medium,growing,2
orkes-queues,https://github.com/orkes-io/orkes-queues,31,12,177,Java,2022-09-05T04:29:52Z,2026-03-26T16:17:53Z,7,5,48,2124,1.107692,medium,growing,29
CVE-2022-22965-PoC,https://github.com/Kirill89/CVE-2022-22965-PoC,31,21,123,Java,2022-03-31T13:21:49Z,2025-11-27T14:11:55Z,1,1,9,1476,0.185185,low,mature,2
easyfood,https://github.com/beergold/easyfood,31,12,566,Java,2022-04-12T04:04:31Z,2026-03-01T11:04:08Z,3,1,26,6792,0.539419,low,mature,1
Minecraft-Ping-Wheel,https://github.com/LukenSkyne/Minecraft-Ping-Wheel,31,16,2087,Java,2022-12-06T20:16:53Z,2026-03-16T06:06:25Z,9,2,287,25044,7.133389,medium,growing,11
RTNR,https://github.com/JaeBinCHA7/RTNR,31,11,5014,Java,2022-12-10T11:27:14Z,2026-03-27T04:14:51Z,1,0,10,60168,0.249169,low,growing,1
AE2FluidCraft-Rework,https://github.com/AE2-UEL/AE2FluidCraft-Rework,31,83,6560,Java,2022-05-10T09:54:28Z,2025-02-19T13:45:56Z,30,2,225,78720,4.760226,medium,growing,9
faq-qa-sys,https://github.com/lerry-lee/faq-qa-sys,31,2,341,Java,2022-04-02T09:59:24Z,2025-04-02T06:19:48Z,0,0,9,4092,0.18544,low,mature,1
bd-jb,https://github.com/psxdev/bd-jb,31,3,1138,Java,2022-06-17T23:24:39Z,2025-04-20T06:54:48Z,0,0,3,13656,0.065265,low,growing,1
peoplesoft-azure-sso,https://github.com/peoplesoft-info/peoplesoft-azure-sso,31,4,32706,Java,2022-04-13T04:21:39Z,2026-03-28T10:07:07Z,0,0,23,392472,0.477509,low,mature,1
Online-Shopping-App-SpringBoot-,https://github.com/tuhinsaikh/Online-Shopping-App-SpringBoot-,30,16,445,Java,2022-08-11T07:14:44Z,2025-07-22T05:47:13Z,0,0,158,5340,3.577358,medium,growing,6
TreeView,https://github.com/ikws4/TreeView,30,6,19556,Java,2022-03-13T08:12:11Z,2024-08-18T09:43:46Z,0,0,34,234672,0.691057,low,mature,1
medium-microservices-kafka,https://github.com/pedroluiznogueira/medium-microservices-kafka,30,15,461,Java,2022-03-20T04:16:34Z,2025-03-06T17:57:16Z,0,0,3,5532,0.061266,low,mature,1
JavaHacker,https://github.com/TonyD0g/JavaHacker,30,3,30958,Java,2022-02-28T01:33:22Z,2025-05-15T11:00:36Z,0,0,71,371496,1.43049,medium,mature,1
airport-reservation-system,https://github.com/ramazansakin/airport-reservation-system,30,5,229,Java,2022-01-21T09:57:18Z,2026-02-11T08:59:37Z,0,0,116,2748,2.278978,medium,mature,1
java-tech-interviews-prep,https://github.com/marttp/java-tech-interviews-prep,30,2,7393,Java,2022-04-30T10:58:50Z,2026-01-15T15:19:53Z,0,0,517,88716,10.861345,high,growing,1
OneConfigExampleMod,https://github.com/Polyfrost/OneConfigExampleMod,30,7,352,Java,2022-05-31T15:17:40Z,2026-03-01T03:10:47Z,1,0,50,4224,1.073729,medium,growing,9
java-spotify-api,https://github.com/LabyStudio/java-spotify-api,30,8,375,Java,2022-06-25T06:04:59Z,2026-03-19T17:18:40Z,0,0,71,4500,1.552478,medium,growing,4
Java-Quarkus-Reactive-CQRS-EventSourcing,https://github.com/AleksK1NG/Java-Quarkus-Reactive-CQRS-EventSourcing,30,17,365,Java,2022-04-06T13:48:42Z,2026-02-05T14:47:31Z,0,0,50,4380,1.033058,medium,mature,1
auto-app-consent,https://github.com/TrackerControl/auto-app-consent,30,0,1373,Java,2022-07-16T15:16:59Z,2026-03-16T11:00:39Z,6,0,97,16476,2.15396,medium,growing,3
serial-builder,https://github.com/Marcono1234/serial-builder,30,2,287,Java,2022-01-09T00:17:25Z,2025-10-16T06:59:43Z,2,0,29,3444,0.565302,low,mature,2
TVBox-jar,https://github.com/gzlinz2/TVBox-jar,30,31,32940,Java,2022-09-22T01:04:40Z,2026-03-24T18:34:58Z,0,0,363,395280,8.487919,medium,growing,2
HouseKey,https://github.com/saysky/HouseKey,30,5,65598,Java,2022-02-15T11:11:18Z,2025-11-17T02:30:50Z,0,0,7,787176,0.139814,low,mature,1
DisguiseAPI,https://github.com/itspinger/DisguiseAPI,30,6,692,Java,2022-06-04T19:59:00Z,2026-01-06T12:58:15Z,4,8,240,8304,5.172414,medium,growing,2
react-native-rust-module,https://github.com/lauhon/react-native-rust-module,30,3,15517,Java,2022-05-30T09:28:08Z,2026-01-19T17:29:09Z,1,0,8,186204,0.171674,low,growing,1
MyWallet,https://github.com/abhishek-0713/MyWallet,30,17,27277,Java,2022-12-10T10:38:26Z,2026-03-02T16:42:31Z,0,0,37,327324,0.921927,low,growing,6
WonderlandUHC,https://github.com/MCWonderland/WonderlandUHC,30,3,1388,Java,2022-08-13T03:50:20Z,2025-09-20T15:21:46Z,11,0,27,16656,0.612245,low,growing,1
Hacktoberfest-2022,https://github.com/InvisiblePro/Hacktoberfest-2022,30,117,1977,Java,2022-10-01T07:29:16Z,2024-02-06T18:30:54Z,0,0,387,23724,9.11303,medium,growing,121
ward-study-reservation,https://github.com/f-lab-edu/ward-study-reservation,30,5,725,Java,2022-03-28T14:49:01Z,2025-08-29T14:51:09Z,2,0,360,8700,7.392197,medium,mature,39
Minecraft-Log4j-Exploit,https://github.com/Justin-Garey/Minecraft-Log4j-Exploit,30,4,88959,Java,2022-11-20T04:01:27Z,2026-02-25T00:29:51Z,0,0,3,1067508,0.073529,low,growing,1
Ray-Tracing-Project,https://github.com/ElyasafCohen100/Ray-Tracing-Project,30,0,4086,Java,2022-03-02T13:51:38Z,2026-03-21T08:15:41Z,0,0,40,49032,0.806994,low,mature,3
MXLauncher,https://github.com/yuchuangu85/MXLauncher,30,2,33574,Java,2022-09-11T00:50:38Z,2026-03-24T01:54:31Z,3,0,56,402888,1.2983,medium,growing,1
nbcio-boot,https://github.com/nbacheng/nbcio-boot,30,15,20735,Java,2022-06-21T03:05:37Z,2026-02-09T14:58:31Z,0,0,49,248820,1.068314,medium,growing,3
Angling,https://github.com/8s2/Angling,30,16,530,Java,2022-09-19T18:56:02Z,2026-02-11T03:32:46Z,11,3,12,6360,0.280156,low,growing,1
eventbus,https://github.com/therealbush/eventbus,30,5,90,Java,2022-03-18T20:34:09Z,2026-02-19T14:54:07Z,0,0,5,1080,0.102041,low,mature,1
writeReadRightBot,https://github.com/taksebe-official/writeReadRightBot,30,14,140,Java,2022-01-14T18:05:21Z,2025-07-22T17:16:50Z,0,0,7,1680,0.136986,low,mature,1
dbshop,https://github.com/LeYunone/dbshop,30,0,469,Java,2022-12-25T09:49:08Z,2025-09-12T09:27:59Z,1,0,121,5628,3.052986,medium,growing,1
kq-universal,https://github.com/lzj960515/kq-universal,30,16,472,Java,2022-05-31T02:04:42Z,2025-08-05T04:24:20Z,1,0,20,5664,0.429492,low,growing,2
Susy-Core,https://github.com/SymmetricDevs/Susy-Core,30,68,42339,Java,2022-10-30T22:02:34Z,2026-03-19T04:14:19Z,9,9,2620,508068,63.18328,high,growing,52
amazon-s3-encryption-client-java,https://github.com/aws/amazon-s3-encryption-client-java,30,19,17207,Java,2022-05-23T19:28:33Z,2026-03-11T21:35:51Z,8,14,2901,206484,61.987179,high,growing,43
ImmersivePaintings,https://github.com/Luke100000/ImmersivePaintings,30,34,6600,Java,2022-05-15T16:48:02Z,2026-03-25T07:48:57Z,38,1,319,79200,6.772824,medium,growing,7
graphql-store,https://github.com/danvega/graphql-store,30,15,38474,Java,2022-04-12T15:32:29Z,2026-01-26T13:29:35Z,0,0,82,461688,1.701245,medium,mature,1
spring-boot-blog-application,https://github.com/wazooinc/spring-boot-blog-application,30,17,161,Java,2022-07-04T19:03:43Z,2026-02-03T12:24:43Z,2,1,39,1932,0.859031,low,growing,1
source-vue,https://github.com/smileBoy123456/source-vue,30,12,4058,Java,2022-04-24T06:47:01Z,2026-02-07T02:06:47Z,0,0,106,48696,2.217573,medium,growing,2
LuckyWheel,https://github.com/Mikodesteam/LuckyWheel,30,8,5917,Java,2022-02-12T20:53:31Z,2025-11-22T08:11:41Z,1,0,4,71004,0.079787,low,mature,1
BlackBox-M,https://github.com/yhnu/BlackBox-M,30,90,956,Java,2022-09-07T03:30:18Z,2026-03-10T17:37:46Z,0,0,3,11472,0.069337,low,growing,2
Salawat,https://github.com/DBChoco/Salawat,30,0,46788,Java,2022-05-03T18:53:15Z,2025-11-08T05:04:46Z,2,0,48,561456,1.011236,medium,growing,1
sui4j,https://github.com/GrapeBaBa/sui4j,30,14,1492,Java,2022-11-07T04:22:44Z,2026-02-12T14:49:23Z,15,0,148,17904,3.589329,medium,growing,5
KarGoBangWebServer,https://github.com/MrOwenovo/KarGoBangWebServer,30,5,20934,Java,2022-06-25T15:34:12Z,2025-10-30T02:10:27Z,1,0,36,251208,0.787172,low,growing,1
xpanse,https://github.com/eclipse-xpanse/xpanse,30,25,36427,Java,2022-10-10T07:43:58Z,2026-03-09T13:09:22Z,14,10,2499,437124,59.264822,high,growing,21
Schematic,https://github.com/BjoernKW/Schematic,30,5,733,Java,2022-12-15T16:57:06Z,2026-03-26T13:29:45Z,0,0,441,8796,11.034195,high,growing,3
mvnpm,https://github.com/mvnpm/mvnpm,30,7,2497,Java,2022-10-11T05:44:31Z,2026-03-27T12:42:33Z,4,0,499,29964,11.843354,high,growing,9
slime-korld,https://github.com/luiz-otavio/slime-korld,30,2,143,Java,2022-08-12T01:29:58Z,2026-02-23T17:23:34Z,0,0,42,1716,0.951662,low,growing,1
spring-boot-multitenant-sample,https://github.com/jomatt/spring-boot-multitenant-sample,30,20,115,Java,2022-04-18T12:30:42Z,2026-03-06T00:41:40Z,3,1,49,1380,1.020833,medium,mature,1
Instagram-Downloader,https://github.com/AndroidWithRossyn/Instagram-Downloader,30,10,36348,Java,2022-11-23T13:02:45Z,2026-03-07T10:10:34Z,3,0,22,436176,0.540541,low,growing,1
GerParCor,https://github.com/texttechnologylab/GerParCor,30,10,640,Java,2022-01-13T16:54:26Z,2026-02-26T14:56:08Z,1,0,91,7680,1.778502,medium,mature,6
Jasmine,https://github.com/SpringJasmine/Jasmine,30,5,41661,Java,2022-01-29T09:22:58Z,2025-12-21T07:11:30Z,0,0,18,499932,0.355497,low,mature,1
Java_Code_PTIT,https://github.com/Lazygarde/Java_Code_PTIT,30,8,235,Java,2022-08-17T16:22:26Z,2025-12-13T23:04:20Z,0,0,175,2820,3.980288,medium,growing,2
ms-course-spring_2_6_x,https://github.com/MauricioPG/ms-course-spring_2_6_x,30,12,100,Java,2022-05-03T14:33:26Z,2025-03-07T01:49:21Z,0,0,1,1200,0.021053,low,growing,1
spring-react-socialmedia-app,https://github.com/akifzdemir/spring-react-socialmedia-app,30,7,1945,Java,2022-12-04T18:31:11Z,2025-09-13T07:05:28Z,1,0,28,23340,0.694789,low,growing,1
mapping,https://github.com/pf-wikis/mapping,30,7,97731,Java,2022-10-13T20:10:13Z,2026-03-28T15:37:02Z,8,3,2094,1172772,49.817605,high,growing,3
cloud-alibaba,https://github.com/samkakkk/cloud-alibaba,30,48,398,Java,2022-01-04T02:18:32Z,2026-02-13T05:05:36Z,0,0,8,4776,0.15544,low,mature,2
ucb_cs61b_2022sp,https://github.com/eecsmap/ucb_cs61b_2022sp,30,15,669,Java,2022-03-01T23:44:24Z,2026-03-15T15:48:56Z,0,0,6,8028,0.121049,low,mature,3
MRT,https://github.com/LunarConcerto/MRT,30,0,41677,Java,2022-05-19T11:58:09Z,2025-10-16T17:15:48Z,4,0,48,500124,1.022001,medium,growing,1
mailgun-java,https://github.com/mailgun/mailgun-java,30,15,447,Java,2022-04-05T18:08:36Z,2026-03-28T06:08:07Z,0,1,56,5364,1.157025,medium,mature,13
chardet4j,https://github.com/sigpwned/chardet4j,30,2,310,Java,2022-04-01T02:17:27Z,2026-01-01T18:24:43Z,1,5,170,3720,3.500343,medium,mature,1
yaci,https://github.com/bloxbean/yaci,30,4,4022,Java,2022-08-16T15:19:01Z,2026-03-06T04:15:21Z,29,3,457,48264,10.386364,high,growing,6
iTEM,https://github.com/TGWaffles/iTEM,30,18,1406,Java,2022-01-16T02:32:11Z,2025-06-09T06:47:41Z,0,1,546,16872,10.691906,high,mature,6
raamen-sih,https://github.com/1407arjun/raamen-sih,30,5,281,Java,2022-08-25T07:59:46Z,2026-01-22T12:16:52Z,0,0,18,3372,0.411899,low,growing,5
esignet,https://github.com/mosip/esignet,30,160,34519,Java,2022-08-09T08:31:49Z,2026-03-24T20:52:22Z,4,23,1769,414228,39.992464,high,growing,55
antiyoy_hd,https://github.com/yiotro/antiyoy_hd,30,7,4735,Java,2022-08-27T19:33:50Z,2025-12-27T10:34:34Z,0,0,9,56820,0.206422,low,growing,1
GTNHLib,https://github.com/GTNewHorizons/GTNHLib,30,33,2244,Java,2022-08-07T16:03:35Z,2026-03-23T18:24:45Z,18,10,232,26928,5.23702,medium,growing,143
VArchiveMacro,https://github.com/johypark97/VArchiveMacro,30,1,87820,Java,2022-08-09T14:49:00Z,2026-03-28T08:23:22Z,0,0,734,1053840,16.593821,high,growing,1
micronaut-platform,https://github.com/micronaut-projects/micronaut-platform,30,15,3973,Java,2022-11-03T09:48:32Z,2026-03-25T16:15:49Z,13,9,2922,47676,70.636583,high,growing,32
curso-patrones-arquitectura,https://github.com/manuelzapata/curso-patrones-arquitectura,30,13,980,Java,2022-11-07T03:09:53Z,2025-06-30T09:39:22Z,0,0,14,11760,0.339531,low,growing,1
Create-Ore-Excavation,https://github.com/tom5454/Create-Ore-Excavation,30,28,784,Java,2022-07-24T23:48:27Z,2026-03-07T10:55:30Z,36,0,64,9408,1.4307,medium,growing,13
java-sdk,https://github.com/keploy/java-sdk,30,21,2580,Java,2022-04-10T09:40:06Z,2025-11-26T19:51:58Z,0,7,156,30960,3.232044,medium,mature,15
baidu-netdisk,https://github.com/zhonghang1993/baidu-netdisk,30,8,234,Java,2022-01-14T06:44:30Z,2026-02-01T11:54:01Z,0,0,39,2808,0.762712,low,mature,1
ajLeaderboards,https://github.com/ajgeiss0702/ajLeaderboards,30,43,1393,Java,2022-08-10T17:39:24Z,2026-01-26T14:35:44Z,2,1,764,16716,17.298113,high,growing,5
grpc-java-course,https://github.com/Clement-Jean/grpc-java-course,30,30,189,Java,2022-02-09T07:11:00Z,2026-03-05T04:18:04Z,0,0,174,2268,3.461538,medium,mature,1
proto-java-course,https://github.com/Clement-Jean/proto-java-course,30,29,93,Java,2022-03-19T13:12:50Z,2026-03-27T09:04:02Z,0,0,41,1116,0.836735,low,mature,2
GCAuth-OAuth,https://github.com/Xtao-Labs/GCAuth-OAuth,30,1,2495,Java,2022-05-13T15:48:32Z,2025-08-24T09:04:05Z,1,0,15,29940,0.318021,low,growing,1
lapd,https://github.com/frizensami/lapd,30,8,4346,Java,2022-03-15T04:25:51Z,2026-03-11T12:46:32Z,0,0,2,52152,0.040706,low,mature,4
MendedMinecarts,https://github.com/2No2Name/MendedMinecarts,30,6,785,Java,2022-07-21T16:57:11Z,2025-12-15T01:39:25Z,12,1,226,9420,5.037147,medium,growing,27
shadow-tls-android,https://github.com/maskedeken/shadow-tls-android,30,2,45110,Java,2022-10-27T07:15:43Z,2026-02-02T23:51:35Z,1,0,14,541320,0.336538,low,growing,1
hrms-microservice,https://github.com/ahlem-phantom/hrms-microservice,30,5,346,Java,2022-10-14T15:54:43Z,2026-02-22T19:05:07Z,1,1,46,4152,1.09437,medium,growing,6
logicaDeProgramacao-III,https://github.com/marciomichelluzzi/logicaDeProgramacao-III,30,11,724,Java,2022-09-07T05:59:25Z,2025-08-04T20:18:40Z,0,0,2,8688,0.046225,low,growing,1
babylon-node,https://github.com/radixdlt/babylon-node,30,21,128186,Java,2022-04-25T18:14:59Z,2026-01-14T06:28:51Z,0,2,14526,1538232,304.315642,high,growing,51
attendees,https://github.com/masteringapi/attendees,30,16,126,Java,2022-12-04T11:14:06Z,2026-03-24T08:39:18Z,2,5,32,1512,0.793388,low,growing,1
ghidracord,https://github.com/imxeno/ghidracord,30,6,2239,Java,2022-03-02T23:16:45Z,2025-12-26T21:14:53Z,1,2,14,26868,0.282638,low,mature,2
java-react-bootcamp,https://github.com/zcomert/java-react-bootcamp,30,19,14051,Java,2022-07-18T13:18:28Z,2025-01-12T18:37:01Z,0,0,204,168612,4.536694,medium,growing,11
LodestoneLib-Quilt,https://github.com/Arathain/LodestoneLib-Quilt,29,16,356,Java,2022-04-26T08:57:58Z,2025-11-20T21:49:39Z,3,1,69,4272,1.445531,medium,growing,6
yunmei_unintelligent,https://github.com/zxy19/yunmei_unintelligent,29,5,7348,Java,2022-04-15T16:56:42Z,2025-11-23T06:35:01Z,0,0,30,88176,0.623701,low,mature,3
sql-to-dbsp-compiler,https://github.com/vmware-archive/sql-to-dbsp-compiler,29,6,1721,Java,2022-05-24T20:50:39Z,2026-03-18T03:41:46Z,17,2,405,20652,8.660014,medium,growing,6
GodzillaSource,https://github.com/DeEpinGh0st/GodzillaSource,29,10,49056,Java,2022-02-15T13:44:34Z,2025-12-25T05:03:14Z,0,0,1,588672,0.019973,low,mature,1
limboauthserver,https://github.com/ChinaMcAlly/limboauthserver,29,4,1914,Java,2022-11-30T08:28:29Z,2025-12-13T15:19:47Z,4,0,264,22968,6.523888,medium,growing,10
java_asm_parse,https://github.com/LaNyer640/java_asm_parse,29,2,1438,Java,2022-09-18T13:35:37Z,2025-08-13T11:24:05Z,0,0,23,17256,0.536131,low,growing,2
annotations-cheatsheet,https://github.com/Java-Techie-jt/annotations-cheatsheet,29,54,317,Java,2022-03-27T18:22:20Z,2025-11-22T16:31:57Z,0,0,4,3804,0.082136,low,mature,1
hmc-specifics,https://github.com/headlesshq/hmc-specifics,29,5,482,Java,2022-04-11T20:57:53Z,2026-01-24T13:05:33Z,3,2,95,5784,1.970954,medium,mature,4
REST_Go,https://github.com/codingsoo/REST_Go,29,17,194437,Java,2022-01-28T15:22:56Z,2026-02-01T02:03:06Z,0,0,94,2333244,1.855263,medium,mature,5
gtfs-osm-import,https://github.com/Gabboxl/gtfs-osm-import,29,9,2644,Java,2022-11-21T21:56:32Z,2026-02-12T12:39:28Z,5,5,619,31728,15.196399,high,growing,4
Game-Reverse,https://github.com/SSSPOPSSS/Game-Reverse,29,7,196403,Java,2022-10-10T15:13:19Z,2025-12-01T11:20:33Z,1,0,4,2356836,0.094862,low,growing,1
fabric-library-with-custom-cpp-example,https://github.com/callstack/fabric-library-with-custom-cpp-example,29,1,912,Java,2022-09-13T11:08:07Z,2023-06-03T10:32:48Z,2,0,14,10944,0.325077,low,growing,8
CommonsExtension,https://github.com/OpenRefine/CommonsExtension,29,12,368,Java,2022-01-27T17:18:34Z,2026-02-27T15:44:05Z,32,11,248,4416,4.894737,medium,mature,85
DynamicExplorationGraph,https://github.com/Visual-Computing/DynamicExplorationGraph,29,2,21507,Java,2022-06-16T23:13:53Z,2026-03-13T14:00:40Z,1,2,374,258084,8.130435,medium,growing,3
ChatManager,https://github.com/Crazy-Crew/ChatManager,29,16,135142,Java,2022-07-29T13:51:35Z,2026-03-22T23:31:55Z,21,0,431,1621704,9.663677,medium,growing,10
debugStickSurvival,https://github.com/JustS-js/debugStickSurvival,29,7,100,Java,2022-06-28T07:22:55Z,2025-11-30T01:54:23Z,0,0,35,1200,0.766983,low,growing,3
ScrollOfDebug,https://github.com/Zrp200/ScrollOfDebug,29,8,80342,Java,2022-01-16T00:45:49Z,2026-03-02T12:08:36Z,7,0,94,964104,1.840731,medium,mature,2
LPVS,https://github.com/Samsung/LPVS,29,26,5973,Java,2022-07-28T23:43:50Z,2026-03-27T08:55:15Z,2,0,591,71676,13.251121,high,growing,20
CGVSU,https://github.com/kv1tr4vn/CGVSU,29,19,17884,Java,2022-09-01T15:48:52Z,2026-03-16T19:42:09Z,0,0,12,214608,0.276074,low,growing,1
tmdb,https://github.com/whu-totemdb/tmdb,29,14,126414,Java,2022-03-09T07:20:49Z,2025-11-12T02:17:10Z,0,0,183,1516968,3.709459,medium,mature,11
springspecwrapper,https://github.com/koval666/springspecwrapper,29,0,95,Java,2022-04-11T10:55:48Z,2024-03-16T17:24:25Z,0,0,34,1140,0.704907,low,mature,1
Android-FactoryTest,https://github.com/aystshen/Android-FactoryTest,29,13,11240,Java,2022-04-01T09:42:11Z,2026-03-07T22:08:40Z,2,0,114,134880,2.347289,medium,mature,1
lightspeed,https://github.com/CCr4ft3r/lightspeed,29,5,135,Java,2022-12-09T15:05:56Z,2025-11-25T03:44:57Z,1,0,8,1620,0.19917,low,growing,1
post-sharing-be,https://github.com/gurkanucar/post-sharing-be,29,12,270,Java,2022-07-03T15:25:03Z,2026-03-27T15:29:12Z,0,0,51,3240,1.121701,medium,growing,1
Social-Media-App-ReachMe-,https://github.com/Rohit-Varshney001/Social-Media-App-ReachMe-,29,8,1351,Java,2022-08-28T20:24:34Z,2026-03-06T15:24:08Z,0,0,17,16212,0.390207,low,growing,1
hous-server,https://github.com/Hous-Release/hous-server,29,0,1318,Java,2022-08-09T01:47:31Z,2025-04-08T08:05:52Z,3,0,658,15816,14.875659,high,growing,4
Library_Management_System,https://github.com/SashenJayathilaka/Library_Management_System,29,1,1493,Java,2022-02-10T10:19:51Z,2025-08-28T02:36:43Z,0,0,2,17916,0.039814,low,mature,1
original-radium,https://github.com/nevalackin/original-radium,29,5,26820,Java,2022-08-18T09:58:41Z,2026-01-27T17:45:40Z,2,0,4,321840,0.091047,low,growing,1
NoteBlockLib,https://github.com/RaphiMC/NoteBlockLib,29,3,2999,Java,2022-10-17T15:42:13Z,2026-03-26T11:06:12Z,0,0,304,35988,7.249603,medium,growing,4
java-lvyou,https://github.com/hzl0898/java-lvyou,29,2,7694,Java,2022-04-06T06:12:19Z,2025-12-10T07:09:31Z,0,0,5,92328,0.103306,low,mature,1
Interview-Preparation-WAY,https://github.com/Urunov/Interview-Preparation-WAY,29,11,556490,Java,2022-08-09T12:30:06Z,2026-02-13T09:35:44Z,8,0,331,6677880,7.483044,medium,growing,14
ArduinoBTExamplev3,https://github.com/The-Frugal-Engineer/ArduinoBTExamplev3,29,17,107,Java,2022-12-04T14:16:15Z,2026-03-04T06:54:46Z,1,0,7,1284,0.173554,low,growing,2
FutureSQR,https://github.com/mindscan-de/FutureSQR,29,2,5167,Java,2022-04-29T20:59:59Z,2025-08-31T14:48:07Z,0,0,3425,62004,71.953782,high,growing,2
netbeans-rest-client,https://github.com/javierllorente/netbeans-rest-client,29,4,1536,Java,2022-07-10T16:03:35Z,2026-02-14T17:04:53Z,11,1,137,18432,3.02874,medium,growing,2
Phasher,https://github.com/KapilYadav-dev/Phasher,29,4,273,Java,2022-09-02T15:49:06Z,2025-04-05T19:58:08Z,0,0,7,3276,0.161167,low,growing,1
LiveCommerce,https://github.com/f-lab-edu/LiveCommerce,29,1,9447,Java,2022-07-31T09:23:57Z,2025-12-18T07:09:38Z,0,1,551,113364,12.372754,high,growing,39
ALNS-VRPTW-FL,https://github.com/christianmaxmike/ALNS-VRPTW-FL,29,6,366,Java,2022-07-07T15:48:54Z,2026-02-24T10:57:50Z,0,0,86,4392,1.897059,medium,growing,2
minicp,https://github.com/minicp/minicp,29,27,4824,Java,2022-05-12T19:52:16Z,2026-03-10T16:07:50Z,0,1,89,57888,1.886926,medium,growing,6
Superpack,https://github.com/Gaming32/Superpack,29,2,312,Java,2022-05-15T01:15:29Z,2025-03-16T14:25:41Z,3,0,125,3744,2.653928,medium,growing,1
PowerPlaySleeveDetection,https://github.com/KookyBotz/PowerPlaySleeveDetection,29,3,496,Java,2022-10-04T06:02:43Z,2025-05-25T17:40:45Z,0,0,32,5952,0.755311,low,growing,2
JavaAnotherVerySimple3DSoftwareRenderer,https://github.com/leonardo-ono/JavaAnotherVerySimple3DSoftwareRenderer,29,1,265,Java,2022-07-24T19:41:49Z,2026-02-22T15:22:02Z,0,0,3,3180,0.067064,low,growing,1
tink-tinkey,https://github.com/tink-crypto/tink-tinkey,29,4,1849,Java,2022-06-15T10:05:02Z,2026-03-12T02:09:53Z,2,0,139,22188,3.017366,medium,growing,13
onnxruntime-java,https://github.com/yuzawa-san/onnxruntime-java,29,1,3207,Java,2022-02-18T23:20:51Z,2026-03-25T20:48:33Z,1,0,1157,38484,23.170895,high,mature,1
facharbeit-spaced-repetition,https://github.com/nickhnsn/facharbeit-spaced-repetition,29,2,36112,Java,2022-12-23T22:20:16Z,2025-08-27T05:42:23Z,0,0,44,433344,1.109244,medium,growing,1
osc2checker,https://github.com/51WORLD/osc2checker,29,5,2134,Java,2022-03-24T10:53:40Z,2025-12-17T02:59:53Z,0,0,11,25608,0.225256,low,mature,3
twelvet-fast,https://github.com/twelvet-projects/twelvet-fast,29,12,1354,Java,2022-12-01T05:54:12Z,2026-01-10T08:43:28Z,0,0,389,16248,9.620775,medium,growing,4
algorithm,https://github.com/Shockang/algorithm,29,0,28670,Java,2022-01-09T12:21:29Z,2026-03-10T07:25:36Z,0,0,49,344040,0.955166,low,mature,1
Minecraft-Spigot-learn,https://github.com/Shinyoki/Minecraft-Spigot-learn,29,5,279,Java,2022-03-18T00:27:32Z,2025-12-29T13:58:36Z,1,0,59,3348,1.203263,medium,mature,2
Thirst-Mod,https://github.com/ghen-git/Thirst-Mod,29,18,619,Java,2022-09-15T20:06:36Z,2026-01-09T07:45:50Z,137,1,97,7428,2.257564,medium,growing,4
JavaSec,https://github.com/Xsw6/JavaSec,29,3,5872,Java,2022-11-08T07:02:30Z,2025-12-25T02:23:19Z,0,0,206,70464,5.0,medium,growing,1
bytesocks,https://github.com/lucko/bytesocks,29,4,113,Java,2022-01-09T00:34:01Z,2026-03-23T18:50:54Z,1,2,43,1356,0.838207,low,mature,1
Vanish,https://github.com/DrexHD/Vanish,29,19,859,Java,2022-09-13T20:49:49Z,2026-03-26T00:05:00Z,6,2,177,10308,4.113091,medium,growing,9
Jadens-Nether-Expansion,https://github.com/ThatJadenXgamer/Jadens-Nether-Expansion,29,22,86356,Java,2022-11-10T16:34:05Z,2026-03-25T17:24:39Z,67,2,412,1036272,10.016207,high,growing,15
SMB-SambaAccess-Android,https://github.com/kishansinghpanwar/SMB-SambaAccess-Android,29,9,1371,Java,2022-08-05T11:37:17Z,2026-02-27T23:27:53Z,0,0,20,16452,0.450789,low,growing,1
Zero-Injection,https://github.com/Bigdasgit/Zero-Injection,29,0,16098,Java,2022-03-15T08:27:42Z,2024-12-31T06:46:19Z,0,0,6,193176,0.122117,low,mature,1
JustPlayer,https://github.com/whistlingwoods/JustPlayer,29,6,10888,Java,2022-12-31T03:52:51Z,2026-03-26T07:47:20Z,3,0,11,130656,0.278952,low,growing,2
core-java,https://github.com/akash-coded/core-java,29,29,162607,Java,2022-02-07T10:36:02Z,2026-01-25T18:18:17Z,0,0,100,1951284,1.986755,medium,mature,2
WolfLink-Channel,https://github.com/WolfLink-DevTeam/WolfLink-Channel,29,6,101111,Java,2022-05-14T09:41:33Z,2024-11-17T05:36:20Z,0,0,186,1213332,3.946252,medium,growing,5
Spring-gRPC-Postgres,https://github.com/AleksK1NG/Spring-gRPC-Postgres,29,10,140,Java,2022-11-17T12:06:20Z,2026-01-31T04:11:37Z,0,0,32,1680,0.782396,low,growing,1
ehang-spring-boot,https://github.com/vehang/ehang-spring-boot,29,34,33482,Java,2022-03-07T15:35:01Z,2026-02-13T05:05:49Z,0,0,122,401784,2.469636,medium,mature,3
WebTerminal,https://github.com/zpgu/WebTerminal,29,7,758,Java,2022-03-08T04:07:56Z,2026-02-03T18:47:47Z,0,0,14,9096,0.283592,low,mature,1
react-native-eslint-prettier,https://github.com/devfraga/react-native-eslint-prettier,29,8,484,Java,2022-11-16T21:25:23Z,2025-06-07T20:59:09Z,0,0,4,5808,0.0978,low,growing,1
Java_conect_app,https://github.com/SashenJayathilaka/Java_conect_app,29,0,196,Java,2022-02-10T06:42:21Z,2025-08-28T02:36:35Z,0,0,2,2352,0.039814,low,mature,1
Ribbits,https://github.com/yungnickyoung/Ribbits,29,21,13945,Java,2022-05-13T22:40:25Z,2026-03-15T16:07:10Z,24,4,244,167340,5.176803,medium,growing,12
libmmo,https://github.com/hollow-cube/libmmo,29,4,836,Java,2022-07-24T18:02:03Z,2026-03-19T23:38:35Z,8,4,118,10032,2.637854,medium,growing,6
Android_Offline_QuizApp,https://github.com/bimalkaf/Android_Offline_QuizApp,29,16,98,Java,2022-04-09T09:55:49Z,2026-03-12T15:35:45Z,0,0,1,1176,0.020704,low,mature,2
schema-org-java,https://github.com/Kobee1203/schema-org-java,28,4,26097,Java,2022-09-23T19:28:29Z,2026-03-02T08:56:11Z,3,9,595,313164,13.934426,high,growing,1
JosmMagicWand,https://github.com/developmentseed/JosmMagicWand,28,1,100973,Java,2022-09-21T16:28:50Z,2025-12-28T09:59:42Z,4,1,86,1211676,2.009346,medium,growing,32
flinkful,https://github.com/flowerfine/flinkful,28,13,3726,Java,2022-04-08T00:19:57Z,2025-10-22T07:28:11Z,0,0,326,44712,6.744828,medium,mature,3
Super_150_GLA_2025,https://github.com/monukumar98/Super_150_GLA_2025,28,31,2321,Java,2022-08-25T06:28:45Z,2026-03-23T18:55:04Z,0,0,70,27852,1.601831,medium,growing,1
pillow,https://github.com/PillowMC/pillow,28,0,1030,Java,2022-05-10T11:03:42Z,2026-02-09T03:21:25Z,0,0,122,12360,2.5811,medium,growing,2
School-Management-System-using-Java,https://github.com/naveenkumar-j/School-Management-System-using-Java,28,12,238,Java,2022-07-15T01:58:42Z,2026-01-23T11:06:45Z,1,0,20,2856,0.443787,low,growing,1
retypd-ghidra-plugin,https://github.com/GrammaTech/retypd-ghidra-plugin,28,5,89,Java,2022-05-11T16:22:20Z,2026-03-21T09:08:22Z,0,0,50,1068,1.058574,medium,growing,4
react-native-android-bottomsheet,https://github.com/intergalacticspacehighway/react-native-android-bottomsheet,28,1,475,Java,2022-09-30T19:16:47Z,2024-06-30T06:41:45Z,1,0,21,5700,0.494505,low,growing,1
recaptcha,https://github.com/danvega/recaptcha,28,9,99,Java,2022-12-07T20:15:33Z,2026-01-21T01:57:03Z,2,0,7,1188,0.174129,low,growing,1
11_JavaSpark,https://github.com/backstreetbrogrammer/11_JavaSpark,28,23,5930,Java,2022-11-29T03:19:54Z,2026-02-05T14:10:23Z,0,0,113,71160,2.790123,medium,growing,2
CatSero,https://github.com/Muska-Ami/CatSero,28,1,20428,Java,2022-02-18T09:08:46Z,2025-10-04T22:47:56Z,0,0,799,245136,15.99066,high,mature,2
arch4u-pmd,https://github.com/dgroup/arch4u-pmd,28,3,322,Java,2022-01-04T20:57:30Z,2026-01-31T04:50:02Z,33,8,200,3864,3.888529,medium,mature,6
dsmeta,https://github.com/acenelio/dsmeta,28,12,157,Java,2022-07-09T22:19:17Z,2024-07-30T14:01:11Z,0,0,19,1884,0.420044,low,growing,1
tiny-db,https://github.com/dborchard/tiny-db,28,6,412,Java,2022-11-15T08:24:44Z,2025-11-01T20:34:52Z,2,0,24,4944,0.585842,low,growing,1
HackLights,https://github.com/aliasifk/HackLights,28,1,910,Java,2022-03-05T12:37:54Z,2025-10-26T04:28:14Z,0,0,23,10920,0.46496,low,mature,2
durabletask-java,https://github.com/microsoft/durabletask-java,28,15,21370,Java,2022-01-27T19:53:57Z,2026-03-25T17:55:34Z,41,5,133,256440,2.625,medium,mature,10000
OOP_Java_PTIT,https://github.com/QuanNM-PTIT/OOP_Java_PTIT,28,7,263,Java,2022-08-15T13:26:20Z,2025-10-15T02:37:09Z,0,0,195,3156,4.428463,medium,growing,1
as-as-fans,https://github.com/A-SoulFan/as-as-fans,28,7,86711,Java,2022-03-27T03:31:53Z,2026-01-22T06:22:21Z,7,0,45,1040532,0.923393,low,mature,4
xray-maven-plugin,https://github.com/Xray-App/xray-maven-plugin,28,15,510,Java,2022-02-09T15:29:59Z,2026-03-20T14:09:54Z,4,1,185,6120,3.680371,medium,mature,4
ynu-medical-app,https://github.com/anik1612/ynu-medical-app,28,1,36994,Java,2022-01-05T05:24:51Z,2026-02-25T11:13:22Z,0,0,1,443928,0.019443,low,mature,1
MONE_demo_opensource_android,https://github.com/aliyunvideo/MONE_demo_opensource_android,28,7,131748,Java,2022-10-19T12:44:36Z,2025-10-18T10:18:12Z,5,0,20,1580976,0.477707,low,growing,2
android-twa,https://github.com/revoltchat/android-twa,28,13,206,Java,2022-03-04T18:59:31Z,2026-02-10T11:34:47Z,0,0,8,2472,0.161725,low,mature,2
vaadin-grid-exporter,https://github.com/xdev-software/vaadin-grid-exporter,28,3,6314,Java,2022-08-04T06:09:52Z,2026-03-23T03:49:59Z,4,3,1580,75768,35.585586,high,growing,7
Web-Devlopment-Projects,https://github.com/Shubhamjain287/Web-Devlopment-Projects,28,44,44746,Java,2022-10-13T17:08:23Z,2025-04-23T15:36:22Z,2,9,74,536952,1.760508,medium,growing,19
sivalabs-youtube-code-samples,https://github.com/sivaprasadreddy/sivalabs-youtube-code-samples,28,19,497,Java,2022-05-02T06:35:23Z,2026-03-11T12:19:20Z,0,0,14,5964,0.29453,low,growing,1
Lolorito,https://github.com/DeltaBreaker/Lolorito,28,4,12809,Java,2022-06-19T07:16:03Z,2026-03-07T14:13:45Z,0,0,58,153708,1.2627,medium,growing,2
Arena,https://github.com/Minestom/Arena,28,17,872,Java,2022-04-17T01:51:43Z,2026-01-26T17:12:48Z,4,4,151,10464,3.14365,medium,mature,14
JavaCodeExamples,https://github.com/cuiyungao/JavaCodeExamples,28,8,3778,Java,2022-03-07T14:51:40Z,2026-03-25T14:35:37Z,0,0,54,45336,1.093117,medium,mature,2
VideoTimelineExample,https://github.com/Versus-Skate/VideoTimelineExample,28,5,292,Java,2022-12-16T15:52:36Z,2024-12-02T16:03:28Z,1,0,3,3504,0.075125,low,growing,1
ChatTools,https://github.com/70CentsApple/ChatTools,28,9,3384,Java,2022-11-06T01:51:52Z,2026-03-28T12:49:39Z,13,0,361,40608,8.747981,medium,growing,8
ServerPatches,https://github.com/Summiner/ServerPatches,28,5,183,Java,2022-07-18T21:31:26Z,2026-02-06T00:55:20Z,0,0,81,2196,1.802671,medium,growing,3
Clock31,https://github.com/adolfintel/Clock31,28,5,2264,Java,2022-08-06T07:05:22Z,2025-12-03T13:12:57Z,13,1,12,27168,0.270677,low,growing,2
GodMode,https://github.com/577fkj/GodMode,28,3,526,Java,2022-02-07T16:27:04Z,2026-03-16T05:47:37Z,1,0,3,6312,0.059603,low,mature,1
xclaim,https://github.com/WasabiThumb/xclaim,28,12,17885,Java,2022-05-01T14:20:49Z,2025-10-27T10:26:43Z,25,6,200,214620,4.204625,medium,growing,9
fullstack-ecommerce-microservices,https://github.com/ahmetcan-7/fullstack-ecommerce-microservices,28,5,38975,Java,2022-08-28T08:48:39Z,2026-01-16T02:10:20Z,0,0,65,467700,1.490826,medium,growing,1
webflux-log,https://github.com/kiberohrannik/webflux-log,28,14,228,Java,2022-02-20T23:31:08Z,2026-01-09T11:11:35Z,0,0,70,2736,1.403743,medium,mature,1
sushi-client,https://github.com/Toshimichi0915/sushi-client,28,3,1334,Java,2022-03-24T17:24:21Z,2025-09-30T13:41:27Z,0,0,776,16008,15.901639,high,mature,1
keycloak-cassandra-extension,https://github.com/ba-itsys/keycloak-cassandra-extension,28,6,1364,Java,2022-11-09T13:22:06Z,2026-03-18T15:18:28Z,3,6,476,16368,11.562753,high,growing,5
soccer-news-app,https://github.com/digitalinnovationone/soccer-news-app,28,39,125,Java,2022-03-08T22:21:10Z,2025-11-28T02:01:23Z,0,0,12,1500,0.243243,low,mature,1
sbb3_old,https://github.com/pahkey/sbb3_old,28,19,145,Java,2022-12-12T04:28:04Z,2025-11-23T09:52:43Z,0,0,38,1740,0.948419,low,growing,1
PipePipeClient,https://github.com/InfinityLoop1308/PipePipeClient,28,31,110457,Java,2022-05-11T06:01:35Z,2026-03-14T10:45:22Z,2,1,10849,1325484,229.689485,high,growing,673
paseq-maven-plugin,https://github.com/maciejwalkowiak/paseq-maven-plugin,28,2,105,Java,2022-11-03T09:49:23Z,2025-10-01T15:04:32Z,0,0,28,1260,0.676873,low,growing,1
imbalanced-streams,https://github.com/canoalberto/imbalanced-streams,28,11,337,Java,2022-03-07T20:02:07Z,2026-02-02T06:20:07Z,0,0,23,4044,0.465901,low,mature,2
joint-cinema,https://github.com/emthaibara/joint-cinema,28,7,114899,Java,2022-03-02T12:44:22Z,2025-08-20T17:39:13Z,2,0,27,1378788,0.544721,low,mature,1
Online-Banking-Project,https://github.com/ValentineFernandes/Online-Banking-Project,28,6,1572,Java,2022-06-15T09:46:38Z,2025-10-14T17:09:11Z,0,0,2,18864,0.043415,low,growing,1
unified-publishing,https://github.com/shedaniel/unified-publishing,28,3,111,Java,2022-06-11T06:59:12Z,2025-09-25T23:20:18Z,10,0,15,1332,0.324675,low,growing,2
java-learnit-web-online-store,https://github.com/AndriiPiatakha/java-learnit-web-online-store,28,29,15898,Java,2022-02-26T02:12:52Z,2026-03-05T07:51:53Z,1,0,37,190776,0.744467,low,mature,1
brownies-collections,https://github.com/magicwerk/brownies-collections,28,1,4746,Java,2022-04-29T12:02:27Z,2026-01-10T09:59:30Z,0,0,1114,56952,23.386984,high,growing,1
cf-ledger-sync,https://github.com/cardano-foundation/cf-ledger-sync,28,2,4330,Java,2022-12-09T11:52:15Z,2025-09-07T21:19:56Z,0,1,528,51960,13.145228,high,growing,33
algorithmStar,https://github.com/BeardedManZhao/algorithmStar,28,1,6564,Java,2022-10-10T00:37:05Z,2025-08-22T03:26:17Z,1,0,185,78768,4.387352,medium,growing,1
geodesy,https://github.com/kosmolot-mods/geodesy,28,6,28967,Java,2022-02-07T01:38:25Z,2026-03-12T01:49:29Z,3,0,129,347604,2.562914,medium,mature,5
Aws-Devops-Projects,https://github.com/Osomudeya/Aws-Devops-Projects,28,84,11684,Java,2022-12-09T01:47:52Z,2026-03-27T06:25:02Z,0,0,77,140208,1.917012,medium,growing,1
android-vpn-tun2socks,https://github.com/tabjy/android-vpn-tun2socks,28,17,24680,Java,2022-12-23T17:25:11Z,2025-06-15T15:21:24Z,2,0,3,296160,0.07563,low,growing,1
badpackets,https://github.com/badasintended/badpackets,28,4,342,Java,2022-04-17T09:54:07Z,2026-03-25T02:57:59Z,3,0,98,4104,2.04025,medium,mature,1
JKookTutorial,https://github.com/SNWCreations/JKookTutorial,28,1,2634,Java,2022-11-28T11:46:50Z,2025-12-31T17:07:20Z,0,0,120,31608,2.960526,medium,growing,2
ffc-java-sdk,https://github.com/feature-flags-co/ffc-java-sdk,28,0,7853,Java,2022-01-01T10:44:31Z,2025-01-17T16:07:17Z,0,0,33,94236,0.639948,low,mature,2
Form,https://github.com/ArronYee/Form,28,12,3058,Java,2022-02-09T04:04:08Z,2025-01-17T16:07:18Z,0,0,12,36696,0.238727,low,mature,1
Leetcode-Pro,https://github.com/viego1999/Leetcode-Pro,28,3,7148,Java,2022-01-13T12:59:53Z,2026-03-28T02:18:52Z,0,0,11,85776,0.214984,low,mature,1
TTSAndroid,https://github.com/yt605155624/TTSAndroid,28,2,325,Java,2022-11-23T09:21:24Z,2025-10-28T02:06:30Z,5,0,35,3900,0.859951,low,growing,1
opensearch-testcontainers,https://github.com/opensearch-project/opensearch-testcontainers,28,15,840,Java,2022-07-21T20:09:24Z,2026-03-23T20:40:19Z,0,0,259,10080,5.776952,medium,growing,148
Maple,https://github.com/fengyuecanzhu/Maple,28,11,171,Java,2022-03-28T08:52:50Z,2025-12-01T11:19:31Z,1,0,27,2052,0.554415,low,mature,1
start-parent,https://github.com/studeyang/start-parent,28,10,5477,Java,2022-11-19T06:46:34Z,2026-02-05T03:20:04Z,0,0,19,65724,0.465306,low,growing,1
eisenhower-matrix,https://github.com/antoinechampion/eisenhower-matrix,28,5,1340,Java,2022-03-06T11:19:03Z,2026-02-20T13:20:22Z,1,0,13,16080,0.26298,low,mature,1
RaspberryCameraAutoTrackLive,https://github.com/zackzhangCN/RaspberryCameraAutoTrackLive,28,3,150,Java,2022-02-19T06:48:28Z,2025-01-16T01:31:14Z,0,0,9,1800,0.18024,low,mature,1
doe-data,https://github.com/coderblack/doe-data,28,30,26750,Java,2022-07-13T07:23:01Z,2025-11-03T09:51:55Z,0,0,47,321000,1.041359,medium,growing,1
bta-example-mod,https://github.com/Turnip-Labs/bta-example-mod,28,14,37958,Java,2022-10-25T19:00:31Z,2026-03-08T11:35:46Z,0,0,143,455496,3.434748,medium,growing,11
main-menu-credits,https://github.com/isXander/main-menu-credits,28,5,170,Java,2022-04-28T18:30:55Z,2026-03-25T22:10:37Z,11,2,27,2040,0.56683,low,growing,3
BtAssetManager,https://github.com/Bowtie8904/BtAssetManager,28,0,2172,Java,2022-08-28T21:23:27Z,2026-03-07T12:22:05Z,4,0,65,26064,1.491966,medium,growing,1
BLOG-TUTORIALS,https://github.com/1kevinson/BLOG-TUTORIALS,28,13,1348,Java,2022-02-20T20:40:28Z,2025-08-23T08:15:14Z,0,0,235,16176,4.712567,medium,mature,1
app-referencevalidator,https://github.com/gematik/app-referencevalidator,28,6,205428,Java,2022-09-14T06:47:40Z,2026-03-26T14:30:17Z,3,1,55,2465136,1.278079,medium,growing,29
rain-robot,https://github.com/Rain238/rain-robot,28,3,39414,Java,2022-06-27T18:39:21Z,2025-03-17T13:45:16Z,0,1,92,472968,2.01607,medium,growing,1
dul-dul-dul,https://github.com/softpeanut/dul-dul-dul,28,1,268,Java,2022-07-17T16:49:08Z,2026-01-13T08:21:14Z,2,1,102,3216,2.266667,medium,growing,1
ed_screen_recorder,https://github.com/endmr11/ed_screen_recorder,28,49,130,Java,2022-04-01T22:27:02Z,2025-02-27T02:02:50Z,39,1,74,1560,1.524725,medium,mature,6
sway,https://github.com/tbee/sway,28,3,791,Java,2022-12-17T12:59:43Z,2026-03-25T14:12:58Z,0,5,425,9492,10.651629,high,growing,2
demoApiServer,https://github.com/etaka90/demoApiServer,27,0,281,Java,2022-11-27T10:28:03Z,2024-05-28T14:14:22Z,0,0,6,3372,0.147905,low,growing,1
SecurityJWT,https://github.com/nzaeta/SecurityJWT,50,4,106,Java,2023-11-26T03:59:26Z,2025-01-29T19:01:34Z,1,0,7,1272,0.24619,low,growing,1
Android-Trojan-2.0,https://github.com/shivamsuyal/Android-Trojan-2.0,50,18,484,Java,2023-10-06T07:15:22Z,2026-01-16T13:27:19Z,5,0,1,5808,0.033186,low,growing,3
HologramLib,https://github.com/HologramLib/HologramLib,50,16,3663,Java,2023-07-26T18:15:07Z,2026-03-24T19:18:52Z,10,0,358,43956,11.015385,high,growing,7
caramelChat,https://github.com/LemonCaramel/caramelChat,50,22,566,Java,2023-08-23T01:10:27Z,2026-03-27T08:26:28Z,18,4,55,6792,1.740506,medium,growing,3
jingShop,https://github.com/jsyGitTest/jingShop,50,1,20412,Java,2023-02-07T09:41:23Z,2025-12-23T02:49:14Z,0,0,12,244944,0.31441,low,growing,2
Burp-Suite-Extender-Montoya-Course,https://github.com/federicodotta/Burp-Suite-Extender-Montoya-Course,50,7,1448,Java,2023-06-28T07:54:50Z,2026-03-25T17:36:07Z,1,0,11,17376,0.328685,low,growing,1
online_exam,https://github.com/JQ6374/online_exam,50,5,1221,Java,2023-06-18T10:19:19Z,2026-03-28T08:15:54Z,1,1,64,14652,1.893491,medium,growing,1
DRG_Java,https://github.com/OpenDRG/DRG_Java,50,30,10880,Java,2023-01-11T02:00:39Z,2025-11-20T17:39:04Z,2,0,33,130560,0.84471,low,growing,3
AndroidAppProcess,https://github.com/iamr0s/AndroidAppProcess,50,13,257,Java,2023-05-17T08:47:10Z,2026-03-18T02:57:32Z,0,1,38,3084,1.089866,medium,growing,2
fineely-config,https://github.com/Big-billed-shark/fineely-config,50,0,126,Java,2023-04-07T06:57:57Z,2025-12-22T09:26:06Z,0,0,22,1512,0.607735,low,growing,1
api-testing-playwright-java-testng,https://github.com/mfaisalkhatri/api-testing-playwright-java-testng,50,30,126,Java,2023-02-28T12:29:00Z,2026-03-23T11:44:59Z,1,1,64,1512,1.708185,medium,growing,1
CoralME,https://github.com/coralblocks/CoralME,50,28,229,Java,2023-04-29T01:59:11Z,2025-12-31T02:25:05Z,0,0,181,2748,5.103383,medium,growing,3
Plook,https://github.com/schuanhe/Plook,50,10,4404,Java,2023-03-25T13:31:20Z,2025-11-25T13:06:08Z,0,0,10,52848,0.272975,low,growing,1
AndroidDexEncrypt,https://github.com/maxwell-nc/AndroidDexEncrypt,50,8,1636,Java,2023-12-05T01:14:41Z,2026-03-11T23:42:43Z,1,0,1,19632,0.035545,low,growing,1
CheckInService,https://github.com/ElegantNorlin/CheckInService,50,6,4105,Java,2023-10-18T14:50:57Z,2026-01-20T12:06:20Z,3,0,15,49260,0.504484,low,growing,1
SecretRoutes,https://github.com/yourboykyle/SecretRoutes,50,19,43892,Java,2023-07-03T12:07:35Z,2026-03-20T14:28:37Z,1,0,321,526704,9.63964,medium,growing,3
JBLY,https://github.com/f-lab-edu/JBLY,50,4,24721,Java,2023-02-10T09:06:36Z,2026-01-24T19:16:17Z,9,0,439,296652,11.532399,high,growing,39
jdk.compiler.standalone,https://github.com/kohlschutter/jdk.compiler.standalone,50,0,111,Java,2023-10-07T11:22:02Z,2026-02-28T17:13:13Z,0,0,57,1332,1.893688,medium,growing,1
spring-cloud-gateway-mvc-sample,https://github.com/spencergibb/spring-cloud-gateway-mvc-sample,50,16,151,Java,2023-08-03T20:10:01Z,2026-02-16T08:03:08Z,3,0,44,1812,1.365047,medium,growing,9
wanwu-code-backend,https://github.com/lhccong/wanwu-code-backend,50,8,1379,Java,2023-11-06T06:40:02Z,2026-01-19T12:58:00Z,0,0,5,16548,0.171821,low,growing,1
CloudyBench2024,https://github.com/Rucchao/CloudyBench2024,50,3,26754,Java,2023-12-19T07:41:49Z,2025-07-24T12:17:06Z,0,0,263,321048,9.506024,medium,growing,6
curso-cf-spring-boot,https://github.com/LucasAlderete/curso-cf-spring-boot,49,17,151,Java,2023-09-03T03:45:23Z,2025-11-17T23:28:05Z,0,0,3,1812,0.096051,low,growing,1
-friends,https://github.com/666bears/-friends,49,0,25663,Java,2023-11-06T07:26:06Z,2026-03-17T12:14:50Z,0,0,5,307956,0.171821,low,growing,1
strimzi-mqtt-bridge,https://github.com/strimzi/strimzi-mqtt-bridge,49,16,201,Java,2023-06-01T16:04:14Z,2026-03-17T09:43:54Z,2,1,87,2412,2.531523,medium,growing,55
student,https://github.com/Beisheng8888/student,49,20,5040,Java,2023-06-14T06:07:37Z,2026-03-02T11:21:23Z,0,0,1,60480,0.02947,low,growing,1
FlinkCommerce,https://github.com/airscholar/FlinkCommerce,49,30,309,Java,2023-12-03T18:20:44Z,2026-03-22T18:34:18Z,0,0,2,3708,0.071006,low,growing,1
Kaffee,https://github.com/oslabs-beta/Kaffee,49,4,165935,Java,2023-08-12T03:39:02Z,2024-04-24T21:12:29Z,0,0,289,1991220,9.040667,medium,growing,65
spring-modulith,https://github.com/victorrentea/spring-modulith,49,22,1209,Java,2023-10-14T04:24:56Z,2026-03-06T07:10:22Z,1,1,225,14508,7.533482,medium,growing,1
ecommerce-api,https://github.com/David-DAM/ecommerce-api,49,10,274,Java,2023-01-13T16:33:09Z,2026-02-22T02:24:24Z,0,0,49,3288,1.25641,medium,growing,1
XposedPhotosFIX,https://github.com/RevealedSoulEven/XposedPhotosFIX,49,2,2523,Java,2023-02-11T05:31:15Z,2026-03-13T15:34:57Z,0,0,30,30276,0.788782,low,growing,1
HuskClaims,https://github.com/WiIIiam278/HuskClaims,49,63,166983,Java,2023-11-28T01:09:43Z,2026-03-25T23:16:36Z,34,8,622,2003796,21.927145,high,growing,21
Carpet-Org-Addition,https://github.com/fcsailboat/Carpet-Org-Addition,49,5,5759,Java,2023-09-22T04:18:26Z,2026-03-26T14:37:33Z,0,0,1800,69108,58.823529,high,growing,5
snippet-uiautomator,https://github.com/google/snippet-uiautomator,49,23,47291,Java,2023-05-23T00:01:36Z,2026-03-11T05:56:32Z,2,1,86,567492,2.480769,medium,growing,26
BadOptimizations,https://github.com/imthosea/BadOptimizations,49,4,603,Java,2023-12-04T00:25:02Z,2026-02-19T18:48:15Z,1,0,107,7236,3.798817,medium,growing,2
Tool-Bench,https://github.com/MoritzArena/Tool-Bench,49,4,19051,Java,2023-07-22T05:30:44Z,2026-03-19T08:33:47Z,4,0,94,228612,2.877551,medium,growing,3
DPM_Operate,https://github.com/ItosEO/DPM_Operate,49,9,4990,Java,2023-07-09T06:07:12Z,2026-03-15T20:59:23Z,3,0,37,59880,1.117825,medium,growing,1
MySound,https://github.com/qguangyao/MySound,49,12,112,Java,2023-10-27T11:07:06Z,2025-07-10T08:48:05Z,1,0,5,1344,0.169875,low,growing,1
all-documents-reader,https://github.com/ahmadullahpk/all-documents-reader,49,10,10320,Java,2023-07-08T15:52:09Z,2026-03-03T09:50:01Z,4,0,22,123840,0.663984,low,growing,2
CoinExchange,https://github.com/Zhhi4145/CoinExchange,49,23,22227,Java,2023-06-20T10:08:35Z,2026-02-26T08:19:14Z,0,0,2,266724,0.059289,low,growing,1
StackDeobfuscator,https://github.com/booky10/StackDeobfuscator,49,4,1155,Java,2023-03-20T17:59:39Z,2026-03-03T15:52:19Z,4,0,319,13860,8.676337,medium,growing,2
Neruina,https://github.com/Bawnorton/Neruina,49,6,3268,Java,2023-04-16T03:22:32Z,2026-03-03T19:46:40Z,2,0,113,39216,3.147632,medium,growing,4
RavenWeave,https://github.com/PianoPenguin471/RavenWeave,48,13,2847,Java,2023-04-15T22:16:22Z,2025-09-19T20:10:07Z,5,2,229,34164,6.37883,medium,growing,7
randar-master,https://github.com/spawnmason/randar-master,48,5,259,Java,2023-04-29T20:56:09Z,2026-02-16T10:21:12Z,1,0,74,3108,2.088429,medium,growing,4
matrix-communication-client,https://github.com/Cosium/matrix-communication-client,48,13,117,Java,2023-06-28T21:09:24Z,2026-03-23T09:14:04Z,4,1,115,1404,3.439681,medium,growing,6
CharityPen,https://github.com/zhsongallen/CharityPen,48,18,411,Java,2023-08-15T04:35:49Z,2026-03-01T16:48:15Z,0,0,2,4932,0.062762,low,growing,1
agile-gdx,https://github.com/lanceewing/agile-gdx,48,3,39743,Java,2023-12-19T18:11:22Z,2026-01-29T04:55:05Z,3,0,438,476916,15.850422,high,growing,2
copybook-tools,https://github.com/ballerina-platform/copybook-tools,48,5,210,Java,2023-10-24T05:00:08Z,2025-12-25T05:03:04Z,0,0,53,2520,1.794582,medium,growing,45
DTC_JAVA,https://github.com/ambrosecm/DTC_JAVA,48,4,12595,Java,2023-03-28T02:42:46Z,2025-10-30T08:38:47Z,0,0,20,151140,0.547445,low,growing,1
sabre,https://github.com/sgware/sabre,48,8,12295,Java,2023-10-26T18:14:19Z,2026-02-18T23:46:22Z,0,0,13,147540,0.441676,low,growing,1
inventory-management-system,https://github.com/rashidmakki/inventory-management-system,48,21,46221,Java,2023-05-30T17:09:38Z,2026-03-27T21:34:10Z,0,0,47,554652,1.366279,medium,growing,1
validator,https://github.com/houbb/validator,48,10,270,Java,2023-03-17T07:20:45Z,2026-03-03T05:35:59Z,4,0,29,3240,0.785908,low,growing,1
Jasper-report-maven-plugin,https://github.com/pro-crafting/Jasper-report-maven-plugin,48,10,681,Java,2023-02-22T19:05:55Z,2026-01-10T11:48:50Z,8,3,251,8172,6.669619,medium,growing,3
PolyFactory,https://github.com/Patbox/PolyFactory,48,12,8508,Java,2023-05-16T18:06:14Z,2026-03-01T16:54:58Z,6,1,313,102096,8.977055,medium,growing,6
8b8tCore,https://github.com/XeraPlugins/8b8tCore,48,23,4140,Java,2023-12-18T05:34:38Z,2026-03-24T20:20:31Z,0,0,628,49680,22.67148,high,growing,10
-Designing-Hexagonal-Architecture-with-Java---Second-Edition,https://github.com/PacktPublishing/-Designing-Hexagonal-Architecture-with-Java---Second-Edition,48,38,333,Java,2023-01-23T09:48:33Z,2026-03-21T13:00:32Z,2,11,55,3996,1.422414,medium,growing,6
JSPHunter,https://github.com/TonyD0g/JSPHunter,48,7,55532,Java,2023-03-24T14:23:58Z,2025-10-08T14:20:19Z,0,0,47,666384,1.281818,medium,growing,1
StepCounter,https://github.com/notJust-dev/StepCounter,48,23,635,Java,2023-06-16T18:16:57Z,2026-03-25T17:19:42Z,2,1,13,7620,0.384236,low,growing,1
aeron-io-samples,https://github.com/AdaptiveConsulting/aeron-io-samples,48,23,1557,Java,2023-01-20T14:15:37Z,2026-03-27T13:51:58Z,0,1,134,18684,3.456578,medium,growing,230
spring-boot-for-beginners,https://github.com/ali-bouali/spring-boot-for-beginners,48,91,99,Java,2023-02-24T12:50:46Z,2026-02-25T20:44:16Z,0,2,24,1188,0.638298,low,growing,2
NyxBot,https://github.com/KingPrimes/NyxBot,48,20,51486,Java,2023-08-26T15:11:00Z,2026-03-27T17:09:48Z,3,0,893,617832,28.349206,high,growing,4
delay-job,https://github.com/findthinks/delay-job,48,3,1979,Java,2023-02-14T09:35:14Z,2026-03-09T03:15:45Z,0,0,43,23748,1.133568,medium,growing,2
FlameOut,https://github.com/EyeOfDarkness/FlameOut,48,8,6163,Java,2023-10-18T08:41:59Z,2026-01-17T16:10:40Z,6,1,22,73956,0.73991,low,growing,1
skillsmod,https://github.com/pufmat/skillsmod,48,21,2121,Java,2023-03-08T20:03:25Z,2026-02-24T16:01:13Z,49,0,269,25452,7.237668,medium,growing,11
Java_tutorials,https://github.com/phu004/Java_tutorials,48,8,3739,Java,2023-04-11T03:34:44Z,2025-09-21T00:49:16Z,1,1,33,44868,0.914972,low,growing,1
BYZER-RETRIEVAL,https://github.com/allwefantasy/BYZER-RETRIEVAL,48,10,2432,Java,2023-10-09T13:39:24Z,2026-02-01T11:35:59Z,0,0,155,29184,5.160932,medium,growing,1
JNIC-Virtualization,https://github.com/YumeGod/JNIC-Virtualization,48,6,188,Java,2023-07-18T16:17:08Z,2026-03-15T05:58:16Z,0,0,13,2256,0.396341,low,growing,2
app-list,https://github.com/StarGW-net/app-list,48,4,2923,Java,2023-07-16T04:56:17Z,2026-01-28T03:01:04Z,9,0,24,35076,0.730223,low,growing,1
milo-spring-boot-starter,https://github.com/kangaroo1122/milo-spring-boot-starter,48,21,178,Java,2023-05-05T01:25:57Z,2026-03-24T02:59:56Z,7,0,82,2136,2.325142,medium,growing,2
SparkingFlow,https://github.com/airscholar/SparkingFlow,48,29,97,Java,2023-11-04T13:47:02Z,2026-02-07T04:17:24Z,4,1,2,1164,0.068571,low,growing,1
mc-nbtac-mod,https://github.com/mt1006/mc-nbtac-mod,47,6,6516,Java,2023-01-19T21:55:24Z,2026-03-25T12:45:21Z,17,0,85,78192,2.192605,medium,growing,6
xh-admin-backend,https://github.com/Alixhan/xh-admin-backend,47,10,4569,Java,2023-04-17T06:24:52Z,2026-02-12T08:58:18Z,1,0,133,54828,3.708178,medium,growing,1
M2Dia,https://github.com/uyevan/M2Dia,47,0,149,Java,2023-04-08T12:10:37Z,2026-02-22T07:19:18Z,0,0,15,1788,0.414747,low,growing,1
FastRandom,https://github.com/AnOpenSauceDev/FastRandom,47,11,2466,Java,2023-06-30T00:31:33Z,2025-11-30T16:07:43Z,4,0,103,29592,3.083832,medium,growing,4
aurora_Lite,https://github.com/zhouyqxy/aurora_Lite,47,9,4484,Java,2023-12-05T03:38:51Z,2026-03-19T14:34:07Z,2,1,2,53808,0.07109,low,growing,1
JavaSec,https://github.com/Boogipop/JavaSec,47,3,20009,Java,2023-08-24T09:43:01Z,2026-03-25T14:33:48Z,1,0,14,240108,0.443506,low,growing,1
badget,https://github.com/poorld/badget,47,13,57506,Java,2023-07-19T13:03:42Z,2026-01-24T13:31:33Z,2,0,29,690072,0.885046,low,growing,1
digital-product-pass,https://github.com/eclipse-tractusx/digital-product-pass,47,29,83263,Java,2023-02-03T15:36:50Z,2026-03-20T08:50:27Z,0,11,3254,999156,84.960836,high,growing,266
Improved-Animations,https://github.com/ProjectSlenders/Improved-Animations,47,12,5413,Java,2023-01-19T14:20:51Z,2026-03-18T06:43:30Z,42,0,64,64956,1.649485,medium,growing,4
getting-started-kafka,https://github.com/axel-sirota/getting-started-kafka,47,80,2731,Java,2023-08-21T00:42:18Z,2026-02-27T15:51:04Z,3,0,11,32772,0.347368,low,growing,1
TombedMonitor,https://github.com/yqs112358/TombedMonitor,47,3,423,Java,2023-08-12T16:50:19Z,2025-12-18T01:05:53Z,4,0,31,5076,0.96976,low,growing,1
dozerdb-core,https://github.com/DozerDB/dozerdb-core,47,8,182,Java,2023-09-15T23:43:07Z,2026-01-03T15:04:37Z,8,1,28,2184,0.909091,low,growing,1
generate_report,https://github.com/lovejiashn/generate_report,47,22,109,Java,2023-06-05T08:21:33Z,2025-09-27T05:51:30Z,0,0,2,1308,0.058423,low,growing,1
VitaLoaderRedux,https://github.com/CreepNT/VitaLoaderRedux,47,5,371,Java,2023-07-10T10:12:56Z,2026-03-12T23:05:10Z,3,0,68,4452,2.056452,medium,growing,4
gc-openchat-plugin,https://github.com/jie65535/gc-openchat-plugin,47,7,2044,Java,2023-01-11T14:19:12Z,2026-02-11T16:42:03Z,0,0,36,24528,0.921502,low,growing,2
ChattyAI,https://github.com/zhangyunan1994/ChattyAI,47,17,553,Java,2023-04-23T11:36:56Z,2026-02-12T00:22:17Z,1,1,80,6636,2.242991,medium,growing,5
selfeco,https://github.com/monobogdan/selfeco,47,6,1849,Java,2023-04-07T08:41:10Z,2026-03-22T15:18:00Z,6,0,14,22188,0.38674,low,growing,2
a-functional-approach-to-java,https://github.com/benweidig/a-functional-approach-to-java,47,21,881,Java,2023-02-03T16:39:21Z,2025-12-07T19:18:14Z,0,0,24,10572,0.626632,low,growing,4
DoubleTrouble,https://github.com/TecR0c/DoubleTrouble,47,7,721,Java,2023-12-22T00:25:49Z,2026-03-16T06:25:53Z,0,0,4,8652,0.145103,low,growing,1
macaque-hotswap,https://github.com/hhy50/macaque-hotswap,47,4,9662,Java,2023-07-10T15:29:05Z,2026-03-20T07:36:00Z,0,0,308,115944,9.314516,medium,growing,6
android-apktool,https://github.com/timscriptov/android-apktool,47,12,7352,Java,2023-02-07T17:08:58Z,2026-01-24T15:24:02Z,2,0,67,88224,1.756993,medium,growing,3
neatlogic-itsm,https://github.com/neatlogic/neatlogic-itsm,47,15,44642,Java,2023-02-01T07:57:39Z,2025-12-03T08:33:15Z,2,0,1000,535704,26.064292,high,growing,3
MIUI_NoGuard,https://github.com/gykkuo/MIUI_NoGuard,47,0,120,Java,2023-08-13T11:53:24Z,2025-11-27T07:05:05Z,1,0,11,1440,0.344468,low,growing,1
stocky,https://github.com/jamesawo/stocky,47,18,8272,Java,2023-04-15T17:55:27Z,2026-01-20T22:10:26Z,0,0,847,99264,23.593315,high,growing,1
qdrant-spark,https://github.com/qdrant/qdrant-spark,47,1,161,Java,2023-11-01T12:12:53Z,2026-03-26T05:26:42Z,0,0,79,1932,2.699317,medium,growing,16
hildr,https://github.com/optimism-java/hildr,47,16,5121,Java,2023-05-17T04:02:49Z,2025-08-13T11:24:42Z,24,6,472,61452,13.537285,high,growing,7
CS-Study,https://github.com/SSAFY-9th-6-Study/CS-Study,46,1,19056,Java,2023-03-27T04:02:52Z,2024-02-23T20:03:01Z,0,1,107,228672,2.926162,medium,growing,5
platform-base,https://github.com/ao-space/platform-base,46,15,8253,Java,2023-03-15T08:37:17Z,2026-02-07T23:46:18Z,4,0,682,99036,18.449053,high,growing,16
garbage_classification,https://github.com/massizhi/garbage_classification,46,5,9449,Java,2023-03-05T08:30:38Z,2026-03-19T05:50:24Z,2,0,11,113388,0.294906,low,growing,1
1.20-Tutorial-Mod,https://github.com/DaRealTurtyWurty/1.20-Tutorial-Mod,46,2,250,Java,2023-06-08T16:47:35Z,2026-03-08T13:16:36Z,0,0,30,3000,0.878906,low,growing,1
fire,https://github.com/FireFramework/fire,46,17,17792,Java,2023-02-27T08:27:39Z,2026-03-25T02:21:34Z,0,0,439,213504,11.706667,high,growing,10
game,https://github.com/666bears/game,46,1,25556,Java,2023-11-30T07:21:36Z,2026-03-17T12:14:02Z,0,0,6,306672,0.212014,low,growing,2
flipper-to-proxmark3-and-back,https://github.com/tjamesw123/flipper-to-proxmark3-and-back,46,3,208,Java,2023-07-15T13:38:59Z,2026-03-14T10:28:59Z,1,0,40,2496,1.215805,medium,growing,1
Socialismus,https://github.com/whereareiam/Socialismus,46,4,21654,Java,2023-09-18T06:20:45Z,2026-03-07T05:53:06Z,4,6,793,259848,25.802603,high,growing,3
Lorcana-API,https://github.com/Dogloverblue/Lorcana-API,46,13,51241,Java,2023-04-20T18:32:46Z,2026-03-05T18:27:47Z,4,2,125,614892,3.498134,medium,growing,6
SimpleRadio,https://github.com/CodinGlitch/SimpleRadio,46,18,2569,Java,2023-01-30T22:53:46Z,2026-03-28T01:45:24Z,49,0,633,30828,16.484375,high,growing,11
OpenLYX,https://github.com/LiYuXuanMC/OpenLYX,46,5,89256,Java,2023-10-21T14:20:51Z,2026-03-26T12:49:45Z,0,0,7,1071072,0.23622,low,growing,1
AgroWorldapp,https://github.com/theashishgavade/AgroWorldapp,46,13,13439,Java,2023-04-20T19:07:31Z,2026-03-10T10:04:03Z,3,0,86,161268,2.406716,medium,growing,3
Beet,https://github.com/isa-group/Beet,46,2,724784,Java,2023-05-08T08:36:56Z,2025-10-23T05:37:09Z,0,0,36,8697408,1.023697,medium,growing,2
AzureLib,https://github.com/AzureDoom/AzureLib,46,16,9793,Java,2023-01-24T07:54:08Z,2026-03-23T01:21:50Z,2,0,1232,117516,31.88956,high,growing,13
helper,https://github.com/libxposed/helper,46,38,422,Java,2023-01-08T16:38:56Z,2026-02-25T19:17:40Z,2,0,101,5064,2.578723,medium,growing,1
AndroidBLE,https://github.com/PangHaHa12138/AndroidBLE,46,14,70725,Java,2023-09-22T10:00:19Z,2026-03-21T13:42:42Z,0,0,3,848700,0.098039,low,growing,2
shierbi-backend,https://github.com/kongshier/shierbi-backend,46,6,4611,Java,2023-07-10T08:40:37Z,2026-02-15T02:44:05Z,1,0,24,55332,0.725806,low,growing,1
yshop-drink,https://github.com/zhjrate/yshop-drink,46,11,11611,Java,2023-12-13T06:38:13Z,2026-03-27T07:58:54Z,0,0,6,139332,0.215311,low,growing,1
CandleDragon,https://github.com/HHa1ey/CandleDragon,46,8,2757,Java,2023-03-17T03:47:42Z,2025-08-10T22:45:46Z,0,0,11,33084,0.298103,low,growing,1
linwin-sploit,https://github.com/LinWin-Cloud/linwin-sploit,46,4,63581,Java,2023-03-22T11:03:33Z,2026-03-15T02:07:47Z,1,0,195,762972,5.30853,medium,growing,1
Vectras-VM-Android,https://github.com/ankit1057/Vectras-VM-Android,45,33,24539,Java,2023-11-21T10:49:36Z,2026-03-24T15:56:12Z,0,0,20,294468,0.699301,low,growing,2
infineon-lpa-mirror,https://github.com/CursedHardware/infineon-lpa-mirror,45,15,3783,Java,2023-11-22T07:46:30Z,2026-02-10T14:48:49Z,0,0,5,45396,0.175029,low,growing,6
heima-dianping-redis,https://github.com/AZhangsan/heima-dianping-redis,45,11,12772,Java,2023-04-03T11:29:08Z,2026-03-05T06:05:43Z,0,1,15,153264,0.412844,low,growing,2
jdkman,https://github.com/wkgcass/jdkman,45,4,221,Java,2023-12-07T04:55:35Z,2026-01-28T07:32:16Z,0,0,21,2652,0.748219,low,growing,1
astro4j,https://github.com/melix/astro4j,45,11,166296,Java,2023-04-11T18:47:53Z,2026-03-28T11:14:17Z,21,14,2141,1995552,59.417206,high,growing,3
heig-vd-dai-course,https://github.com/heig-vd-dai-course/heig-vd-dai-course,45,16,93662,Java,2023-07-13T12:07:35Z,2026-03-28T14:58:11Z,8,3,421,1123944,12.770475,high,growing,65
test-driven-generation,https://github.com/BoukeNijhuis/test-driven-generation,45,5,260,Java,2023-12-27T14:54:34Z,2026-01-09T13:22:47Z,0,0,85,3120,3.10219,medium,growing,2
trifa_material,https://github.com/Zoxcore/trifa_material,45,8,1637673,Java,2023-10-05T13:40:38Z,2026-03-27T15:16:07Z,5,0,1624,19652076,53.834254,high,growing,8
Elasticsearch-Adapter,https://github.com/mgmetehan/Elasticsearch-Adapter,45,3,22127,Java,2023-09-09T15:08:48Z,2026-02-10T18:44:40Z,0,0,43,265524,1.385607,medium,growing,2
graphql-kata,https://github.com/BNYMellon/graphql-kata,45,16,497,Java,2023-03-29T15:33:57Z,2025-10-20T15:40:55Z,3,0,9,5964,0.246575,low,growing,4
VotingApp,https://github.com/swapnilbamble1438/VotingApp,45,39,685,Java,2023-07-06T12:04:55Z,2026-03-27T09:16:21Z,0,1,8,8220,0.240964,low,growing,1
UltraRemote,https://github.com/arsi-apli/UltraRemote,45,7,729,Java,2023-09-04T14:05:24Z,2026-02-16T22:15:58Z,5,2,21,8748,0.673077,low,growing,2
playwright-java-cucumber,https://github.com/akshayp7/playwright-java-cucumber,45,26,394,Java,2023-03-24T04:05:07Z,2026-03-06T06:02:24Z,0,0,3,4728,0.081818,low,growing,1
StellarView,https://github.com/Povstalec/StellarView,45,15,13417,Java,2023-05-23T19:42:48Z,2026-03-17T00:03:32Z,34,1,478,161004,13.801732,high,growing,7
DisplayEntityUtils,https://github.com/PZDonny/DisplayEntityUtils,45,6,3554,Java,2023-08-23T21:22:13Z,2026-03-27T06:44:12Z,0,0,1569,42648,49.704329,high,growing,2
pilauncher,https://github.com/ser-mk/pilauncher,45,3,1026,Java,2023-01-22T16:09:22Z,2023-12-14T15:12:37Z,0,0,250,12312,6.459948,medium,growing,2
VideoCapCut,https://github.com/JeffMony/VideoCapCut,45,9,44764,Java,2023-04-02T15:31:12Z,2026-01-20T09:20:26Z,1,0,7,537168,0.192484,low,growing,1
freefish-api,https://github.com/which0113/freefish-api,45,0,3658,Java,2023-12-26T12:28:12Z,2026-03-25T12:36:15Z,0,0,132,43896,4.811665,medium,growing,1
RealCamera,https://github.com/xTracr/RealCamera,45,9,1507,Java,2023-03-14T10:01:10Z,2026-03-14T16:05:14Z,89,1,183,18084,4.945946,medium,growing,6
tasklist,https://github.com/SpringBootCourses/tasklist,45,12,207,Java,2023-01-29T09:50:12Z,2025-12-02T00:50:30Z,3,6,106,2484,2.755633,medium,growing,1
spring-openai-bot,https://github.com/Azure-Samples/spring-openai-bot,45,14,92,Java,2023-02-21T15:38:54Z,2025-10-05T16:50:28Z,0,1,37,1104,0.981432,low,growing,23
Azaria,https://github.com/Azaria-Team/Azaria,45,6,4312,Java,2023-08-19T17:14:18Z,2026-01-10T08:56:33Z,0,0,100,51744,3.154574,medium,growing,4
pjrmi,https://github.com/deshaw/pjrmi,45,8,1204,Java,2023-04-18T21:25:56Z,2026-03-24T17:01:45Z,1,2,154,14448,4.301676,medium,growing,16
capacitor-file-chunk,https://github.com/qrclip/capacitor-file-chunk,45,10,1100,Java,2023-03-19T14:43:22Z,2026-03-05T00:42:58Z,1,0,28,13200,0.760181,low,growing,5
VPNoverSSH,https://github.com/Anton2319/VPNoverSSH,45,13,25707,Java,2023-04-22T05:48:11Z,2026-03-13T19:06:01Z,4,0,21,308484,0.588235,low,growing,1
JMU-Campus,https://github.com/Durancer/JMU-Campus,45,20,2245,Java,2023-01-23T15:25:00Z,2026-02-15T09:54:44Z,7,1,353,26940,9.12931,medium,growing,6
OpenMyJ2C,https://github.com/YumeGod/OpenMyJ2C,45,5,13943,Java,2023-02-01T08:06:57Z,2025-12-19T08:08:29Z,1,0,29,167316,0.755864,low,growing,3
BounceTales,https://github.com/HelloOO7/BounceTales,44,4,283,Java,2023-01-07T21:31:31Z,2026-03-21T22:28:59Z,0,0,14,3396,0.357447,low,growing,1
Map-Check,https://github.com/cylorun/Map-Check,44,2,212,Java,2023-09-04T16:54:34Z,2026-03-21T07:56:42Z,0,0,56,2544,1.794872,medium,growing,2
Java-Fundamentals-January-2023,https://github.com/DesislavaTopuzakova/Java-Fundamentals-January-2023,44,7,108,Java,2023-01-14T12:05:39Z,2026-02-13T14:49:00Z,0,0,14,1296,0.359281,low,growing,1
LightAntiCheat,https://github.com/tiredvekster/LightAntiCheat,44,22,28790,Java,2023-08-17T15:25:27Z,2026-03-21T12:36:50Z,31,1,127,345480,3.993711,medium,growing,5
tibber-pulse-reader,https://github.com/micw/tibber-pulse-reader,44,8,91,Java,2023-03-11T23:20:19Z,2025-05-18T07:23:28Z,0,0,58,1092,1.564748,medium,growing,2
waterframes,https://github.com/SrRapero720/waterframes,44,34,2149,Java,2023-03-11T05:21:10Z,2026-03-01T07:49:12Z,15,0,601,25788,16.199461,high,growing,11
java-library-template,https://github.com/thriving-dev/java-library-template,44,6,645,Java,2023-08-28T22:11:01Z,2026-01-28T17:24:56Z,3,1,154,7740,4.904459,medium,growing,3
project-NMJ-renewal,https://github.com/alex-gibeom/project-NMJ-renewal,44,4,784,Java,2023-01-01T14:28:15Z,2026-01-13T20:53:52Z,4,0,20,9408,0.507614,low,growing,1
damibus,https://github.com/noear/damibus,44,4,942,Java,2023-09-08T02:19:28Z,2025-11-20T15:59:59Z,0,0,597,11304,19.216738,high,growing,9
na-lab-server,https://github.com/depromeet/na-lab-server,44,2,981,Java,2023-04-26T13:20:06Z,2026-02-14T08:37:14Z,3,0,297,11772,8.350515,medium,growing,198
chatgpt-demo,https://github.com/asleepyfish/chatgpt-demo,44,18,6183,Java,2023-02-14T02:24:45Z,2025-06-03T09:47:03Z,1,0,41,74196,1.080844,medium,growing,1
deserialization_payload_generator,https://github.com/bcvgh/deserialization_payload_generator,44,2,12522,Java,2023-12-26T01:03:37Z,2025-11-26T02:44:35Z,0,0,31,150264,1.130012,medium,growing,1
agri-blockchain-trace,https://github.com/Ruby-cc/agri-blockchain-trace,44,12,7199,Java,2023-02-09T06:04:05Z,2026-03-11T06:06:00Z,1,0,5,86388,0.131234,low,growing,1
Forge-Course-1.20.X,https://github.com/Kaupenjoe/Forge-Course-1.20.X,44,8,3803,Java,2023-06-08T16:28:09Z,2026-03-23T20:25:38Z,0,0,102,45636,2.988281,medium,growing,1
Andulir,https://github.com/Werun-backend/Andulir,44,12,211,Java,2023-11-05T15:17:21Z,2026-02-22T07:16:03Z,0,0,57,2532,1.956522,medium,growing,13
AndroidUHidPureJava,https://github.com/WuDi-ZhanShen/AndroidUHidPureJava,44,8,97,Java,2023-06-12T02:24:10Z,2026-03-07T18:02:33Z,2,0,31,1164,0.911765,low,growing,1
2023-votogether,https://github.com/woowacourse-teams/2023-votogether,44,4,12604,Java,2023-06-29T01:22:34Z,2026-03-08T12:32:47Z,17,1,437,151248,13.070788,high,growing,8
ServerUtilities,https://github.com/GTNewHorizons/ServerUtilities,44,35,9099,Java,2023-09-16T20:02:20Z,2026-03-22T02:53:30Z,28,6,694,109188,22.55688,high,growing,156
ai-intellij-plugin,https://github.com/didalgolab/ai-intellij-plugin,44,21,4886,Java,2023-05-04T00:40:39Z,2026-02-24T08:37:53Z,11,1,108,58632,3.05949,medium,growing,1
haiku,https://github.com/vil/haiku,44,6,3993,Java,2023-01-21T19:23:14Z,2026-03-24T05:46:19Z,2,0,121,47916,3.126615,medium,growing,2
FullStackEgg,https://github.com/JerePrograma/FullStackEgg,44,8,42876,Java,2023-03-15T04:40:16Z,2025-06-09T15:23:35Z,0,0,44,514512,1.190261,medium,growing,1
descope-java,https://github.com/descope/descope-java,44,4,869,Java,2023-04-10T17:32:59Z,2026-03-23T11:54:01Z,2,10,255,10428,7.07024,medium,growing,55
SMTShell-API,https://github.com/BLuFeNiX/SMTShell-API,44,8,103,Java,2023-03-24T07:12:20Z,2026-02-13T02:19:48Z,0,0,5,1236,0.136364,low,growing,1
L-T-Edutech-Activities,https://github.com/akshatjain1199/L-T-Edutech-Activities,44,47,9518,Java,2023-02-28T13:32:54Z,2025-08-13T11:24:30Z,0,4,714,114216,19.05694,high,growing,1
BungeeForge,https://github.com/caunt/BungeeForge,44,7,295,Java,2023-04-11T06:53:03Z,2026-02-13T14:55:19Z,6,1,32,3540,0.887246,low,growing,1
ChatGPT-Android,https://github.com/BlueWhaleYT/ChatGPT-Android,44,12,1704,Java,2023-03-10T10:12:03Z,2026-02-28T06:42:52Z,2,0,47,20448,1.265709,medium,growing,1
Java_Rasp_Demo,https://github.com/wenkayx/Java_Rasp_Demo,44,1,407,Java,2023-03-07T11:06:23Z,2026-03-28T07:41:39Z,0,0,7,4884,0.188004,low,growing,2
KG-Task-Ctl,https://github.com/persistencelkg/KG-Task-Ctl,44,2,68732,Java,2023-10-17T10:52:59Z,2026-02-22T07:16:45Z,1,1,59,824784,1.982083,medium,growing,1
seq,https://github.com/wolray/seq,43,13,180,Java,2023-09-18T13:42:12Z,2026-02-12T15:14:02Z,2,0,39,2160,1.26898,medium,growing,1
chzzk4j,https://github.com/R2turnTrue/chzzk4j,43,11,470,Java,2023-12-30T20:01:23Z,2026-02-13T21:53:29Z,1,0,186,5640,6.821516,medium,growing,8
keycloak-email-otp,https://github.com/5-stones/keycloak-email-otp,43,25,463,Java,2023-02-21T18:25:57Z,2026-03-26T10:02:07Z,2,0,54,5556,1.433628,medium,growing,9
paimon-trino,https://github.com/apache/paimon-trino,43,52,291,Java,2023-03-31T04:38:59Z,2026-03-26T15:45:20Z,21,12,72,3492,1.976212,medium,growing,40
wedding-jira-backend,https://github.com/zeze1004/wedding-jira-backend,43,2,511,Java,2023-10-25T03:52:43Z,2025-10-08T11:43:19Z,9,0,296,6132,10.033898,high,growing,3
CinemaMod,https://github.com/CinemaMod/CinemaMod,43,21,5140,Java,2023-03-11T21:00:13Z,2026-02-11T22:52:19Z,15,3,130,61680,3.507194,medium,growing,4
RandomMeteor,https://github.com/SplashAni/RandomMeteor,43,4,578,Java,2023-02-18T16:11:00Z,2025-12-15T02:09:23Z,0,1,215,6936,5.687831,medium,growing,3
hwp2hwpx,https://github.com/neolord0/hwp2hwpx,43,21,40409,Java,2023-09-20T10:43:58Z,2026-03-25T10:15:24Z,0,1,30,484908,0.978261,low,growing,2
nightcore-spigot,https://github.com/nulli0n/nightcore-spigot,43,72,1377,Java,2023-12-31T21:22:02Z,2026-03-19T14:31:30Z,5,2,256,16524,9.400245,medium,growing,10
code-structure,https://github.com/danvega/code-structure,43,11,639,Java,2023-09-21T20:02:28Z,2026-03-27T16:45:41Z,1,0,4,7668,0.130719,low,growing,1
trino-openapi,https://github.com/nineinchnick/trino-openapi,43,12,2858,Java,2023-07-10T17:15:27Z,2026-01-28T19:38:32Z,21,2,372,34296,11.261352,high,growing,6
Mini_Bootcamp_Cucumber,https://github.com/hanzelkaraagac/Mini_Bootcamp_Cucumber,43,9,198,Java,2023-10-09T16:02:24Z,2025-06-30T09:24:42Z,0,0,43,2376,1.431743,medium,growing,2
sneaky,https://github.com/adryd325/sneaky,43,6,238,Java,2023-06-05T07:07:16Z,2025-12-31T04:34:17Z,0,0,49,2856,1.431353,medium,growing,1
jujiao-yuan-backend,https://github.com/qimu666/jujiao-yuan-backend,43,5,6836,Java,2023-03-14T12:29:32Z,2025-11-17T09:14:04Z,1,0,42,82032,1.135135,medium,growing,1
gtnh-no-nerf,https://github.com/ElytraServers/gtnh-no-nerf,43,5,3715,Java,2023-04-15T18:09:12Z,2026-03-07T08:02:00Z,8,0,84,44580,2.339833,medium,growing,3
crm,https://github.com/wp-ahmed/crm,43,66,8884,Java,2023-06-07T11:29:25Z,2026-03-25T15:09:56Z,0,7,405,106608,11.853659,high,growing,1
chatunitest-core,https://github.com/ZJU-ACES-ISE/chatunitest-core,43,21,4243,Java,2023-10-14T07:15:10Z,2026-03-03T09:03:11Z,1,0,204,50916,6.830357,medium,growing,7
Advanced-Full-Stack-Project-With-Java-Spring-Boot-And-React-Redux-Online-Banking,https://github.com/Berko01/Advanced-Full-Stack-Project-With-Java-Spring-Boot-And-React-Redux-Online-Banking,43,27,4720,Java,2023-09-10T22:23:32Z,2026-02-20T13:52:04Z,0,0,4,56640,0.129171,low,growing,1
netbeans-chatgpt,https://github.com/Hillrunner2008/netbeans-chatgpt,43,8,193,Java,2023-06-22T18:25:31Z,2026-01-16T14:20:23Z,6,0,10,2316,0.297324,low,growing,1
programacao_assistida_por_IA_com_Amazon_CodeWhisperer,https://github.com/cami-la/programacao_assistida_por_IA_com_Amazon_CodeWhisperer,43,13,2472,Java,2023-07-31T18:27:30Z,2025-06-12T02:33:55Z,1,0,15,29664,0.463918,low,growing,1
belajar-spring-restful-api,https://github.com/ProgrammerZamanNow/belajar-spring-restful-api,43,20,118,Java,2023-05-15T07:57:14Z,2026-02-25T15:24:28Z,0,0,31,1416,0.887405,low,growing,3
ait,https://github.com/amblelabs/ait,43,31,329282,Java,2023-10-08T00:38:53Z,2026-03-25T19:43:15Z,153,14,7344,3951384,244.257206,high,growing,31
springboot-k8s,https://github.com/DEVOPS-WITH-WEB-DEV/springboot-k8s,43,186,33833,Java,2023-04-27T13:52:29Z,2025-12-29T10:02:27Z,1,1,6,405996,0.168856,low,growing,1
antares-blog-backend,https://github.com/qk-antares/antares-blog-backend,43,6,2360,Java,2023-08-19T08:19:44Z,2025-06-04T09:46:50Z,1,0,12,28320,0.378151,low,growing,1
JAVA-SE-Tutorial-codeswithpankaj,https://github.com/Pankaj-Str/JAVA-SE-Tutorial-codeswithpankaj,43,17,1049,Java,2023-06-12T09:18:43Z,2025-12-26T07:38:29Z,7,0,410,12588,12.058824,high,growing,4
Sign-In-With-Google-React-Native-Expo,https://github.com/betomoedano/Sign-In-With-Google-React-Native-Expo,43,14,797,Java,2023-04-21T21:02:09Z,2026-03-22T07:12:41Z,0,0,2,9564,0.056022,low,growing,1
QuestAudioPatcher,https://github.com/threethan/QuestAudioPatcher,43,0,4518,Java,2023-11-18T15:13:30Z,2026-03-21T02:24:19Z,6,0,19,54216,0.662021,low,growing,1
java-sdk,https://github.com/extism/java-sdk,43,8,983,Java,2023-09-13T15:08:07Z,2025-12-18T14:32:02Z,3,2,46,11796,1.488673,medium,growing,7
class-programming_with_java,https://github.com/gikpreet/class-programming_with_java,43,3,5537,Java,2023-07-31T22:24:01Z,2025-09-02T14:57:04Z,0,0,391,66444,12.092784,high,growing,18
FPSMaster-v2,https://github.com/WithoutIQ/FPSMaster-v2,43,7,41119,Java,2023-07-29T13:44:37Z,2026-02-18T17:56:49Z,0,0,5,493428,0.154162,low,growing,1
create_connected,https://github.com/hlysine/create_connected,43,22,10229,Java,2023-12-04T13:39:32Z,2026-03-21T02:29:18Z,43,1,1033,122748,36.674556,high,growing,9
zetasql-toolkit,https://github.com/GoogleCloudPlatform/zetasql-toolkit,42,8,517,Java,2023-04-21T20:21:05Z,2026-03-11T01:20:15Z,10,8,118,6204,3.305322,medium,growing,469
SetlistFmToSpotifyPlaylist,https://github.com/Selbi182/SetlistFmToSpotifyPlaylist,42,4,457,Java,2023-03-10T14:17:21Z,2026-03-09T21:01:55Z,1,0,83,5484,2.235189,medium,growing,2
archive,https://github.com/LegacyLauncher/archive,42,10,56725,Java,2023-07-31T19:01:38Z,2026-03-25T13:35:10Z,0,0,303,680700,9.371134,medium,growing,1
SpringStory,https://github.com/doriyan13/SpringStory,42,25,639,Java,2023-04-12T07:03:49Z,2026-03-01T02:38:23Z,2,1,155,7668,4.301573,medium,growing,3
ghidra-deep-links,https://github.com/foundryzero/ghidra-deep-links,42,1,1729,Java,2023-08-22T14:34:43Z,2026-03-06T14:01:19Z,0,0,10,20748,0.316122,low,growing,7
PAPIProxyBridge,https://github.com/WiIIiam278/PAPIProxyBridge,42,19,528,Java,2023-03-05T20:50:44Z,2026-03-10T19:50:18Z,7,6,153,6336,4.105546,medium,growing,11
runflow,https://github.com/songhongtu/runflow,42,14,3649,Java,2023-01-11T08:35:15Z,2025-09-30T03:10:42Z,2,2,87,43788,2.226962,medium,growing,1
NotFine,https://github.com/jss2a98aj/NotFine,42,11,751,Java,2023-02-05T02:02:20Z,2026-03-26T17:35:11Z,25,1,211,9012,5.518745,medium,growing,12
No1HouseRentalSystem,https://github.com/YuLin-Coder/No1HouseRentalSystem,42,0,29313,Java,2023-11-16T02:02:33Z,2025-10-22T14:44:00Z,0,0,10,351756,0.347625,low,growing,2
gsein-platform,https://github.com/lhing17/gsein-platform,42,14,4680,Java,2023-02-21T08:29:35Z,2026-01-25T11:04:59Z,3,0,71,56160,1.883289,medium,growing,1
LauncherC,https://github.com/liu-wanshun/LauncherC,42,21,266891,Java,2023-01-16T07:10:45Z,2026-03-19T09:52:01Z,0,0,61948,3202692,1592.493573,high,growing,152
heima-leadnew,https://github.com/shuhongfan/heima-leadnew,42,14,888830,Java,2023-06-13T11:56:42Z,2026-02-14T14:00:55Z,0,0,13,10665960,0.382728,low,growing,1
No9OnlineBookStoreSystem,https://github.com/YuLin-Coder/No9OnlineBookStoreSystem,42,0,11556,Java,2023-11-18T12:21:22Z,2025-10-22T14:44:02Z,0,0,4,138672,0.139373,low,growing,1
ldDecrypt,https://github.com/zlhy7/ldDecrypt,42,11,48241,Java,2023-10-12T10:23:05Z,2026-03-06T22:55:40Z,3,0,10,578892,0.334076,low,growing,2
openhab-esphome,https://github.com/seime/openhab-esphome,42,11,4972,Java,2023-05-22T16:02:14Z,2026-03-28T04:43:14Z,0,4,246,59664,7.089337,medium,growing,8
ArtVerse,https://github.com/xoliu1/ArtVerse,42,0,233207,Java,2023-11-18T03:13:21Z,2026-03-12T06:38:36Z,0,0,64,2798484,2.229965,medium,growing,3
mentoria_desmitificando_SQL_NoSQL_com_ChatGPT_Santander,https://github.com/cami-la/mentoria_desmitificando_SQL_NoSQL_com_ChatGPT_Santander,42,19,85,Java,2023-08-30T19:28:43Z,2024-10-29T22:07:34Z,1,0,5,1020,0.159574,low,growing,1
droolsGPT,https://github.com/mariofusco/droolsGPT,42,11,694,Java,2023-10-12T15:25:11Z,2026-03-24T21:04:32Z,0,0,7,8328,0.233853,low,growing,2
generative-ai-and-testing,https://github.com/mwinteringham/generative-ai-and-testing,42,11,282,Java,2023-04-17T18:56:12Z,2026-03-11T17:47:23Z,0,0,21,3384,0.586047,low,growing,1
binapi,https://github.com/ishuaige/binapi,42,13,232,Java,2023-05-13T13:52:58Z,2025-09-15T13:37:49Z,0,0,30,2784,0.857143,low,growing,1
AutoLog,https://github.com/logpai/AutoLog,42,3,77521,Java,2023-08-17T06:41:37Z,2026-03-16T09:34:23Z,2,0,24,930252,0.754717,low,growing,7
spring-boot-3-rest-api-template,https://github.com/digitalinnovationone/spring-boot-3-rest-api-template,42,25,122,Java,2023-05-21T21:06:50Z,2026-03-23T05:46:31Z,0,1,33,1464,0.951009,low,growing,2
evolution-from-netty-to-springboot,https://github.com/cybertheye/evolution-from-netty-to-springboot,42,42,1313,Java,2023-10-31T07:16:50Z,2026-02-13T05:01:49Z,26,2,39,15756,1.331058,medium,growing,16
Medium-Stories-Projects,https://github.com/mertcakmak2/Medium-Stories-Projects,41,23,355,Java,2023-08-08T17:56:31Z,2025-05-12T13:23:11Z,0,0,76,4260,2.370062,medium,growing,1
ngrok-java,https://github.com/ngrok/ngrok-java,41,17,580,Java,2023-03-29T16:47:04Z,2026-02-18T22:10:49Z,11,0,408,6960,11.178082,high,growing,14
dex-translator,https://github.com/Col-E/dex-translator,41,3,46384,Java,2023-04-15T14:00:40Z,2025-11-07T17:42:12Z,0,0,105,556608,2.922078,medium,growing,2
rinha-backend-2023-q3-java,https://github.com/hugomarques/rinha-backend-2023-q3-java,41,13,7958,Java,2023-08-16T01:54:22Z,2026-03-06T14:03:21Z,0,0,20,95496,0.628272,low,growing,2
ImmersiveMelodies,https://github.com/Luke100000/ImmersiveMelodies,41,14,19842,Java,2023-08-11T19:43:34Z,2026-03-19T02:56:19Z,30,4,141,238104,4.410845,medium,growing,5
ForegroundPin,https://github.com/HChenX/ForegroundPin,41,3,521,Java,2023-12-17T12:05:00Z,2026-01-08T20:25:58Z,0,0,76,6252,2.740385,medium,growing,1
GhidraSVD,https://github.com/antoniovazquezblanco/GhidraSVD,41,4,2151,Java,2023-12-15T19:28:04Z,2026-03-27T10:32:48Z,1,0,184,25812,6.626651,medium,growing,1
modern-frontends-with-htmx-sources,https://github.com/wimdeblauwe/modern-frontends-with-htmx-sources,41,9,265,Java,2023-11-18T19:40:48Z,2026-02-20T06:36:45Z,0,0,3,3180,0.104651,low,growing,1
sc-trade-companion,https://github.com/EtienneLamoureux/sc-trade-companion,41,12,121952,Java,2023-09-22T18:06:39Z,2026-03-11T04:12:32Z,18,5,339,1463424,11.090513,high,growing,5
fleet-management,https://github.com/openremote/fleet-management,41,18,5135,Java,2023-11-09T12:28:26Z,2026-03-27T12:40:36Z,17,0,111,61620,3.827586,medium,growing,16
mqtt-cloud-pubsub-connector,https://github.com/GoogleCloudPlatform/mqtt-cloud-pubsub-connector,41,7,1766,Java,2023-01-26T07:10:33Z,2026-03-25T22:58:13Z,1,2,1001,21192,25.955056,high,growing,464
No44CampusActivityManagement,https://github.com/YuLin-Coder/No44CampusActivityManagement,41,0,53655,Java,2023-12-03T15:02:46Z,2025-12-11T15:57:00Z,0,0,2,643860,0.070922,low,growing,1
java-virtual-thread-course,https://github.com/vinsguru/java-virtual-thread-course,41,64,27862,Java,2023-11-10T23:52:05Z,2026-02-25T22:06:04Z,0,0,9,334344,0.31106,low,growing,1
GPT4_lll,https://github.com/lukenc/GPT4_lll,41,10,119771,Java,2023-06-02T10:15:50Z,2026-03-23T07:48:25Z,4,0,247,1437252,7.194175,medium,growing,2
FRC-2022-Public,https://github.com/Team254/FRC-2022-Public,41,11,28859,Java,2023-01-05T23:49:50Z,2026-01-17T03:30:27Z,0,0,10,346308,0.254885,low,growing,6
llm-vul,https://github.com/lin-tan/llm-vul,41,5,41123,Java,2023-05-26T04:09:59Z,2025-12-08T19:14:49Z,1,0,5,493476,0.144648,low,growing,2
AutomationtestingProject,https://github.com/hanzelkaraagac/AutomationtestingProject,41,3,95,Java,2023-07-06T21:43:25Z,2025-06-30T09:24:05Z,0,0,80,1140,2.41206,medium,growing,1
back-end,https://github.com/sarjdev/back-end,41,7,234,Java,2023-08-14T23:13:41Z,2026-03-20T22:54:40Z,2,0,84,2808,2.635983,medium,growing,2
hexadecimal-demo,https://github.com/youapple/hexadecimal-demo,41,11,203,Java,2023-06-17T07:11:12Z,2026-03-27T08:25:20Z,0,0,108,2436,3.192118,medium,growing,1
selenium-logger,https://github.com/titusfortner/selenium-logger,41,3,99,Java,2023-02-12T14:53:33Z,2026-01-20T17:14:32Z,1,0,85,1188,2.236842,medium,growing,1
gpt-codegen,https://github.com/RobJenks/gpt-codegen,41,14,1333,Java,2023-06-04T19:16:03Z,2026-03-27T19:11:22Z,2,1,443,15996,12.940604,high,growing,5
EasyArmorStands,https://github.com/56738/EasyArmorStands,41,17,3373,Java,2023-01-17T20:52:31Z,2026-02-08T04:51:44Z,11,0,552,40476,14.214592,high,growing,3
Open-MyJ2c,https://github.com/MyJ2c/Open-MyJ2c,41,6,238,Java,2023-02-09T10:59:59Z,2026-02-02T16:47:12Z,1,1,15,2856,0.393701,low,growing,3
LimboHub,https://github.com/Elytrium/LimboHub,41,8,159,Java,2023-07-10T19:04:12Z,2026-02-24T15:10:18Z,18,1,15,1908,0.454087,low,growing,8
Android-MotivationalQuotes,https://github.com/storyofdavid/Android-MotivationalQuotes,41,10,1462,Java,2023-05-17T08:27:38Z,2025-01-15T16:29:56Z,0,0,6,17544,0.172084,low,growing,1
jdk-classfile-backport,https://github.com/smallrye/jdk-classfile-backport,41,4,1808,Java,2023-07-24T17:21:37Z,2026-02-27T12:54:02Z,2,0,354,21696,10.87001,high,growing,11
hyperlpr3-android-sdk,https://github.com/HyperInspire/hyperlpr3-android-sdk,41,14,33597,Java,2023-03-06T15:16:45Z,2026-03-25T10:45:32Z,2,0,11,403164,0.29517,low,growing,1
easy-jmeter,https://github.com/guojiaxing1995/easy-jmeter,41,15,3674,Java,2023-05-08T10:38:40Z,2026-03-13T09:17:03Z,2,0,114,44088,3.241706,medium,growing,1
IDEasy,https://github.com/devonfw/IDEasy,41,60,10262,Java,2023-09-15T14:02:12Z,2026-03-27T14:54:18Z,199,15,1145,123144,37.135135,high,growing,74
graph-support,https://github.com/jamisonjiang/graph-support,41,13,3738,Java,2023-04-04T04:19:54Z,2026-03-05T14:32:55Z,1,0,167,44856,4.600551,medium,growing,4
java-langchains,https://github.com/cupybara/java-langchains,41,8,823,Java,2023-05-26T17:52:54Z,2025-08-30T14:19:10Z,3,1,136,9876,3.938224,medium,growing,2
ProxyPass,https://github.com/Kas-tle/ProxyPass,41,13,810,Java,2023-03-16T04:45:01Z,2026-03-21T09:42:56Z,0,0,239,9720,6.471119,medium,growing,20
AAAI,https://github.com/MartingKing/AAAI,41,27,3536,Java,2023-04-18T09:55:08Z,2026-01-07T12:50:01Z,0,0,2,42432,0.055814,low,growing,1
0-to-1-Microservices-Distributed-E-commerce-System-Template,https://github.com/lh728/0-to-1-Microservices-Distributed-E-commerce-System-Template,40,9,119367,Java,2023-10-14T14:15:52Z,2025-09-28T10:53:57Z,0,0,345,1432404,11.551339,high,growing,1
Litematica-Forge,https://github.com/ThinkingStudios/Litematica-Forge,40,7,2448,Java,2023-04-22T00:46:07Z,2026-03-14T16:28:52Z,18,0,90,29376,2.521008,medium,growing,3
hello-algo,https://github.com/qianjiangboy/hello-algo,40,5,113269,Java,2023-11-14T10:26:06Z,2026-02-07T11:34:49Z,0,0,1730,1359228,60.0,high,growing,126
serverless-production-readiness-java-gcp,https://github.com/GoogleCloudPlatform/serverless-production-readiness-java-gcp,40,23,27192,Java,2023-06-16T14:47:22Z,2026-03-26T13:16:05Z,0,7,397,326304,11.722441,high,growing,469
Psammos-Mod,https://github.com/Andromeda-Galaxy29/Psammos-Mod,40,8,5584,Java,2023-12-14T17:32:05Z,2026-02-05T18:10:47Z,0,0,1393,67008,50.107914,high,growing,5
2023-dong-gle,https://github.com/woowacourse-teams/2023-dong-gle,40,7,5291,Java,2023-06-29T01:22:22Z,2025-07-13T12:51:46Z,21,1,286,63492,8.554337,medium,growing,9
Daily-Diary,https://github.com/ctorney/Daily-Diary,40,3,27594,Java,2023-01-20T15:25:32Z,2026-03-26T00:19:24Z,0,0,62,331128,1.599312,medium,growing,2
open-weather,https://github.com/folksdev/open-weather,40,6,558,Java,2023-03-23T23:56:54Z,2025-06-25T19:59:33Z,0,0,2,6696,0.054545,low,growing,2
SheGuard,https://github.com/Mahmud0808/SheGuard,40,13,6002,Java,2023-09-28T08:09:25Z,2026-02-22T20:19:43Z,0,1,61,72024,2.006579,medium,growing,1
flink-connector-snowflake,https://github.com/deltastreaminc/flink-connector-snowflake,40,7,162,Java,2023-09-07T23:02:53Z,2026-03-12T00:55:24Z,6,0,56,1944,1.802575,medium,growing,1
keycloak-event-metrics,https://github.com/kokuwaio/keycloak-event-metrics,40,6,249,Java,2023-03-02T19:33:45Z,2026-03-26T08:10:19Z,0,0,250,2988,6.690455,medium,growing,8
kafka-streams-api-for-developers,https://github.com/dilipsundarraj1/kafka-streams-api-for-developers,40,78,870,Java,2023-01-05T14:42:02Z,2026-02-04T12:18:34Z,1,0,64,10440,1.629881,medium,growing,2
scaler,https://github.com/AliyunContainerService/scaler,40,111,80909,Java,2023-06-07T09:43:40Z,2025-08-31T07:16:08Z,0,1,26,970908,0.760976,low,growing,13
jini-plugin,https://github.com/pannous/jini-plugin,40,13,38095,Java,2023-03-15T08:39:06Z,2025-11-24T10:13:28Z,1,0,22,457140,0.595131,low,growing,1
SWAT,https://github.com/SWAT-project/SWAT,40,0,313565,Java,2023-11-24T00:12:54Z,2026-02-26T08:07:19Z,4,0,11,3762780,0.385965,low,growing,2
NeoForm,https://github.com/neoforged/NeoForm,40,14,115523,Java,2023-07-14T21:13:28Z,2026-03-24T16:08:46Z,0,2,486,1386276,14.772036,high,growing,35
LibraryMansgementSystem,https://github.com/lixuanzi/LibraryMansgementSystem,40,9,15075,Java,2023-01-17T02:02:59Z,2025-12-16T03:00:47Z,0,0,44,180900,1.132075,medium,growing,1
automated-tests-with-java-erudio,https://github.com/leandrocgsi/automated-tests-with-java-erudio,40,13,119,Java,2023-02-15T19:06:20Z,2026-03-02T20:19:12Z,0,0,96,1428,2.535211,medium,growing,1
WearableSpoof,https://github.com/Simon1511/WearableSpoof,40,2,175,Java,2023-05-11T17:59:22Z,2026-03-11T11:52:12Z,0,0,16,2100,0.456708,low,growing,2
WuKongIMAndroidSDK,https://github.com/WuKongIM/WuKongIMAndroidSDK,40,57,14568,Java,2023-05-09T07:33:52Z,2026-03-13T09:18:37Z,5,1,102,174816,2.903226,medium,growing,1
LLMAO,https://github.com/squaresLab/LLMAO,40,11,210710,Java,2023-03-26T22:57:29Z,2026-03-21T14:01:24Z,3,0,32,2528520,0.875114,low,growing,6
flupke,https://github.com/ptrd/flupke,40,8,1143,Java,2023-02-25T11:09:44Z,2026-03-25T11:23:24Z,1,1,424,13716,11.286602,high,growing,3
dmtools,https://github.com/IstiN/dmtools,40,18,9973,Java,2023-08-15T14:59:51Z,2026-03-27T20:41:34Z,0,2,1458,119676,45.753138,high,growing,11
No67CampusSecondHandTransaction-ManagementSystem,https://github.com/YuLin-Coder/No67CampusSecondHandTransaction-ManagementSystem,40,1,29744,Java,2023-12-23T03:26:48Z,2025-10-22T14:43:56Z,0,0,2,356928,0.072639,low,growing,1
docs-assistant,https://github.com/marcushellberg/docs-assistant,40,14,592,Java,2023-05-19T00:06:41Z,2025-09-05T04:46:03Z,1,0,17,7104,0.488506,low,growing,3
No83CampusVolunteerActivityManagementSystem,https://github.com/YuLin-Coder/No83CampusVolunteerActivityManagementSystem,40,0,6736,Java,2023-12-28T10:00:23Z,2025-11-27T12:21:52Z,0,0,2,80832,0.073082,low,growing,1
quarkus-primefaces,https://github.com/quarkiverse/quarkus-primefaces,40,4,878,Java,2023-02-16T16:11:34Z,2026-03-27T11:56:57Z,1,0,690,10536,18.221831,high,growing,33
Java-Concurrency-Programming,https://github.com/onjsdnjs/Java-Concurrency-Programming,40,34,33177,Java,2023-10-16T01:17:57Z,2025-12-31T00:22:22Z,0,0,185,398124,6.208054,medium,growing,1
lectureCode-sp23,https://github.com/Berkeley-CS61B/lectureCode-sp23,40,84,12242,Java,2023-01-18T20:27:53Z,2026-02-18T12:34:50Z,0,1,6,146904,0.154639,low,growing,92
NaiveproxyForAndroid,https://github.com/Dobiec/NaiveproxyForAndroid,40,0,103,Java,2023-02-13T01:35:52Z,2026-03-11T15:15:51Z,1,0,5,1236,0.131694,low,growing,1
VNPAY-Springboot-Demo,https://github.com/pad1092/VNPAY-Springboot-Demo,40,9,108,Java,2023-05-09T07:39:54Z,2026-03-17T01:53:54Z,0,0,11,1296,0.313093,low,growing,1
scaleguard,https://github.com/dhaneeshtb/scaleguard,40,2,3253,Java,2023-08-26T07:13:20Z,2026-03-11T08:18:25Z,1,3,175,39036,5.555556,medium,growing,3
kotori-plugins,https://github.com/OreoCupcakes/kotori-plugins,40,48,1744,Java,2023-02-10T05:24:03Z,2026-03-26T00:09:33Z,0,0,621,20928,16.313485,high,growing,4
fastcampus-2023-backend-advacned,https://github.com/morenice/fastcampus-2023-backend-advacned,40,19,532,Java,2023-04-02T06:49:36Z,2025-12-31T15:00:18Z,0,0,8,6384,0.219982,low,growing,1
lowflow-design-converter,https://github.com/tsai996/lowflow-design-converter,40,29,6239,Java,2023-12-21T11:30:41Z,2025-11-05T00:42:11Z,0,0,23,74868,0.833333,low,growing,2
atguigu_SPZX,https://github.com/shuhongfan/atguigu_SPZX,40,21,181814,Java,2023-11-03T15:36:44Z,2026-03-24T16:14:57Z,1,0,1,2181768,0.034247,low,growing,1
lark-markdown,https://github.com/xzc-coder/lark-markdown,40,9,43010,Java,2023-11-29T06:27:56Z,2025-05-13T01:13:30Z,1,0,3,516120,0.105882,low,growing,1
spring-boot-jwt-vue3,https://github.com/kyungseo/spring-boot-jwt-vue3,40,16,18926,Java,2023-05-01T11:57:32Z,2026-01-13T06:41:32Z,0,0,2,227112,0.056497,low,growing,1
proleap-cobol,https://github.com/uwol/proleap-cobol,39,9,5010,Java,2023-05-23T15:40:21Z,2026-03-21T09:03:27Z,5,0,41,60120,1.182692,medium,growing,1
Create-Diesel-Generators,https://github.com/george8188625/Create-Diesel-Generators,39,63,3657,Java,2023-06-27T14:09:13Z,2026-03-26T15:43:30Z,42,1,64,43884,1.910448,medium,growing,9
BFU-CS,https://github.com/CCCP-lus/BFU-CS,39,0,560023,Java,2023-09-01T09:20:15Z,2026-02-04T08:34:36Z,0,0,71,6720276,2.268371,medium,growing,3
AionEncomBase_Java7,https://github.com/MATTYOneInc/AionEncomBase_Java7,39,30,388929,Java,2023-08-17T12:37:51Z,2026-02-22T14:14:28Z,14,0,639,4667148,20.09434,high,growing,10
edu-system,https://github.com/seasonl2014/edu-system,39,22,4710,Java,2023-05-10T23:09:56Z,2026-02-13T05:03:09Z,0,0,85,56520,2.423954,medium,growing,1
chatgpt-whisper-spring-boot,https://github.com/wenqiglantz/chatgpt-whisper-spring-boot,39,22,92,Java,2023-03-05T15:56:54Z,2025-05-02T19:59:18Z,0,6,16,1104,0.428954,low,growing,1
muchat,https://github.com/pisces-hub/muchat,39,17,7180,Java,2023-06-14T07:29:20Z,2025-12-10T08:35:01Z,7,0,102,86160,3.005894,medium,growing,4
GBCamera-Android-Manager,https://github.com/Mraulio/GBCamera-Android-Manager,39,10,3626,Java,2023-03-18T19:00:08Z,2025-12-23T16:15:08Z,1,0,466,43512,12.651584,high,growing,5
npk-api,https://github.com/hooyantsing/npk-api,39,7,983,Java,2023-05-05T01:52:30Z,2026-03-14T01:36:16Z,3,0,103,11796,2.920605,medium,growing,1
transactional-outbox-pattern,https://github.com/aws-samples/transactional-outbox-pattern,39,4,2040,Java,2023-10-19T07:09:48Z,2026-03-06T07:27:07Z,2,1,41,24480,1.380471,medium,growing,10
DiscordLeaderboards,https://github.com/ka0un/DiscordLeaderboards,39,0,5026,Java,2023-04-30T11:45:24Z,2025-09-09T16:03:48Z,0,0,135,60312,3.809972,medium,growing,2
blog-searcher-java-springboot,https://github.com/minsoozz/blog-searcher-java-springboot,39,2,116601,Java,2023-03-18T05:45:27Z,2025-02-08T12:03:33Z,0,0,80,1399212,2.169982,medium,growing,1
2023-yozm-cafe,https://github.com/woowacourse-teams/2023-yozm-cafe,39,4,8496,Java,2023-06-29T01:23:02Z,2025-02-28T12:11:38Z,27,2,1489,101952,44.536391,high,growing,8
No43HouseRentalSystem3,https://github.com/YuLin-Coder/No43HouseRentalSystem3,39,0,15921,Java,2023-12-03T15:01:07Z,2025-10-22T14:43:50Z,1,0,2,191052,0.070922,low,growing,1
linguagens-de-programacao,https://github.com/joaopauloaramuni/linguagens-de-programacao,39,3,127935,Java,2023-07-23T20:46:03Z,2025-12-17T13:37:03Z,0,0,123,1535220,3.773006,medium,growing,1
spider-node-community,https://github.com/spider-node/spider-node-community,39,5,9497,Java,2023-09-13T15:37:11Z,2025-09-01T01:45:07Z,0,0,108,113964,3.495146,medium,growing,2
3arthh4ck-Client,https://github.com/3arthh4ckDevelopment/3arthh4ck-Client,39,4,19711,Java,2023-05-29T18:23:41Z,2026-03-16T06:40:33Z,2,0,552,236532,16.030978,high,growing,12
No3CompanyInternalManagementSystem,https://github.com/YuLin-Coder/No3CompanyInternalManagementSystem,39,0,21679,Java,2023-11-17T01:12:31Z,2025-10-22T14:43:46Z,0,0,4,260148,0.139211,low,growing,1
onlineEducationExamPublic,https://github.com/ynwynw/onlineEducationExamPublic,39,4,38801,Java,2023-10-19T03:52:40Z,2026-01-07T07:14:02Z,2,0,4,465612,0.13468,low,growing,1
2023-pium,https://github.com/woowacourse-teams/2023-pium,39,5,2735,Java,2023-06-29T01:22:07Z,2025-04-23T05:11:00Z,2,0,188,32820,5.623131,medium,growing,8
No17StudentAchievementManagementSystem,https://github.com/YuLin-Coder/No17StudentAchievementManagementSystem,39,0,23814,Java,2023-11-21T10:06:56Z,2025-10-22T14:43:48Z,0,0,3,285768,0.104895,low,growing,1
Java-The-Complete-Reference-12th-Edition-Source-Code,https://github.com/sudouser777/Java-The-Complete-Reference-12th-Edition-Source-Code,39,32,181,Java,2023-11-05T11:58:53Z,2026-01-04T18:21:48Z,0,0,43,2172,1.475973,medium,growing,1
gcyr,https://github.com/Argent-Matter/gcyr,39,16,14870,Java,2023-05-25T10:26:18Z,2026-03-07T23:48:26Z,18,0,320,178440,9.248555,medium,growing,14
zip-forge,https://github.com/helpermethod/zip-forge,39,2,259,Java,2023-04-03T08:06:47Z,2026-03-13T11:51:56Z,1,0,249,3108,6.853211,medium,growing,2
jagged,https://github.com/exceptionfactory/jagged,39,5,451,Java,2023-07-13T04:32:19Z,2026-02-04T03:17:18Z,0,0,124,5412,3.761375,medium,growing,1
PlayerChat,https://github.com/handy-git/PlayerChat,39,12,620,Java,2023-06-24T06:37:49Z,2026-03-26T12:42:53Z,0,0,230,7440,6.845238,medium,growing,2
java-trainning,https://github.com/devs-javagirl/java-trainning,39,24,1035,Java,2023-09-27T18:16:19Z,2025-04-05T20:29:17Z,41,5,109,12420,3.585526,medium,growing,24
spring-boot-problem-handler,https://github.com/officiallysingh/spring-boot-problem-handler,39,7,568,Java,2023-06-17T09:12:36Z,2026-03-24T03:42:45Z,1,0,138,6816,4.078818,medium,growing,4
spring-lifecycle-smoke-tests,https://github.com/spring-projects/spring-lifecycle-smoke-tests,39,20,503,Java,2023-06-21T16:08:36Z,2025-07-15T17:42:01Z,5,6,18,6036,0.534125,low,growing,12
OtterJet,https://github.com/softwaremill/OtterJet,39,1,1508,Java,2023-11-27T10:59:21Z,2025-04-17T19:48:23Z,0,1,72,18096,2.535211,medium,growing,105
temario-daw,https://github.com/BertoMP/temario-daw,39,20,727252,Java,2023-06-08T06:07:50Z,2026-03-11T16:59:10Z,0,0,9,8727024,0.263672,low,growing,1
bitwig-timecalc,https://github.com/ensonic/bitwig-timecalc,39,3,95,Java,2023-11-01T18:32:36Z,2025-12-22T21:21:11Z,1,1,33,1140,1.128848,medium,growing,1
EuphoriaPatcher,https://github.com/EuphoriaPatches/EuphoriaPatcher,39,0,4153,Java,2023-02-25T23:31:05Z,2026-03-25T09:27:24Z,6,0,547,49836,14.573712,high,growing,3
openai-webflux-java,https://github.com/reactiveclown/openai-webflux-java,39,11,144,Java,2023-03-08T10:37:45Z,2025-08-15T07:57:56Z,3,1,75,1728,2.016129,medium,growing,2
Safar,https://github.com/Github2k10/Safar,39,12,689,Java,2023-05-10T08:38:31Z,2026-03-21T18:28:15Z,0,0,90,8268,2.564103,medium,growing,1
DSA-Cracker,https://github.com/Lets-code-with-us/DSA-Cracker,39,38,45768,Java,2023-10-10T17:19:46Z,2026-03-28T05:37:23Z,0,0,2215,549216,73.915462,high,growing,24
WalksyCrystalOptimizer,https://github.com/Walksy/WalksyCrystalOptimizer,38,57,809,Java,2023-05-17T18:28:11Z,2026-02-18T23:11:43Z,35,2,23,9708,0.660287,low,growing,2
petAdopt2Public,https://github.com/giteecode/petAdopt2Public,38,0,10121,Java,2023-10-14T03:03:05Z,2026-01-31T10:26:40Z,1,0,1,121452,0.033482,low,growing,2
plugin-bilibili-bangumi,https://github.com/Roozenlz/plugin-bilibili-bangumi,38,5,1027,Java,2023-07-22T10:36:15Z,2026-03-13T13:28:20Z,2,0,41,12324,1.255102,medium,growing,2
No2SalesManagementSystem,https://github.com/YuLin-Coder/No2SalesManagementSystem,38,0,19500,Java,2023-11-16T11:16:23Z,2025-10-22T14:43:36Z,0,0,4,234000,0.13905,low,growing,1
hello-service,https://github.com/nlinhvu/hello-service,38,22,813,Java,2023-08-04T17:44:09Z,2025-11-15T14:00:19Z,2,1,12,9756,0.372671,low,growing,1
super-app-example,https://github.com/callstack/super-app-example,38,22,1717,Java,2023-03-27T23:08:27Z,2026-01-15T08:02:23Z,5,0,7,20604,0.191606,low,growing,8
Build-your-own-Programming-Language-Second-Edition,https://github.com/PacktPublishing/Build-your-own-Programming-Language-Second-Edition,38,10,417,Java,2023-08-07T11:14:20Z,2026-02-05T01:40:39Z,0,0,25,5004,0.778008,low,growing,6
jresolve-cli,https://github.com/bowbahdoe/jresolve-cli,38,0,140,Java,2023-11-07T15:29:05Z,2026-02-17T10:34:42Z,1,0,70,1680,2.408257,medium,growing,1
drm-shell,https://github.com/tenaf0/drm-shell,38,0,225,Java,2023-01-02T17:09:27Z,2024-06-14T22:25:05Z,0,0,10,2700,0.254237,low,growing,2
xiu,https://github.com/qiusunshine/xiu,38,11,214073,Java,2023-11-10T14:28:40Z,2026-03-01T01:25:41Z,1,0,24,2568876,0.828539,low,growing,1
wendao,https://github.com/MuXiang123/wendao,38,0,974,Java,2023-03-01T07:32:50Z,2026-03-10T02:48:04Z,0,0,59,11688,1.576135,medium,growing,1
chatGptApi,https://github.com/gulihua10010/chatGptApi,38,5,178,Java,2023-02-20T09:58:12Z,2025-09-30T22:40:28Z,0,0,16,2136,0.424028,low,growing,1
native-obfuscator-plus,https://github.com/Araykal/native-obfuscator-plus,38,1,100,Java,2023-02-05T07:03:26Z,2026-03-08T13:17:51Z,0,0,4,1200,0.104621,low,growing,1
coverage-plugin,https://github.com/jenkinsci/coverage-plugin,38,28,6380,Java,2023-10-22T15:03:27Z,2026-03-26T12:13:34Z,17,11,3167,76560,106.993243,high,growing,749
OCA_2022_Preparation_All_Questions,https://github.com/hanzelkaraagac/OCA_2022_Preparation_All_Questions,38,8,10558,Java,2023-04-12T12:25:34Z,2026-01-01T16:53:17Z,0,0,248,126696,6.882516,medium,growing,1
jSus,https://github.com/NeRdTheNed/jSus,38,0,10192,Java,2023-06-17T09:12:59Z,2024-10-03T17:26:45Z,1,0,219,122304,6.472906,medium,growing,1
capacitor-native-purchases,https://github.com/Cap-go/capacitor-native-purchases,38,10,7310,Java,2023-08-11T18:04:16Z,2026-03-25T02:42:49Z,2,1,699,87720,21.866528,high,growing,10
authentication,https://github.com/minarashidi/authentication,38,21,192,Java,2023-12-19T20:39:26Z,2025-11-08T19:45:44Z,0,0,2,2304,0.072376,low,growing,1
j2c,https://github.com/nuym/j2c,38,4,355,Java,2023-08-16T13:30:19Z,2026-02-02T16:45:50Z,0,0,42,4260,1.319372,medium,growing,6
Android-Gyroscope-MC,https://github.com/WuDi-ZhanShen/Android-Gyroscope-MC,38,2,242,Java,2023-01-28T07:23:11Z,2026-01-24T02:13:21Z,3,0,33,2904,0.857143,low,growing,1
resend-java,https://github.com/resend/resend-java,38,3,341,Java,2023-08-18T20:17:50Z,2026-03-23T02:14:12Z,0,0,96,4092,3.02521,medium,growing,13
gebi-backend,https://github.com/MA-douzhang/gebi-backend,38,7,661,Java,2023-07-24T09:52:10Z,2026-01-08T14:49:49Z,0,0,10,7932,0.306748,low,growing,2
No34E-commerceMallManagementSystem,https://github.com/YuLin-Coder/No34E-commerceMallManagementSystem,38,0,14866,Java,2023-11-30T15:04:49Z,2025-10-22T14:43:37Z,0,0,2,178392,0.070671,low,growing,1
CafeShopManagementSystem,https://github.com/marcoman2/CafeShopManagementSystem,38,15,41016,Java,2023-03-28T01:01:01Z,2026-02-13T16:12:44Z,1,0,2,492192,0.054745,low,growing,1
MultiAppDemo,https://github.com/WaxMoon/MultiAppDemo,38,17,5591,Java,2023-02-26T06:35:15Z,2026-01-24T13:01:30Z,4,0,2,67092,0.053286,low,growing,1
ps4-pkg-manager,https://github.com/hippie68/ps4-pkg-manager,38,2,253,Java,2023-12-19T13:56:14Z,2026-03-07T05:38:35Z,0,0,31,3036,1.120482,medium,growing,2
Board-Server,https://github.com/ccommit-dev/Board-Server,38,25,1216,Java,2023-09-17T08:25:16Z,2025-12-31T15:00:14Z,13,5,42,14592,1.365114,medium,growing,2
saga-orchestration,https://github.com/semotpan/saga-orchestration,38,8,2711,Java,2023-12-26T10:06:22Z,2026-03-19T14:09:55Z,0,0,6,32532,0.218712,low,growing,1
PyBurp,https://github.com/cyal1/PyBurp,38,12,2648,Java,2023-06-23T04:03:52Z,2026-02-06T04:16:13Z,3,0,118,31776,3.508424,medium,growing,4
micro-spring,https://github.com/zhshio/micro-spring,38,2,255,Java,2023-11-09T08:39:43Z,2026-02-13T05:03:04Z,0,0,28,3060,0.965517,low,growing,1
No39ChinaShoppingManagementSystem,https://github.com/YuLin-Coder/No39ChinaShoppingManagementSystem,38,0,4945,Java,2023-12-02T14:41:54Z,2025-10-22T14:43:39Z,0,0,2,59340,0.070838,low,growing,1
Temple-Client-Legacy,https://github.com/TempleDevelopment/Temple-Client-Legacy,38,3,33127,Java,2023-10-28T12:03:50Z,2026-03-09T05:39:02Z,0,0,331,397524,11.258503,high,growing,3
cdt-lsp,https://github.com/eclipse-cdt/cdt-lsp,38,12,1981,Java,2023-02-06T15:51:17Z,2026-03-11T14:49:19Z,95,0,307,23772,8.036649,medium,growing,24
seckill-study,https://github.com/Goinggoinggoing/seckill-study,38,8,133981,Java,2023-03-22T10:05:20Z,2026-03-14T12:21:05Z,2,0,27,1607772,0.735027,low,growing,2
skeleton-sp23,https://github.com/Berkeley-CS61B/skeleton-sp23,38,67,2806,Java,2023-01-04T02:56:28Z,2025-08-31T21:32:38Z,0,2,44,33672,1.119593,medium,growing,92
Ghidra.js,https://github.com/vaguue/Ghidra.js,38,3,1520,Java,2023-11-06T00:18:59Z,2026-02-22T15:37:26Z,0,0,103,18240,3.539519,medium,growing,1
elevenlabs-api,https://github.com/Andrewcpu/elevenlabs-api,38,12,263,Java,2023-02-23T23:05:14Z,2026-01-09T08:01:49Z,6,1,104,3156,2.765957,medium,growing,1
react-native-images-to-pdf,https://github.com/Canciller/react-native-images-to-pdf,38,15,33031,Java,2023-04-04T21:05:53Z,2026-01-24T12:09:26Z,6,1,51,396372,1.40625,medium,growing,1
Mile-Server,https://github.com/Mile-Writings/Mile-Server,38,1,46010,Java,2023-12-19T10:08:18Z,2026-01-15T15:24:56Z,3,0,1312,552120,47.421687,high,growing,4
android-nreal,https://github.com/enricoros/android-nreal,38,6,1607,Java,2023-03-15T02:40:04Z,2026-02-03T19:36:31Z,3,0,15,19284,0.405771,low,growing,1
cloud-sdk-java,https://github.com/SAP/cloud-sdk-java,38,26,9275,Java,2023-04-13T11:59:34Z,2026-03-27T13:18:32Z,6,6,709,111300,19.694444,high,growing,672
artemis-examples,https://github.com/apache/artemis-examples,38,32,5325,Java,2023-12-14T12:22:20Z,2026-03-25T14:38:51Z,0,1,108,63900,3.88024,medium,growing,34
ad_open_sdk_java,https://github.com/oceanengine/ad_open_sdk_java,38,8,308274,Java,2023-08-01T03:20:54Z,2026-03-27T21:13:30Z,13,0,112,3699288,3.463918,medium,growing,2
javachain,https://github.com/shenyubao/javachain,38,8,4501,Java,2023-07-01T01:38:27Z,2025-08-13T11:24:48Z,1,1,24,54012,0.719281,low,growing,1
productservice,https://github.com/Naman-Bhalla/productservice,38,138,146,Java,2023-09-01T18:13:29Z,2026-01-22T12:25:44Z,0,24,24,1752,0.767591,low,growing,1
SpringbootOnlineJudgeSysteam,https://github.com/1stMarine/SpringbootOnlineJudgeSysteam,38,2,269,Java,2023-03-09T11:43:40Z,2026-03-19T06:41:50Z,2,1,25,3228,0.672646,low,growing,1
graal-dev-kit,https://github.com/oracle/graal-dev-kit,38,9,1219,Java,2023-03-21T15:34:14Z,2026-03-25T16:49:24Z,0,0,108,14628,2.937443,medium,growing,1749
Forge-Tutorial-1.19.3,https://github.com/Tutorials-By-Kaupenjoe/Forge-Tutorial-1.19.3,37,14,524,Java,2023-01-10T16:08:37Z,2026-01-24T07:36:30Z,0,0,18,6288,0.460358,low,growing,1
OptimizationsAndTweaks,https://github.com/quentin452/OptimizationsAndTweaks,37,3,165463,Java,2023-04-27T09:47:28Z,2026-02-28T10:28:27Z,29,0,1508,1985556,42.439024,high,growing,2
Escape_from_the_desert,https://github.com/K1rsN7/Escape_from_the_desert,37,1,2821,Java,2023-06-04T13:49:09Z,2026-01-21T09:37:26Z,0,0,43,33852,1.254864,medium,growing,3
luban4j,https://github.com/luban-uncle/luban4j,37,8,121,Java,2023-03-03T07:47:24Z,2026-02-06T02:22:00Z,0,0,11,1452,0.29438,low,growing,1
tutorials,https://github.com/confluentinc/tutorials,37,9,7129,Java,2023-11-20T16:36:28Z,2026-03-17T13:06:28Z,2,4,135,85548,4.714785,medium,growing,1795
WindSeed,https://github.com/kindawindytoday/WindSeed,37,6,269,Java,2023-02-13T22:13:25Z,2025-09-15T03:12:06Z,0,0,28,3228,0.738137,low,growing,5
tvbox-mv,https://github.com/leosam1024/tvbox-mv,37,40,2921,Java,2023-06-10T12:07:07Z,2025-12-19T16:22:48Z,1,1,15,35052,0.440313,low,growing,1
Suwayomi-VaadinUI,https://github.com/Suwayomi/Suwayomi-VaadinUI,37,2,7784,Java,2023-06-11T09:08:42Z,2026-03-19T08:53:22Z,0,0,848,93408,24.916748,high,growing,4
ShadowRPC,https://github.com/Liubsyy/ShadowRPC,37,13,2452,Java,2023-12-14T03:07:48Z,2026-01-23T08:11:26Z,0,0,69,29424,2.479042,medium,growing,1
AdvanceSeleniumFrameworkTTA,https://github.com/PramodDutta/AdvanceSeleniumFrameworkTTA,37,40,124,Java,2023-01-12T06:26:08Z,2026-02-11T04:44:23Z,0,0,10,1488,0.256191,low,growing,2
spring-data-jpa-relationships,https://github.com/ivangfr/spring-data-jpa-relationships,37,15,336,Java,2023-05-02T21:59:20Z,2026-02-08T04:34:22Z,0,0,24,4032,0.679245,low,growing,1
RoundaboutMod,https://github.com/Hydraheads/RoundaboutMod,37,25,109912,Java,2023-08-31T00:53:31Z,2026-03-28T15:26:08Z,3,5,4869,1318944,155.393617,high,growing,17
SwordHost,https://github.com/Sec-Fork/SwordHost,37,15,11183,Java,2023-03-01T01:57:17Z,2025-12-26T09:45:48Z,0,0,1,134196,0.026714,low,growing,1
biliSpeed,https://github.com/V-E-O/biliSpeed,37,6,241,Java,2023-04-15T17:51:33Z,2026-01-05T01:17:22Z,7,0,23,2892,0.640669,low,growing,2
No75OnlineBookstoreManagementSystem,https://github.com/YuLin-Coder/No75OnlineBookstoreManagementSystem,37,1,1979,Java,2023-12-26T14:57:44Z,2025-10-22T14:43:25Z,0,0,2,23748,0.072904,low,growing,1
springboot3-examples,https://github.com/valdemarjuniorr/springboot3-examples,37,2,2290,Java,2023-02-20T17:10:41Z,2026-02-12T18:29:13Z,0,0,106,27480,2.811671,medium,growing,2
Teleqbit,https://github.com/Closty/Teleqbit,37,3,3555,Java,2023-07-29T15:22:06Z,2025-03-08T16:38:34Z,1,0,8,42660,0.24666,low,growing,1
testcontainers-git,https://github.com/sparsick/testcontainers-git,37,8,521,Java,2023-05-09T19:19:08Z,2026-03-26T10:00:33Z,4,3,462,6252,13.162393,high,growing,6
Alfheim,https://github.com/Red-Studio-Ragnarok/Alfheim,37,12,385,Java,2023-08-23T00:11:58Z,2026-03-28T14:45:58Z,13,0,214,4620,6.772152,medium,growing,5
drools-archive,https://github.com/kiegroup/drools-archive,37,24,286074,Java,2023-09-14T17:03:23Z,2025-06-08T14:47:51Z,5,4,16986,3432888,550.302376,high,growing,234
LEECH,https://github.com/CagoThaPlug/LEECH,37,28,619,Java,2023-07-18T22:08:51Z,2026-03-24T23:08:23Z,0,0,20,7428,0.610376,low,growing,4
NewQStory,https://github.com/naiyQAQ/NewQStory,37,5,1722,Java,2023-11-10T12:58:32Z,2026-03-09T04:24:12Z,0,0,37,20664,1.27733,medium,growing,3
autu-mandu,https://github.com/juanro49/autu-mandu,37,0,21608,Java,2023-04-20T20:50:42Z,2026-02-21T07:34:29Z,11,0,641,259296,17.938433,high,growing,21
AccioJob_Modules,https://github.com/ritikramuka/AccioJob_Modules,37,23,422704,Java,2023-01-04T14:01:34Z,2024-10-26T19:16:25Z,0,0,153,5072448,3.89313,medium,growing,1
lost-and-found-system,https://github.com/bsxj02/lost-and-found-system,37,5,2885,Java,2023-10-03T14:32:09Z,2026-03-24T07:34:18Z,0,0,9,34620,0.297685,low,growing,1
Charge-Point-Simulator-via-OCPP-2.0.1,https://github.com/extrawest/Charge-Point-Simulator-via-OCPP-2.0.1,37,15,457,Java,2023-02-24T15:59:39Z,2026-03-26T09:15:42Z,3,1,389,5484,10.345745,high,growing,4
2023-naaga,https://github.com/woowacourse-teams/2023-naaga,37,4,24287,Java,2023-06-29T01:22:50Z,2026-02-15T15:48:02Z,10,2,15,291444,0.448654,low,growing,8
AntChainBridgePluginServer,https://github.com/AntChainOpenLabs/AntChainBridgePluginServer,37,7,121,Java,2023-04-24T09:02:52Z,2025-07-17T05:45:41Z,0,1,50,1452,1.403181,medium,growing,3
requestCleaner,https://github.com/haticeerturk/requestCleaner,37,2,8923,Java,2023-06-14T20:17:03Z,2025-10-27T16:32:30Z,0,0,4,107076,0.117994,low,growing,1
compdfkit-api-java,https://github.com/ComPDFKit/compdfkit-api-java,37,4,154,Java,2023-05-22T08:15:15Z,2025-05-14T08:46:29Z,0,0,43,1848,1.239193,medium,growing,3
rewrite,https://github.com/Cosmic-Ide/rewrite,37,6,184125,Java,2023-03-10T09:52:04Z,2026-01-31T14:46:30Z,1,7,454,2209500,12.226212,high,growing,4
AIWP,https://github.com/minosvasilias/AIWP,37,5,6521,Java,2023-11-19T19:13:10Z,2025-08-25T14:25:02Z,0,0,26,78252,0.908033,low,growing,1
Heracles,https://github.com/terrarium-earth/Heracles,37,25,2341,Java,2023-04-01T10:08:44Z,2025-11-27T18:31:09Z,58,7,322,28092,8.846154,medium,growing,15
cassandra-analytics,https://github.com/apache/cassandra-analytics,37,25,4228,Java,2023-05-08T18:58:56Z,2026-03-27T00:36:30Z,0,17,172,50736,4.895636,medium,growing,74
druid-decrypter,https://github.com/woodpecker-appstore/druid-decrypter,37,1,386,Java,2023-03-15T07:22:08Z,2026-01-12T02:02:50Z,0,0,2,4632,0.054103,low,growing,1
ragflow4j,https://github.com/aaronshan/ragflow4j,37,6,40302,Java,2023-07-25T15:30:29Z,2026-03-09T03:22:30Z,0,0,19,483624,0.583419,low,growing,1
tfa-spring-boot-3-angular,https://github.com/ali-bouali/tfa-spring-boot-3-angular,37,26,335,Java,2023-08-05T09:37:46Z,2026-01-15T02:57:18Z,0,1,7,4020,0.217391,low,growing,1
Fawry-Internship,https://github.com/Zeyad2003/Fawry-Internship,37,4,1829,Java,2023-07-18T19:51:38Z,2026-02-13T22:25:50Z,0,0,40,21948,1.220753,medium,growing,2
shardingsphere-plugin,https://github.com/apache/shardingsphere-plugin,37,23,251,Java,2023-09-08T03:42:50Z,2026-02-26T06:00:52Z,5,1,75,3012,2.414163,medium,growing,66
LavaSearch,https://github.com/topi314/LavaSearch,37,5,141,Java,2023-07-21T18:11:48Z,2026-02-10T06:21:01Z,0,0,35,1692,1.071429,medium,growing,5
allback-with-k8s,https://github.com/wlwlsus/allback-with-k8s,37,2,36425,Java,2023-05-22T02:02:57Z,2026-03-18T05:19:50Z,0,0,772,437100,22.247839,high,growing,6
Mastering-the-Java-Virtual-Machine,https://github.com/PacktPublishing/Mastering-the-Java-Virtual-Machine,36,9,132,Java,2023-11-23T12:21:20Z,2026-02-21T08:13:13Z,0,1,51,1584,1.787383,medium,growing,6
aprstak,https://github.com/niccellular/aprstak,36,2,124,Java,2023-09-12T19:18:54Z,2026-03-25T02:09:04Z,3,0,6,1488,0.194175,low,growing,1
air-ticket-reservation-system,https://github.com/kingwzun/air-ticket-reservation-system,36,3,107,Java,2023-09-03T10:32:32Z,2026-03-11T11:26:19Z,4,0,3,1284,0.096051,low,growing,1
ChatGPT-Android-app,https://github.com/SibanandaKuanr/ChatGPT-Android-app,36,9,8178,Java,2023-04-04T16:45:35Z,2025-11-10T18:19:00Z,1,0,5,98136,0.137741,low,growing,0
semantic-conventions-java,https://github.com/open-telemetry/semantic-conventions-java,36,30,1319,Java,2023-08-11T18:09:58Z,2026-03-27T18:52:35Z,6,1,364,15828,11.386861,high,growing,38
tomato-platform,https://github.com/lizhifuabc/tomato-platform,36,8,9925,Java,2023-03-25T03:42:54Z,2025-11-14T15:11:29Z,1,0,1131,119100,30.873521,high,growing,1
Tutorato-Ingegneria-del-Software,https://github.com/TendTo/Tutorato-Ingegneria-del-Software,36,2,10572,Java,2023-02-16T12:43:14Z,2026-03-12T13:50:55Z,1,0,162,126864,4.278169,medium,growing,4
Smeme-server-renewal,https://github.com/Team-Smeme/Smeme-server-renewal,36,1,1730,Java,2023-01-11T13:58:40Z,2025-12-09T02:05:12Z,0,0,993,20760,25.418089,high,growing,5
pinda-tms-java,https://github.com/shuhongfan/pinda-tms-java,36,28,187304,Java,2023-02-20T07:10:55Z,2026-01-24T09:18:35Z,1,0,9,2247648,0.238516,low,growing,1
Tokyo-Client,https://github.com/crosby-moe/Tokyo-Client,36,6,975,Java,2023-02-12T21:56:36Z,2025-12-29T13:36:15Z,5,0,73,11700,1.922739,medium,growing,1
ChatGPTAssistant,https://github.com/cstdr/ChatGPTAssistant,36,8,14207,Java,2023-04-12T07:42:14Z,2026-01-20T07:34:43Z,2,0,32,170484,0.888067,low,growing,1
gpt-commercial,https://github.com/tarenai/gpt-commercial,36,7,1540,Java,2023-07-27T01:39:44Z,2026-01-20T08:51:08Z,0,0,4,18480,0.123077,low,growing,2
2023-fun-eat,https://github.com/woowacourse-teams/2023-fun-eat,36,0,2416,Java,2023-06-29T01:22:46Z,2026-02-01T03:14:56Z,12,1,400,28992,11.964108,high,growing,8
the-durable-spring-authorization-server,https://github.com/coffee-software-show/the-durable-spring-authorization-server,36,16,88,Java,2023-09-14T19:30:17Z,2025-09-29T21:22:39Z,2,1,3,1056,0.097297,low,growing,1
molly-multi-tenant,https://github.com/thousmile/molly-multi-tenant,36,7,8586,Java,2023-04-14T09:03:04Z,2026-03-11T14:00:30Z,0,0,173,103032,4.810009,medium,growing,1
AStools,https://github.com/tin537/AStools,36,8,115,Java,2023-12-07T07:11:38Z,2026-01-30T05:30:10Z,1,0,7,1380,0.249406,low,growing,1
Formacao-Backend-Expert,https://github.com/ValdirCezar/Formacao-Backend-Expert,36,11,6541,Java,2023-07-22T04:00:48Z,2026-02-19T17:44:41Z,0,0,111,78492,3.397959,medium,growing,1
swing-glasspane-popup,https://github.com/DJ-Raven/swing-glasspane-popup,36,12,2525,Java,2023-11-08T14:06:16Z,2026-01-27T13:16:51Z,1,0,66,30300,2.273249,medium,growing,1
hadoop331,https://github.com/hidataplus/hadoop331,36,13,37194,Java,2023-02-22T13:13:17Z,2025-07-25T16:25:58Z,0,0,1,446328,0.026549,low,growing,1
interfatecs-2023,https://github.com/larguesa/interfatecs-2023,36,5,9975,Java,2023-06-05T17:12:35Z,2025-09-24T23:26:21Z,0,0,10,119700,0.292398,low,growing,1
karate-examples,https://github.com/karatelabs/karate-examples,36,20,181,Java,2023-05-16T05:48:13Z,2025-10-25T06:53:00Z,0,0,111,2172,3.180516,medium,growing,3
jscript,https://github.com/TopchetoEU/jscript,36,1,8336,Java,2023-08-05T13:25:51Z,2026-01-24T21:09:28Z,7,1,492,100032,15.279503,high,growing,2
NuclearCraft-Neoteric,https://github.com/igentuman/NuclearCraft-Neoteric,36,28,20225,Java,2023-03-18T20:54:59Z,2026-03-23T19:43:36Z,17,1,799,242700,21.692308,high,growing,10
netRunner,https://github.com/toshydev/netRunner,36,0,2681,Java,2023-07-24T08:56:46Z,2026-03-11T23:07:22Z,5,0,224,32172,6.871166,medium,growing,1
RiderApp,https://github.com/Mustafa-Hassan2001/RiderApp,36,1,100,Java,2023-12-20T11:12:56Z,2026-01-19T16:58:24Z,0,0,1,1200,0.036188,low,growing,1
bsky4j,https://github.com/uakihir0/bsky4j,36,12,364,Java,2023-03-10T16:42:52Z,2026-01-31T05:46:00Z,3,0,63,4368,1.696589,medium,growing,3
object-oriented-programming-concepts,https://github.com/AveryCS/object-oriented-programming-concepts,36,15,112,Java,2023-04-25T15:43:33Z,2024-06-24T20:35:11Z,0,0,35,1344,0.983146,low,growing,1
MqttDroid,https://github.com/LightJockey/MqttDroid,36,3,859,Java,2023-11-15T12:49:15Z,2026-02-24T14:35:18Z,1,1,15,10308,0.520833,low,growing,1
spotless-applier,https://github.com/lipiridi/spotless-applier,36,3,422,Java,2023-07-30T17:09:53Z,2026-03-09T09:13:16Z,7,0,130,5064,4.016478,medium,growing,5
12306,https://github.com/izachwei/12306,36,14,187,Java,2023-09-15T13:41:05Z,2025-06-24T16:14:04Z,2,0,39,2244,1.264865,medium,growing,1
notion-java-sdk,https://github.com/YiHeCN/notion-java-sdk,36,12,211,Java,2023-02-19T14:51:11Z,2025-09-28T03:05:41Z,0,0,71,2532,1.879965,medium,growing,1
spring-boot-application-template,https://github.com/sivaprasadreddy/spring-boot-application-template,36,4,323,Java,2023-04-23T04:21:51Z,2025-12-02T03:31:43Z,2,9,34,3876,0.953271,low,growing,1
Bruhfuscator,https://github.com/erxson/Bruhfuscator,36,7,893,Java,2023-09-02T21:58:54Z,2026-02-15T13:13:28Z,1,1,45,10716,1.440768,medium,growing,3
auth0-java-microservices-examples,https://github.com/oktadev/auth0-java-microservices-examples,36,21,1292,Java,2023-02-24T05:58:36Z,2026-01-24T10:29:10Z,1,4,55,15504,1.462766,medium,growing,4
file-convert-util,https://github.com/zhengqingya/file-convert-util,36,15,143954,Java,2023-04-12T02:46:01Z,2026-03-22T08:09:34Z,1,0,32,1727448,0.888067,low,growing,1
logica_de_programacao_essencial,https://github.com/cami-la/logica_de_programacao_essencial,36,7,1999,Java,2023-08-01T16:55:48Z,2026-01-12T03:32:12Z,2,0,39,23988,1.206186,medium,growing,1
AnimePeak,https://github.com/prashasth-nair/AnimePeak,36,4,113065,Java,2023-03-16T15:26:30Z,2026-01-25T11:42:15Z,5,0,93,1356780,2.518051,medium,growing,3
persian-material-datepicker,https://github.com/M-Erfan-Dm/persian-material-datepicker,36,4,648,Java,2023-09-22T17:05:08Z,2026-01-23T07:26:17Z,1,0,16,7776,0.522876,low,growing,1
lottie4j,https://github.com/lottie4j/lottie4j,36,4,4699,Java,2023-01-12T19:49:18Z,2026-03-26T16:01:50Z,1,0,268,56388,6.871795,medium,growing,1
Shmily-Get-MobileQQ-Andriod,https://github.com/lqzhgood/Shmily-Get-MobileQQ-Andriod,36,4,496863,Java,2023-01-30T16:36:40Z,2026-01-06T07:43:16Z,5,0,89,5962356,2.315698,medium,growing,3
CrystalOptimizer,https://github.com/CDAGaming/CrystalOptimizer,36,104,195,Java,2023-01-16T21:06:09Z,2025-07-24T17:54:30Z,5,0,9,2340,0.231561,low,growing,1
industrialupgrade,https://github.com/ZelGimi/industrialupgrade,36,16,103900,Java,2023-08-10T20:06:11Z,2026-03-13T23:44:17Z,39,0,34,1246800,1.0625,medium,growing,5
bootcamp-spring-boot,https://github.com/ali-bouali/bootcamp-spring-boot,35,10,163,Java,2023-03-05T09:55:10Z,2026-03-12T12:43:13Z,0,1,62,1956,1.662198,medium,growing,2
spring-functions-catalog,https://github.com/spring-cloud/spring-functions-catalog,35,14,8362,Java,2023-11-21T04:03:30Z,2026-03-27T20:15:53Z,1,0,756,100344,26.433566,high,growing,24
pikap,https://github.com/koply/pikap,35,5,3511,Java,2023-04-12T14:55:00Z,2026-02-27T11:56:22Z,2,1,59,42132,1.637373,medium,growing,2
java-stream-practice,https://github.com/gywns0417/java-stream-practice,35,43,156,Java,2023-12-06T06:49:45Z,2026-03-10T04:13:46Z,3,1,18,1872,0.640569,low,growing,3
defcon31,https://github.com/tix/defcon31,35,7,982523,Java,2023-08-08T18:04:22Z,2025-07-08T17:24:12Z,0,0,1,11790276,0.031185,low,growing,1
FeedWatch,https://github.com/daubli/FeedWatch,35,13,603,Java,2023-03-13T22:31:11Z,2026-03-28T15:35:30Z,2,0,40,7236,1.081081,medium,growing,1
NetworkDisk,https://github.com/youngyangyang04/NetworkDisk,35,3,1328,Java,2023-11-06T07:05:44Z,2026-01-31T14:03:28Z,1,0,5,15936,0.171821,low,growing,2
easy-configs-rime,https://github.com/rxhaol/easy-configs-rime,35,0,670,Java,2023-08-07T05:22:49Z,2026-03-19T01:27:33Z,0,0,49,8040,1.524896,medium,growing,1
authorization-example,https://github.com/vains-Sofia/authorization-example,35,10,6207,Java,2023-09-20T02:46:59Z,2025-10-27T09:54:49Z,0,0,267,74484,8.706522,medium,growing,1
CoordinateOffset,https://github.com/joshuaprince/CoordinateOffset,35,15,1990,Java,2023-03-30T06:59:22Z,2026-03-15T21:59:22Z,3,0,335,23880,9.186472,medium,growing,5
QuanLyKhoDienThoai,https://github.com/aztharion/QuanLyKhoDienThoai,35,18,123965,Java,2023-03-14T16:17:37Z,2026-03-22T04:21:51Z,0,0,820,1487580,22.162162,high,growing,4
songs-of-syx-mod-example,https://github.com/4rg0n/songs-of-syx-mod-example,35,11,935,Java,2023-02-09T22:18:19Z,2026-03-25T14:03:14Z,0,0,125,11220,3.283713,medium,growing,2
e-commerce-store,https://github.com/micaellobo/e-commerce-store,35,14,412,Java,2023-07-22T00:49:54Z,2026-01-31T03:50:24Z,0,0,158,4944,4.836735,medium,growing,1
unit-converter,https://github.com/achaverrar/unit-converter,35,4,99734,Java,2023-03-17T01:45:57Z,2025-06-27T15:06:47Z,0,0,113,1196808,3.062331,medium,growing,1
2023-3-ddang,https://github.com/woowacourse-teams/2023-3-ddang,35,4,5665,Java,2023-06-29T01:22:18Z,2025-11-11T02:08:28Z,27,2,408,67980,12.20339,high,growing,8
CSCI-572,https://github.com/CyL97/CSCI-572,35,5,169192,Java,2023-06-10T00:06:19Z,2026-02-25T19:33:54Z,0,0,13,2030304,0.381605,low,growing,1
JavaAI,https://github.com/artemnefedov/JavaAI,35,3,2548,Java,2023-03-02T10:44:55Z,2026-03-26T09:41:15Z,0,0,371,30576,9.919786,medium,growing,1
multimodule-sample,https://github.com/MangKyu/multimodule-sample,35,3,103,Java,2023-04-20T12:56:40Z,2026-01-21T04:20:02Z,0,0,18,1236,0.503262,low,growing,1
android-libre-japanese-input,https://github.com/elizagamedev/android-libre-japanese-input,35,2,54098,Java,2023-10-25T07:33:25Z,2026-02-03T22:52:08Z,3,0,34,649176,1.152542,medium,growing,2
novu-java,https://github.com/novuhq/novu-java,35,24,2475,Java,2023-06-23T14:35:38Z,2026-03-05T16:34:24Z,0,1,322,29700,9.573835,medium,growing,26
ap-agent,https://github.com/dpsoft/ap-agent,35,2,248,Java,2023-01-20T17:44:24Z,2026-03-22T12:11:07Z,3,7,114,2976,2.943201,medium,growing,3
spring-social-2-cloud,https://github.com/kanezi/spring-social-2-cloud,35,16,290,Java,2023-01-30T23:51:30Z,2026-03-19T12:53:41Z,0,0,34,3480,0.885417,low,growing,1
SkinShuffle,https://github.com/IMB11-Mods/SkinShuffle,35,20,1697,Java,2023-06-07T20:16:15Z,2026-03-24T19:24:41Z,21,0,359,20364,10.517578,high,growing,16
petAdoption,https://github.com/heweijiqn/petAdoption,35,0,7809,Java,2023-09-18T14:41:32Z,2025-12-08T15:22:21Z,1,0,10,93708,0.32538,low,growing,1
ak-design-manage,https://github.com/337547038/ak-design-manage,35,25,175760,Java,2023-11-21T06:18:41Z,2026-03-27T01:38:26Z,1,0,111,2109120,3.881119,medium,growing,1
iQuantum,https://github.com/Cloudslab/iQuantum,35,11,13642,Java,2023-04-05T07:27:39Z,2026-01-09T13:05:46Z,0,1,85,163704,2.34375,medium,growing,9
Continued-Slime-World-Manager,https://github.com/Swofty-Developments/Continued-Slime-World-Manager,35,2,1514,Java,2023-10-08T10:54:28Z,2026-02-25T17:45:27Z,3,6,415,18168,13.802661,high,growing,12
simplebanking,https://github.com/Rapter1990/simplebanking,35,10,3667,Java,2023-10-28T22:06:03Z,2025-09-01T15:32:47Z,0,0,71,44004,2.417707,medium,growing,1
Mocacong-Backend,https://github.com/mocacong/Mocacong-Backend,35,2,591,Java,2023-03-08T09:37:22Z,2025-12-10T05:12:18Z,0,0,161,7092,4.327957,medium,growing,5
ARG-Programa-4.0-FullStack-Ejercicios,https://github.com/EduMMorenolp/ARG-Programa-4.0-FullStack-Ejercicios,35,3,124445,Java,2023-03-10T05:02:48Z,2026-03-15T16:20:24Z,0,0,232,1493340,6.247756,medium,growing,1
ProtoWeaver,https://github.com/MrNavaStar/ProtoWeaver,35,4,3370,Java,2023-10-16T08:31:44Z,2026-03-17T17:48:12Z,1,3,412,40440,13.825503,high,growing,4
MineDusty,https://github.com/ItsKirby69/MineDusty,35,1,227656,Java,2023-08-18T14:55:19Z,2026-03-28T11:17:19Z,0,0,450,2731872,14.165792,high,growing,1
LSPollution,https://github.com/LSPosed/LSPollution,35,4,3918,Java,2023-03-04T18:12:31Z,2025-11-16T05:02:35Z,2,0,105,47016,2.815013,medium,growing,16
MinIO_Demo,https://github.com/robinsyn/MinIO_Demo,35,16,353,Java,2023-02-28T04:54:58Z,2026-02-13T05:03:55Z,1,0,1,4236,0.02669,low,growing,1
QRadar-Albion-Online-Android,https://github.com/FashionFlora/QRadar-Albion-Online-Android,35,31,61796,Java,2023-08-17T14:03:12Z,2026-02-27T11:01:03Z,1,1,14,741552,0.440252,low,growing,3
jspecify-reference-checker,https://github.com/jspecify/jspecify-reference-checker,35,9,955,Java,2023-04-25T14:05:00Z,2026-02-27T15:12:57Z,33,1,409,11460,11.488764,high,growing,7
spring-security-the-good-parts-code,https://github.com/Kehrlann/spring-security-the-good-parts-code,35,8,98,Java,2023-03-03T15:15:17Z,2025-11-01T14:02:13Z,0,0,11,1176,0.29438,low,growing,1
RNWidget,https://github.com/Rushit013/RNWidget,35,7,11221,Java,2023-04-28T15:24:03Z,2026-01-02T11:23:58Z,0,0,9,134652,0.253521,low,growing,1
Team-DarkNight-Kkini-BE,https://github.com/prgrms-web-devcourse/Team-DarkNight-Kkini-BE,35,5,893,Java,2023-02-15T15:37:07Z,2026-03-25T03:12:01Z,6,0,210,10716,5.540897,medium,growing,170
perfume-shop,https://github.com/phuuthanh-dev/perfume-shop,35,12,44798,Java,2023-12-15T16:07:01Z,2026-01-12T12:53:08Z,5,0,175,537576,6.294964,medium,growing,4
lyra-addon,https://github.com/RattlesHyper/lyra-addon,35,8,244,Java,2023-06-08T11:05:34Z,2025-12-30T13:12:34Z,9,0,73,2928,2.138672,medium,growing,5
opentelemetry-order-service-2023,https://github.com/nlinhvu/opentelemetry-order-service-2023,35,27,16240,Java,2023-11-21T05:05:44Z,2026-02-11T11:40:35Z,1,0,10,194880,0.34965,low,growing,1
bbs,https://github.com/BBS-Engine/bbs,35,7,5951,Java,2023-06-13T10:45:51Z,2026-03-14T09:20:26Z,0,0,257,71412,7.566241,medium,growing,2
spring-boot-test,https://github.com/gurkanucar/spring-boot-test,35,8,193,Java,2023-05-25T13:36:03Z,2025-10-21T14:53:29Z,0,0,94,2316,2.716763,medium,growing,1
influxdb3-java,https://github.com/InfluxCommunity/influxdb3-java,35,8,5016,Java,2023-05-18T08:22:03Z,2026-03-26T16:48:34Z,0,1,463,60192,13.291866,high,growing,10
world-preview,https://github.com/caeruleusDraconis/world-preview,34,11,3732,Java,2023-07-20T15:09:26Z,2026-03-03T11:20:09Z,26,2,133,44784,4.063136,medium,growing,6
sdwebui-java-sdk,https://github.com/Robothy/sdwebui-java-sdk,34,7,800,Java,2023-10-10T14:55:42Z,2025-11-27T02:37:32Z,2,0,23,9600,0.766667,low,growing,2
No38OnlineShoppingManagementSystem,https://github.com/YuLin-Coder/No38OnlineShoppingManagementSystem,34,0,6863,Java,2023-12-02T14:39:30Z,2025-12-22T08:06:43Z,0,0,2,82356,0.070838,low,growing,1
No55IntelligentizedParkingManagementSystem,https://github.com/YuLin-Coder/No55IntelligentizedParkingManagementSystem,34,0,12751,Java,2023-12-19T13:30:02Z,2026-03-19T09:47:26Z,0,0,4,153012,0.144578,low,growing,1
sentinel-dashboard-nacos,https://github.com/modongning/sentinel-dashboard-nacos,34,14,5658,Java,2023-01-12T07:45:48Z,2026-03-08T02:25:51Z,1,0,2,67896,0.051238,low,growing,1
VVM-Translator,https://github.com/zedoCN/VVM-Translator,34,9,1379,Java,2023-10-06T15:19:36Z,2026-03-10T14:50:55Z,1,0,15,16548,0.497788,low,growing,1
AntiRedstoneClock-Remastered,https://github.com/OneLiteFeatherNET/AntiRedstoneClock-Remastered,34,10,1095,Java,2023-07-13T22:11:47Z,2026-03-15T22:03:37Z,3,10,634,13140,19.251012,high,growing,10
egit,https://github.com/eclipse-egit/egit,34,16,106583,Java,2023-10-20T15:17:51Z,2026-03-27T21:14:47Z,55,0,7527,1278996,253.719101,high,growing,126
api-security,https://github.com/andifalk/api-security,34,2,6227,Java,2023-05-11T11:03:53Z,2025-11-05T19:35:09Z,1,0,30,74724,0.855513,low,growing,1
DesarrolloWebEntornosServidor-01-2023-2024,https://github.com/joseluisgs/DesarrolloWebEntornosServidor-01-2023-2024,34,3,10467,Java,2023-09-15T07:34:04Z,2025-11-25T14:17:05Z,0,0,1,125604,0.032432,low,growing,1
jcards,https://github.com/lyudaio/jcards,34,5,725,Java,2023-02-06T00:44:30Z,2026-02-10T11:12:32Z,1,2,134,8700,3.507853,medium,growing,3
jdk21u-dev,https://github.com/openjdk/jdk21u-dev,34,158,1150191,Java,2023-12-12T19:51:53Z,2026-03-27T22:21:55Z,0,43,77439,13802292,2778.911483,high,growing,143
Curso-Desenvolvimento-Android-2023,https://github.com/profmaddo/Curso-Desenvolvimento-Android-2023,34,12,129,Java,2023-02-23T04:41:08Z,2025-03-18T00:10:02Z,0,0,84,1548,2.232064,medium,growing,1
LifeStealZ,https://github.com/ZetaPlugins/LifeStealZ,34,54,10902,Java,2023-07-12T20:31:49Z,2026-03-04T02:42:41Z,9,3,487,130824,14.772497,high,growing,19
devopscases,https://github.com/slurmio/devopscases,34,22,430,Java,2023-10-08T09:19:44Z,2026-02-21T08:07:52Z,0,0,6,5160,0.199557,low,growing,1
SandboxPixelDungeon,https://github.com/AlphaDraxonis/SandboxPixelDungeon,34,3,190347,Java,2023-06-01T20:49:56Z,2026-03-07T21:21:36Z,4,0,9183,2284164,267.466019,high,growing,3
capacitor-music-controls-plugin,https://github.com/ingageco/capacitor-music-controls-plugin,34,16,411,Java,2023-01-27T18:06:30Z,2026-03-18T22:12:38Z,5,0,62,4932,1.61039,medium,growing,2
databricks-jdbc,https://github.com/databricks/databricks-jdbc,34,36,147019,Java,2023-06-19T08:21:22Z,2026-03-28T04:45:34Z,7,41,292,1764228,8.647581,medium,growing,39
POSSUM,https://github.com/target/POSSUM,34,7,850,Java,2023-07-05T19:54:02Z,2026-03-28T02:27:54Z,3,3,245,10200,7.379518,medium,growing,14
fast-ip-ping,https://github.com/Fallen-Breath/fast-ip-ping,34,0,476,Java,2023-08-18T06:57:48Z,2026-02-01T09:02:25Z,0,0,35,5712,1.101784,medium,growing,1
infinity,https://github.com/lyricnight/infinity,34,3,3318,Java,2023-04-21T19:57:41Z,2025-12-29T11:48:17Z,0,0,174,39816,4.87395,medium,growing,3
JWT-Authentication-SpringBoot,https://github.com/pkini2002/JWT-Authentication-SpringBoot,34,5,103,Java,2023-09-23T09:24:41Z,2026-02-06T19:19:40Z,0,0,13,1236,0.4253,low,growing,1
tooltips,https://github.com/Septicuss/tooltips,34,15,527,Java,2023-05-29T08:17:06Z,2026-03-06T13:25:01Z,0,2,237,6324,6.876209,medium,growing,4
Astronomical,https://github.com/Ladysnake/Astronomical,34,5,56406,Java,2023-11-20T17:33:42Z,2025-12-24T04:03:59Z,14,3,171,676872,5.979021,medium,growing,11
RuoYi-Vue-Flex,https://github.com/yhan219/RuoYi-Vue-Flex,34,8,87099,Java,2023-10-18T02:03:05Z,2025-10-27T02:26:52Z,2,0,3668,1045188,123.363229,high,growing,107
mafishmod,https://github.com/Mafuyu33/mafishmod,34,8,11184,Java,2023-12-10T16:25:53Z,2025-09-14T08:50:46Z,0,0,278,134208,9.940405,medium,growing,5
firebase-java-sdk,https://github.com/GitLiveApp/firebase-java-sdk,34,13,619,Java,2023-08-27T08:28:12Z,2026-03-24T05:48:30Z,3,9,157,7428,4.989407,medium,growing,8
PWG,https://github.com/v4lpt/PWG,34,2,16091,Java,2023-09-10T13:17:00Z,2026-03-27T14:24:01Z,1,0,45,193092,1.451613,medium,growing,2
spring-6-recipes,https://github.com/Apress/spring-6-recipes,34,35,625,Java,2023-04-27T12:58:45Z,2026-03-12T18:27:03Z,5,0,1,7500,0.028143,low,growing,1
java-course-2023,https://github.com/sanyarnd/java-course-2023,34,35,2526,Java,2023-09-13T21:17:36Z,2025-10-14T16:34:32Z,0,0,22,30312,0.712743,low,growing,6
liquibase-databricks,https://github.com/liquibase/liquibase-databricks,34,13,25097,Java,2023-01-18T14:33:18Z,2026-03-19T19:10:47Z,14,7,570,301164,14.678112,high,growing,21
Java-Jan-2024,https://github.com/oguzkaran/Java-Jan-2024,34,23,68200,Java,2023-11-22T18:05:37Z,2026-01-23T19:39:03Z,0,0,264,818400,9.252336,medium,growing,2
2023-stamp-crush,https://github.com/woowacourse-teams/2023-stamp-crush,34,5,39390,Java,2023-06-29T01:22:26Z,2025-01-11T14:19:32Z,11,0,129,472680,3.858425,medium,growing,9
webflux-examples,https://github.com/gaaon/webflux-examples,34,41,496,Java,2023-05-31T12:00:55Z,2025-07-26T21:38:52Z,1,0,16,5952,0.465116,low,growing,1
dubbo-springboot3,https://github.com/ZhiQinIsZhen/dubbo-springboot3,34,14,1236,Java,2023-11-13T01:28:21Z,2026-03-24T05:50:10Z,0,0,178,14832,6.166282,medium,growing,1
doudou-peiwan-master,https://github.com/HsiuChi/doudou-peiwan-master,34,9,26963,Java,2023-11-29T02:18:42Z,2025-09-02T09:35:45Z,0,0,29,323556,1.023529,medium,growing,1
Metropolis,https://github.com/DoveCotMC/Metropolis,34,13,2118,Java,2023-10-20T14:10:58Z,2026-03-17T18:34:34Z,3,0,39,25416,1.314607,medium,growing,3
react-native-pagseguro-plugpag,https://github.com/brunodsazevedo/react-native-pagseguro-plugpag,34,6,1656,Java,2023-08-28T19:03:17Z,2025-09-18T08:41:07Z,3,0,23,19872,0.732484,low,growing,3
app-space-flutter,https://github.com/appspa/app-space-flutter,34,1,6925,Java,2023-02-25T09:47:46Z,2025-08-19T02:05:44Z,0,0,13,83100,0.346051,low,growing,1
hrm-public,https://github.com/ynwynw/hrm-public,34,3,6066,Java,2023-01-10T02:22:59Z,2026-03-19T12:34:39Z,0,0,6,72792,0.153453,low,growing,1
pizza,https://github.com/salaboy/pizza,34,18,2859,Java,2023-09-20T07:35:31Z,2026-03-26T11:16:52Z,0,2,47,34308,1.532609,medium,growing,3
calvin-chess-engine,https://github.com/kelseyde/calvin-chess-engine,34,4,196331,Java,2023-09-09T09:48:54Z,2025-12-19T02:20:38Z,6,41,1122,2355972,36.154672,high,growing,3
Plants-Vs-Zombies,https://github.com/philsarisk/Plants-Vs-Zombies,34,5,115279,Java,2023-03-19T02:24:04Z,2026-03-23T21:13:10Z,0,0,107,1383348,2.904977,medium,growing,1
schem,https://github.com/hollow-cube/schem,34,17,317,Java,2023-09-19T02:30:53Z,2026-03-28T10:06:55Z,4,1,29,3804,0.944625,low,growing,16
RIAID,https://github.com/kwai/RIAID,34,2,19478,Java,2023-06-29T03:30:33Z,2025-05-30T03:02:24Z,0,0,5,233736,0.149551,low,growing,1
GeyserUtils,https://github.com/GeyserExtensionists/GeyserUtils,34,24,102260,Java,2023-09-10T05:40:46Z,2026-02-19T03:17:32Z,12,3,88,1227120,2.83871,medium,growing,5
apk-killer-java-mod-menu,https://github.com/LaughingMuffin/apk-killer-java-mod-menu,34,9,2146,Java,2023-11-08T09:47:46Z,2026-03-03T05:47:43Z,0,0,12,25752,0.413318,low,growing,1
GhidraDeviceTreeBlob,https://github.com/antoniovazquezblanco/GhidraDeviceTreeBlob,34,2,2870,Java,2023-12-01T07:54:16Z,2026-03-27T09:28:27Z,0,0,191,34440,6.757075,medium,growing,2
shuowen,https://github.com/lagrange-landada/shuowen,34,9,719214,Java,2023-05-27T08:31:14Z,2026-03-28T01:20:33Z,0,1,148,8630568,4.285714,medium,growing,1
Ultramarine,https://github.com/LocusAzzurro/Ultramarine,34,10,5729,Java,2023-02-08T03:28:38Z,2026-02-03T11:41:14Z,5,0,643,68748,16.861888,high,growing,5
AlarmShell,https://github.com/weixiansen574/AlarmShell,34,4,823,Java,2023-11-19T13:22:29Z,2026-01-20T02:08:28Z,4,0,3,9876,0.104651,low,growing,1
socket_kafka,https://github.com/gg1229505432/socket_kafka,34,13,304,Java,2023-08-26T15:17:06Z,2025-11-04T13:28:08Z,0,1,15,3648,0.47619,low,growing,1
imersao-kafka,https://github.com/vepo/imersao-kafka,34,6,123054,Java,2023-03-29T15:01:31Z,2026-03-09T00:13:49Z,0,0,23,1476648,0.630137,low,growing,1
payment-system,https://github.com/f-lab-edu/payment-system,34,4,368,Java,2023-05-30T04:38:44Z,2026-03-28T16:02:36Z,0,1,183,4416,5.314618,medium,growing,39
MemShell,https://github.com/cri1wa/MemShell,34,5,28046,Java,2023-03-01T06:32:45Z,2026-03-13T22:01:15Z,1,0,20,336552,0.534283,low,growing,1
Sharing,https://github.com/junbin1011/Sharing,34,6,1426,Java,2023-02-20T13:23:37Z,2025-12-21T15:54:35Z,1,0,13,17112,0.344523,low,growing,1
Intellij-IDEA-Extreme,https://github.com/itbaima-study/Intellij-IDEA-Extreme,34,10,842,Java,2023-09-04T10:23:22Z,2025-11-15T15:06:28Z,0,0,2,10104,0.064103,low,growing,1
MiniApp_Project,https://github.com/Mustafa-Hassan2001/MiniApp_Project,33,1,98,Java,2023-12-19T14:40:51Z,2024-10-28T17:15:08Z,0,0,1,1176,0.036145,low,growing,1
MOONSHOT-SERVER,https://github.com/MOONSHOT-Team/MOONSHOT-SERVER,33,1,944,Java,2023-12-21T06:15:33Z,2025-11-09T05:27:53Z,3,0,750,11328,27.173913,high,growing,4
lithostitched,https://github.com/Apollounknowndev/lithostitched,33,11,20880,Java,2023-11-11T07:19:46Z,2026-03-27T01:33:29Z,31,2,24,250560,0.829493,low,growing,1
json-diff,https://github.com/codeleep/json-diff,33,2,465,Java,2023-03-17T08:03:40Z,2026-01-15T09:47:29Z,5,0,168,5580,4.552846,medium,growing,3
jarkanoid,https://github.com/HanSolo/jarkanoid,33,6,175312,Java,2023-01-30T07:52:28Z,2025-12-22T11:55:16Z,2,1,70,2103744,1.821336,medium,growing,2
partners-api,https://github.com/Fernanda-Kipper/partners-api,33,9,98,Java,2023-05-31T02:09:19Z,2026-02-23T14:36:36Z,0,0,21,1176,0.610465,low,growing,1
Online_Sports_Store,https://github.com/fathi-riham-mn/Online_Sports_Store,33,1,6865,Java,2023-09-11T09:32:41Z,2024-02-03T16:46:55Z,0,0,15,82380,0.484392,low,growing,1
tak-cad,https://github.com/raytheonbbn/tak-cad,33,7,119452,Java,2023-07-11T10:58:01Z,2026-03-12T23:59:52Z,1,1,8,1433424,0.24218,low,growing,2
trading-simulator,https://github.com/nikolatechie/trading-simulator,33,18,13261,Java,2023-03-17T14:43:22Z,2026-03-16T19:21:29Z,6,0,47,159132,1.273713,medium,growing,1
No5SchoolForumSystem,https://github.com/YuLin-Coder/No5SchoolForumSystem,33,0,9196,Java,2023-11-17T13:57:55Z,2025-09-29T05:42:36Z,0,0,4,110352,0.139211,low,growing,1
curso-java-spring-security,https://github.com/platzi/curso-java-spring-security,33,16,269,Java,2023-03-13T14:15:33Z,2026-01-09T05:33:20Z,0,0,38,3228,1.026103,medium,growing,3
webhook,https://github.com/EalenXie/webhook,33,14,238,Java,2023-04-14T10:15:51Z,2026-02-12T08:29:18Z,0,0,61,2856,1.696015,medium,growing,2
blockgame-enhanced,https://github.com/jakkodude/blockgame-enhanced,33,11,19266,Java,2023-04-23T09:38:43Z,2025-09-03T13:15:55Z,1,0,300,231192,8.411215,medium,growing,5
Ship-Editor,https://github.com/Ontheheavens/Ship-Editor,33,2,22742,Java,2023-04-17T05:17:26Z,2026-03-27T22:13:16Z,3,0,391,272904,10.901487,high,growing,3
maplestory.openapi,https://github.com/SpiralMoon/maplestory.openapi,33,8,2522,Java,2023-11-14T17:53:10Z,2026-03-28T14:32:59Z,2,0,715,30264,24.826389,high,growing,3
TrendStyle,https://github.com/dysphael/TrendStyle,33,3,18991,Java,2023-05-23T02:27:17Z,2025-12-07T17:47:06Z,0,0,111,227892,3.201923,medium,growing,1
android-overlay-detection,https://github.com/Guardsquare/android-overlay-detection,33,6,155,Java,2023-02-22T11:21:21Z,2026-02-12T01:08:01Z,1,1,8,1860,0.212389,low,growing,6
Desktop-Lesson-List,https://github.com/Wudji/Desktop-Lesson-List,33,12,10403,Java,2023-05-01T15:24:16Z,2025-10-04T13:58:36Z,2,0,13,124836,0.367232,low,growing,1
Sounds,https://github.com/IMB11-Mods/Sounds,33,13,21677,Java,2023-08-24T20:26:36Z,2026-03-24T18:47:09Z,26,0,403,260124,12.780127,high,growing,14
spring-boot-spring-security-jwt-authentication,https://github.com/Vimal1464/spring-boot-spring-security-jwt-authentication,33,9,89,Java,2023-12-29T12:17:34Z,2026-03-21T20:13:18Z,0,0,13,1068,0.47561,low,growing,2
petHospitalPublic,https://github.com/giteecode/petHospitalPublic,33,4,2896,Java,2023-10-14T02:51:00Z,2026-03-28T03:09:21Z,2,0,4,34752,0.133929,low,growing,2
14th-team5-BE,https://github.com/depromeet/14th-team5-BE,33,2,938,Java,2023-11-13T14:45:36Z,2026-03-21T05:32:26Z,1,0,283,11256,9.803695,medium,growing,199
opusenphone,https://github.com/ArunSankarKs/opusenphone,33,40,354,Java,2023-08-17T18:00:06Z,2025-08-27T07:58:10Z,0,0,1,4248,0.03148,low,growing,2
sd-jwt,https://github.com/authlete/sd-jwt,33,2,4538,Java,2023-02-27T22:10:55Z,2026-03-23T11:59:24Z,1,0,44,54456,1.174377,medium,growing,7
yaml-ui-editor,https://github.com/google/yaml-ui-editor,33,10,106,Java,2023-08-30T01:05:15Z,2026-02-13T20:53:47Z,2,0,2,1272,0.063762,low,growing,13
EO1,https://github.com/spalt/EO1,33,12,444,Java,2023-07-20T18:03:10Z,2026-02-09T21:19:44Z,12,0,49,5328,1.498471,medium,growing,4
BuildingGadgets2,https://github.com/Direwolf20-MC/BuildingGadgets2,33,27,4272,Java,2023-05-06T22:51:29Z,2025-12-29T00:35:55Z,74,4,347,51264,9.857955,medium,growing,9
ChatGPTService,https://github.com/cxyxl66/ChatGPTService,33,17,32030,Java,2023-07-15T10:24:57Z,2025-07-16T07:20:07Z,0,0,9,384360,0.273556,low,growing,1
gps_locker,https://github.com/MrRar/gps_locker,33,4,137,Java,2023-07-06T13:13:57Z,2025-10-21T02:01:51Z,4,0,7,1644,0.210843,low,growing,2
eShopOnSteroids,https://github.com/badass-techie/eShopOnSteroids,33,15,6406,Java,2023-09-04T22:02:46Z,2025-11-09T09:41:41Z,0,0,98,76872,3.144385,medium,growing,1
snapcrescent,https://github.com/snapcrescent/snapcrescent,33,3,9359,Java,2023-06-26T17:22:50Z,2026-02-10T11:13:28Z,4,0,249,112308,7.432836,medium,growing,3
Mine-And-Slash-Rework,https://github.com/RobertSkalko/Mine-And-Slash-Rework,33,55,22031,Java,2023-08-04T10:20:00Z,2026-03-01T03:43:54Z,24,2,1262,264372,39.152017,high,growing,19
hospitalRegisterPublic,https://github.com/ynwynw/hospitalRegisterPublic,33,6,19882,Java,2023-09-08T08:57:53Z,2026-03-10T08:55:24Z,0,0,1,238584,0.032189,low,growing,1
worldedit-gtnh,https://github.com/GTNewHorizons/worldedit-gtnh,33,8,1019,Java,2023-07-08T19:51:24Z,2026-03-06T20:41:06Z,12,3,33,12228,0.996979,low,growing,138
Fruzhin,https://github.com/LimeChain/Fruzhin,33,1,164839,Java,2023-02-23T13:37:28Z,2026-03-17T04:08:13Z,31,10,763,1978068,20.274579,high,growing,14
Designing-Hexagonal-Architecture-with-Java-SpringBoot,https://github.com/educostadev/Designing-Hexagonal-Architecture-with-Java-SpringBoot,33,4,121,Java,2023-01-08T00:10:45Z,2026-03-17T23:15:07Z,0,0,14,1452,0.357447,low,growing,2
Weather,https://github.com/sunilpaulmathew/Weather,33,3,3315,Java,2023-04-22T20:51:49Z,2026-03-24T10:36:57Z,11,0,57,39780,1.598131,medium,growing,4
java2uml,https://github.com/leluque/java2uml,33,1,122,Java,2023-11-10T16:49:58Z,2025-12-03T17:56:11Z,1,0,70,1464,2.416571,medium,growing,1
copy-to-bcheck,https://github.com/vrechson/copy-to-bcheck,33,4,996,Java,2023-07-13T23:51:07Z,2025-07-16T02:48:11Z,0,0,15,11952,0.455466,low,growing,1
messedup-settings,https://github.com/dsinkerii/messedup-settings,33,0,525641,Java,2023-08-02T14:36:10Z,2026-01-16T10:24:46Z,3,0,61,6307692,1.888545,medium,growing,1
elastic-otel-java,https://github.com/elastic/elastic-otel-java,33,26,4325,Java,2023-09-04T09:16:14Z,2026-03-27T13:04:19Z,30,3,893,51900,28.621795,high,growing,2335
nicotine,https://github.com/tranarchy/nicotine,33,5,4792,Java,2023-11-15T11:15:57Z,2026-03-28T14:28:22Z,0,0,146,57504,5.069444,medium,growing,1
db-double-write,https://github.com/help-lixin/db-double-write,33,2,322,Java,2023-02-07T06:29:19Z,2024-03-02T10:37:08Z,0,0,27,3864,0.707424,low,growing,1
flarum-app,https://github.com/Aurorum-Studio/flarum-app,33,7,1783,Java,2023-02-18T08:20:53Z,2026-03-27T08:26:25Z,0,0,54,21396,1.428571,medium,growing,1
AxiomClientAPI,https://github.com/Moulberry/AxiomClientAPI,32,2,512,Java,2023-08-19T17:15:48Z,2026-03-28T00:28:23Z,0,0,5,6144,0.157729,low,growing,24
mebius,https://github.com/NetEase/mebius,32,14,509,Java,2023-08-02T08:26:53Z,2026-02-10T06:05:34Z,2,0,3,6108,0.092879,low,growing,8
tabling,https://github.com/f-lab-edu/tabling,32,2,491,Java,2023-09-01T14:14:10Z,2026-01-10T12:14:13Z,6,1,291,5892,9.297125,medium,growing,40
LakeView,https://github.com/onehouseinc/LakeView,32,8,3305,Java,2023-10-27T06:21:37Z,2026-03-23T10:30:49Z,10,1,151,39660,5.130238,medium,growing,16
No37OnlineMallManagementSystem,https://github.com/YuLin-Coder/No37OnlineMallManagementSystem,32,0,1853,Java,2023-12-01T14:51:40Z,2025-12-27T06:56:52Z,0,0,2,22236,0.070755,low,growing,1
BraveNewPipeLegacy,https://github.com/bravepipeproject/BraveNewPipeLegacy,32,3,72049,Java,2023-02-07T20:53:37Z,2026-03-14T04:49:45Z,3,0,10389,864588,272.438811,high,growing,688
No32TmallShoppingMallManagementSystem,https://github.com/YuLin-Coder/No32TmallShoppingMallManagementSystem,32,0,7879,Java,2023-11-30T14:59:18Z,2025-09-21T07:31:31Z,0,0,2,94548,0.070671,low,growing,1
tutorial-spring-auth-server,https://github.com/giuliana-bezerra/tutorial-spring-auth-server,32,6,110,Java,2023-04-20T12:14:16Z,2025-12-26T17:44:24Z,0,0,2,1320,0.055918,low,growing,1
filament,https://github.com/tomalbrc/filament,32,7,5041,Java,2023-10-08T12:04:59Z,2026-03-28T14:29:02Z,13,0,1081,60492,35.953437,high,growing,5
LauncherAndroidTV,https://github.com/lonelytransistor/LauncherAndroidTV,32,4,2697,Java,2023-12-28T18:24:12Z,2026-03-09T06:28:46Z,0,0,8,32364,0.292683,low,growing,1
order_food_app,https://github.com/Henryers/order_food_app,32,6,184025,Java,2023-12-20T15:23:30Z,2026-03-09T02:03:20Z,0,0,9,2208300,0.325694,low,growing,1
spring-learning-test,https://github.com/cho-log/spring-learning-test,32,234,522,Java,2023-08-09T04:32:48Z,2026-03-26T11:37:15Z,0,4,26,6264,0.810811,low,growing,4
SwitchKeyboard,https://github.com/FlyJingFish/SwitchKeyboard,32,4,33923,Java,2023-02-13T10:38:25Z,2025-10-27T02:02:29Z,0,0,115,407076,3.028973,medium,growing,1
zimbra-maldua-2fa,https://github.com/maldua-suite/zimbra-maldua-2fa,32,12,1573,Java,2023-05-19T11:36:27Z,2026-03-16T23:05:41Z,9,0,357,18876,10.258621,high,growing,1
marubase,https://github.com/Bamdoliro/marubase,32,1,4199,Java,2023-03-13T11:13:38Z,2026-03-27T00:50:47Z,3,0,1372,50388,37.047705,high,growing,22
CurveBuilding,https://github.com/kous500/CurveBuilding,32,8,393,Java,2023-01-20T04:44:03Z,2026-02-26T18:01:15Z,4,0,131,4716,3.379192,medium,growing,8
graceful-response-boot2,https://github.com/feiniaojin/graceful-response-boot2,32,8,1405,Java,2023-11-15T10:54:19Z,2025-10-31T16:07:11Z,1,0,82,16860,2.847222,medium,growing,4
Java_Zoo,https://github.com/p4d0rn/Java_Zoo,32,2,79898,Java,2023-04-23T04:12:26Z,2026-01-20T01:49:13Z,0,0,55,958776,1.542056,medium,growing,1
cqrs-example,https://github.com/Rapter1990/cqrs-example,32,11,2799,Java,2023-03-20T22:47:02Z,2026-03-21T21:06:12Z,1,0,45,33588,1.223935,medium,growing,2
algoStudy,https://github.com/SeongukBaek/algoStudy,32,3,1291,Java,2023-01-25T11:23:45Z,2025-12-27T18:56:28Z,0,2,806,15492,20.880829,high,growing,6
json-schema,https://github.com/harrel56/json-schema,32,5,2536,Java,2023-02-06T20:09:14Z,2026-03-25T09:19:55Z,3,0,1656,30432,43.388646,high,growing,3
greentooth,https://github.com/qwerty12/greentooth,32,1,647,Java,2023-09-10T02:41:48Z,2026-03-28T09:36:30Z,1,0,87,7764,2.806452,medium,growing,3
CenterStage,https://github.com/KookyBotz/CenterStage,32,4,29016,Java,2023-09-19T02:46:42Z,2026-01-13T12:48:54Z,0,0,258,348192,8.403909,medium,growing,6
xy-dianping,https://github.com/viego1999/xy-dianping,32,2,25038,Java,2023-11-04T07:05:22Z,2026-03-27T08:35:40Z,0,0,7,300456,0.24,low,growing,1
ModArt,https://github.com/SuperIceCN/ModArt,32,1,26071,Java,2023-01-17T15:00:35Z,2025-11-12T07:51:51Z,0,0,5,312852,0.128645,low,growing,1
No80MallBackgroundManagementSystem,https://github.com/YuLin-Coder/No80MallBackgroundManagementSystem,32,0,10689,Java,2023-12-27T14:26:12Z,2025-09-21T07:30:23Z,0,0,2,128268,0.072993,low,growing,1
AIDocumentLibraryChat,https://github.com/Angular2Guy/AIDocumentLibraryChat,32,13,4764,Java,2023-10-25T19:05:07Z,2025-12-28T07:23:17Z,0,0,456,57168,15.475113,high,growing,3
swaggerific,https://github.com/ozkanpakdil/swaggerific,32,0,1308,Java,2023-05-08T21:26:14Z,2026-02-10T11:13:14Z,7,0,414,15696,11.783681,high,growing,2
blind75,https://github.com/Sugapriyan-P-K/blind75,32,16,246,Java,2023-09-12T15:04:13Z,2026-03-25T21:08:17Z,0,0,225,2952,7.273707,medium,growing,1
ExploitFixer,https://github.com/Obydux/ExploitFixer,32,14,767,Java,2023-06-22T11:15:14Z,2026-01-02T01:12:17Z,1,0,480,9204,14.257426,high,growing,26
java-testing-made-easy,https://github.com/sivaprasadreddy/java-testing-made-easy,32,22,537,Java,2023-03-01T04:11:10Z,2026-03-25T16:51:28Z,1,9,19,6444,0.507569,low,growing,2
JavaFPLearning,https://github.com/sameershukla/JavaFPLearning,32,4,825,Java,2023-02-15T03:56:01Z,2025-02-22T22:14:56Z,0,0,56,9900,1.477573,medium,growing,1
microservices,https://github.com/uncle-dave-code/microservices,32,15,208,Java,2023-06-07T15:51:22Z,2026-03-01T22:01:09Z,0,0,5,2496,0.146341,low,growing,2
Server-Unpacker,https://github.com/Sindercube/Server-Unpacker,32,7,125,Java,2023-08-20T23:17:06Z,2026-03-07T12:39:34Z,4,0,32,1500,1.010526,medium,growing,1
File-Manager-Android-App,https://github.com/vivekkuvadiya/File-Manager-Android-App,32,6,2400,Java,2023-01-14T13:28:09Z,2026-03-09T01:39:35Z,0,0,4,28800,0.102652,low,growing,1
skidfuscator-ir,https://github.com/skidfuscatordev/skidfuscator-ir,32,5,325,Java,2023-07-16T20:35:59Z,2025-12-01T18:21:29Z,1,0,63,3900,1.918782,medium,growing,5
MultiOfflineFix,https://github.com/MCTeamPotato/MultiOfflineFix,32,1,2346,Java,2023-06-09T08:16:43Z,2026-03-19T11:34:44Z,2,1,18,28152,0.527859,low,growing,7
No6TeachersStudentsHomeworkDesign,https://github.com/YuLin-Coder/No6TeachersStudentsHomeworkDesign,32,0,1718,Java,2023-11-18T02:21:18Z,2025-09-21T07:33:36Z,0,0,4,20616,0.139373,low,growing,1
security-standard,https://github.com/Almadavic/security-standard,32,3,246,Java,2023-01-10T21:17:48Z,2024-12-16T20:02:35Z,0,0,50,2952,1.279863,medium,growing,1
r4tings-recommender,https://github.com/r4tings/r4tings-recommender,32,3,33062,Java,2023-10-01T13:23:34Z,2026-03-22T14:37:53Z,4,0,355,396744,11.716172,high,growing,4
chartjs-java-model,https://github.com/xdev-software/chartjs-java-model,32,7,4686,Java,2023-04-28T07:39:51Z,2026-03-23T03:54:50Z,2,5,1324,56232,37.295775,high,growing,11
rapidocr-demo,https://github.com/MyMonsterCat/rapidocr-demo,32,11,133,Java,2023-11-16T10:20:46Z,2025-12-08T15:35:10Z,1,0,13,1596,0.451912,low,growing,1
Buildscripts,https://github.com/GregTechCEu/Buildscripts,32,14,350,Java,2023-05-29T19:40:49Z,2026-03-21T09:43:44Z,2,3,182,4200,5.285576,medium,growing,23
AI-Insight-Intelligent-Analytics,https://github.com/lxiaonan/AI-Insight-Intelligent-Analytics,32,3,511,Java,2023-12-07T08:11:12Z,2025-12-05T07:39:52Z,0,0,17,6132,0.605701,low,growing,1
shared-fx-jni-src,https://github.com/xdsswar/shared-fx-jni-src,32,3,2015,Java,2023-10-23T21:00:47Z,2025-04-16T18:47:38Z,0,0,2,24180,0.06772,low,growing,1
expo-sample-app,https://github.com/descope-sample-apps/expo-sample-app,32,2,580,Java,2023-11-27T19:31:06Z,2026-01-31T06:43:08Z,0,0,6,6960,0.211516,low,growing,1
langchain4j-pdf-assistant,https://github.com/SaiUpadhyayula/langchain4j-pdf-assistant,32,14,192,Java,2023-12-24T09:03:29Z,2026-02-22T02:42:22Z,0,0,3,2304,0.109091,low,growing,1
UltraFirmwareToolkit,https://github.com/weashadow/UltraFirmwareToolkit,32,3,4034,Java,2023-10-07T11:29:25Z,2026-02-16T22:16:02Z,5,0,25,48408,0.830565,low,growing,3
PartyBuilding,https://github.com/2473-CI/PartyBuilding,32,9,52492,Java,2023-04-19T06:31:57Z,2026-02-13T05:04:47Z,0,0,40,629904,1.117318,medium,growing,0
POSTECH_SOAT_Qualidade_Software,https://github.com/FIAP/POSTECH_SOAT_Qualidade_Software,32,50,90,Java,2023-06-20T22:22:02Z,2026-03-17T19:05:56Z,0,1,2,1080,0.059347,low,growing,2
QuickChat,https://github.com/Binx98/QuickChat,32,10,8020,Java,2023-11-12T02:55:48Z,2025-08-21T05:23:28Z,0,0,692,96240,23.944637,high,growing,4
Using-GitHub-Actions-to-run-your-Maestro-Flows,https://github.com/retyui/Using-GitHub-Actions-to-run-your-Maestro-Flows,32,8,27574,Java,2023-08-07T12:34:10Z,2026-03-17T22:21:32Z,0,0,20,330888,0.622407,low,growing,1
xctraceprof,https://github.com/fzhinkin/xctraceprof,32,0,1743,Java,2023-08-23T10:05:37Z,2026-03-24T16:27:09Z,0,0,64,20916,2.025316,medium,growing,1
Create-Dreams-and-Desires,https://github.com/LopyLuna/Create-Dreams-and-Desires,31,45,24276,Java,2023-05-15T10:29:51Z,2026-02-19T20:41:22Z,11,6,285,291312,8.158397,medium,growing,19
2023-co-kirikiri,https://github.com/woowacourse-teams/2023-co-kirikiri,31,4,4881,Java,2023-06-29T01:21:46Z,2026-02-23T07:10:14Z,6,0,11,58572,0.329013,low,growing,8
2771-spring-boot,https://github.com/alura-cursos/2771-spring-boot,31,14,100,Java,2023-01-09T20:18:18Z,2026-02-17T15:49:39Z,0,1,20,1200,0.511509,low,growing,5
Tebex-Minecraft,https://github.com/tebexio/Tebex-Minecraft,31,61,661,Java,2023-12-18T22:39:48Z,2026-03-15T14:20:58Z,2,2,223,7932,8.060241,medium,growing,15
java-patch,https://github.com/silentEAG/java-patch,31,3,29437,Java,2023-11-09T03:51:06Z,2026-03-11T16:53:41Z,0,0,4,353244,0.137931,low,growing,1
avaje-prisms,https://github.com/avaje/avaje-prisms,31,3,507,Java,2023-02-08T22:37:05Z,2026-03-16T07:28:20Z,1,0,416,6084,10.918635,high,growing,3
learnJava,https://github.com/tangorishi/learnJava,31,45,226,Java,2023-03-01T19:10:26Z,2026-03-24T08:38:55Z,15,13,265,2712,7.085561,medium,growing,19
OKBund,https://github.com/okx/OKBund,31,7,461,Java,2023-11-27T10:54:49Z,2026-02-25T03:21:43Z,0,0,9,5532,0.316901,low,growing,3
Stegsolve,https://github.com/souno-io/Stegsolve,31,2,818,Java,2023-06-15T05:18:58Z,2025-11-03T09:14:26Z,0,0,6,9816,0.176991,low,growing,1
abestudy,https://github.com/yaoyuanyylyy/abestudy,31,12,49595,Java,2023-03-20T16:13:13Z,2026-02-19T01:06:00Z,1,0,5,595140,0.13587,low,growing,1
OriginsPaper,https://github.com/Dueris/OriginsPaper,31,8,40452,Java,2023-03-19T21:38:41Z,2026-01-05T19:02:13Z,1,0,3219,485424,87.472826,high,growing,5
phase4-peppol-standalone,https://github.com/phax/phase4-peppol-standalone,31,11,267,Java,2023-10-31T18:25:24Z,2026-03-27T16:03:28Z,1,0,242,3204,8.268793,medium,growing,2
hipi-trace,https://github.com/hipicloud/hipi-trace,31,14,12108,Java,2023-01-29T07:05:51Z,2026-03-23T15:02:58Z,1,0,16,145296,0.415945,low,growing,1
AV_Messenger,https://github.com/ashuuu14/AV_Messenger,31,36,2582,Java,2023-02-02T05:23:43Z,2026-03-04T06:47:52Z,0,0,1,30984,0.026087,low,growing,1
minecraft-1.8.9-lwjgl3,https://github.com/yapeteam/minecraft-1.8.9-lwjgl3,31,3,145778,Java,2023-08-05T02:49:03Z,2026-03-17T13:58:22Z,1,0,45,1749336,1.397516,medium,growing,3
HyBench-2024,https://github.com/Rucchao/HyBench-2024,31,8,13845,Java,2023-04-28T12:04:30Z,2025-11-07T20:42:24Z,0,0,203,166140,5.71831,medium,growing,2
GinBi,https://github.com/panther125/GinBi,31,5,2833,Java,2023-08-10T10:47:45Z,2026-03-28T05:40:07Z,1,0,2,33996,0.062435,low,growing,1
prioritizing-event-processing-with-apache-kafka,https://github.com/build-on-aws/prioritizing-event-processing-with-apache-kafka,31,7,599,Java,2023-06-07T20:29:46Z,2026-02-16T07:37:32Z,2,1,29,7188,0.849609,low,growing,29
webauthn4j-spring-boot-passkeys-demo,https://github.com/deepu105/webauthn4j-spring-boot-passkeys-demo,31,6,99,Java,2023-11-01T20:39:11Z,2026-01-10T00:18:04Z,1,0,11,1188,0.376283,low,growing,1
Instagram-Spring,https://github.com/Biotea92/Instagram-Spring,31,1,396,Java,2023-03-24T10:03:08Z,2025-10-26T18:06:15Z,0,0,44,4752,1.2,medium,growing,1
auth0-spring-boot-angular-crud-example,https://github.com/oktadev/auth0-spring-boot-angular-crud-example,31,15,957,Java,2023-04-20T22:36:55Z,2025-07-24T14:37:02Z,1,1,120,11484,3.358209,medium,growing,4
dataset,https://github.com/gcpaas/dataset,31,32,341,Java,2023-06-14T03:02:46Z,2026-03-25T04:06:37Z,0,0,127,4092,3.742633,medium,growing,5
smallboot,https://github.com/zhengqingya/smallboot,31,10,15450,Java,2023-04-12T03:05:01Z,2025-12-27T18:27:14Z,0,0,508,185400,14.098057,high,growing,1
foodmanagement,https://github.com/huoming123/foodmanagement,31,1,7003,Java,2023-06-15T06:00:09Z,2026-03-22T02:48:58Z,0,0,5,84036,0.147493,low,growing,1
Zeta,https://github.com/VazkiiMods/Zeta,31,18,1525,Java,2023-10-09T07:50:38Z,2026-02-17T18:40:50Z,22,6,314,18300,10.45505,high,growing,19
cmd-utils,https://github.com/Coderx-Gamer/cmd-utils,31,3,143,Java,2023-11-20T15:23:34Z,2026-02-24T20:32:13Z,1,0,7,1716,0.24447,low,growing,2
Theatrical,https://github.com/theatricalmod/Theatrical,31,15,2572,Java,2023-02-04T15:09:47Z,2026-01-22T18:56:53Z,5,2,164,30864,4.285714,medium,growing,5
loom,https://github.com/danvega/loom,31,11,1729,Java,2023-03-23T19:32:25Z,2025-05-06T11:32:07Z,0,0,2,20748,0.054545,low,growing,1
zotero-file,https://github.com/daidaishengweinan/zotero-file,31,22,917,Java,2023-08-03T04:43:48Z,2026-03-09T21:29:01Z,0,0,89,11004,2.758264,medium,growing,3
May23-LLD,https://github.com/rahulgrover99/May23-LLD,31,60,26440,Java,2023-05-14T21:14:40Z,2025-08-17T07:00:53Z,0,3,131,317280,3.75,medium,growing,21
session-authentication,https://github.com/iTchTheRightSpot/session-authentication,31,8,183,Java,2023-02-22T02:04:31Z,2026-01-25T02:46:31Z,0,0,39,2196,1.035398,medium,growing,2
healthcare,https://github.com/Poison02/healthcare,31,2,1301,Java,2023-06-21T01:55:29Z,2026-01-26T02:49:33Z,0,0,2,15612,0.059347,low,growing,1
AKS-DevSecOps-Workshop,https://github.com/Azure/AKS-DevSecOps-Workshop,31,159,6345,Java,2023-01-16T18:56:42Z,2025-11-14T04:31:50Z,29,15,231,76140,5.943396,medium,growing,10000
CodeGRITS,https://github.com/codegrits/CodeGRITS,31,10,15501,Java,2023-10-12T15:40:39Z,2026-01-30T07:33:33Z,6,3,156,186012,5.211581,medium,growing,3
WhisperVoiceInput,https://github.com/abb128/WhisperVoiceInput,31,4,24286,Java,2023-05-03T12:00:08Z,2025-01-21T15:34:35Z,0,0,5,291432,0.141509,low,growing,1
AndroidVPN,https://github.com/zhkl0228/AndroidVPN,31,12,171,Java,2023-05-16T09:15:38Z,2025-03-05T14:33:24Z,0,0,21,2052,0.601719,low,growing,1
spring-boot-3-spring-security6-jwt-token,https://github.com/GustavoRuiz0/spring-boot-3-spring-security6-jwt-token,31,7,337,Java,2023-08-23T18:24:05Z,2025-11-12T10:40:31Z,0,0,8,4044,0.253432,low,growing,2
AnitubeApp,https://github.com/MrIkso/AnitubeApp,31,7,5692,Java,2023-04-13T15:34:59Z,2026-03-20T23:58:01Z,1,0,151,68304,4.194444,medium,growing,2
zol-collector,https://github.com/zhugezifang/zol-collector,31,4,9501,Java,2023-03-28T02:16:40Z,2026-02-08T07:41:05Z,1,0,937,114012,25.64781,high,growing,1
mechano,https://github.com/quattage/mechano,31,10,3079,Java,2023-04-21T06:28:14Z,2026-03-04T12:17:19Z,3,1,267,36948,7.472015,medium,growing,4
flatlaf-dashboard-pro,https://github.com/DJ-Raven/flatlaf-dashboard-pro,31,8,4806,Java,2023-12-06T17:57:37Z,2026-03-06T13:19:45Z,0,0,30,57672,1.068884,medium,growing,1
ChatPointsTTV,https://github.com/GospelBG/ChatPointsTTV,31,5,1293,Java,2023-09-04T14:48:41Z,2026-02-03T20:30:34Z,0,0,517,15516,16.570513,high,growing,1
Modular-Item-API,https://github.com/Truly-Modular/Modular-Item-API,31,16,148104,Java,2023-07-01T04:40:32Z,2026-03-28T15:11:53Z,10,0,1357,1777248,40.669331,high,growing,7
baekjoon-java-starter,https://github.com/PENEKhun/baekjoon-java-starter,31,4,2401,Java,2023-12-22T09:23:38Z,2026-01-05T13:32:52Z,6,0,57,28812,2.067715,medium,growing,3
dio-desafios-bootcamps,https://github.com/BH-Tec/dio-desafios-bootcamps,31,19,414,Java,2023-02-10T10:07:27Z,2026-01-24T13:09:24Z,2,0,185,4968,4.859895,medium,growing,1
iGomokuGame,https://github.com/AZCodingAccount/iGomokuGame,31,3,36248,Java,2023-12-26T03:35:56Z,2026-01-26T10:45:13Z,0,0,30,434976,1.09356,medium,growing,3
notebot,https://github.com/Nat1anWasTaken/notebot,31,7,1610,Java,2023-03-26T05:45:11Z,2026-02-15T09:10:42Z,4,0,68,19320,1.857923,medium,growing,4
blazingmq-sdk-java,https://github.com/bloomberg/blazingmq-sdk-java,31,15,588,Java,2023-03-21T22:24:30Z,2026-02-12T18:50:55Z,6,7,64,7056,1.742287,medium,growing,23
ChatWeb,https://github.com/379685397/ChatWeb,31,12,8394,Java,2023-04-01T13:32:07Z,2025-07-24T02:57:03Z,2,0,7,100728,0.192308,low,growing,1
solace-pretty-dump,https://github.com/SolaceLabs/solace-pretty-dump,31,4,7135,Java,2023-05-03T22:34:27Z,2026-03-13T11:28:06Z,2,1,172,85620,4.872521,medium,growing,3
BOs-Easy-NPC,https://github.com/MarkusBordihn/BOs-Easy-NPC,31,13,11333,Java,2023-01-02T15:34:36Z,2026-03-18T18:05:07Z,179,0,229,135996,5.817104,medium,growing,8
WireRest,https://github.com/FokiDoki/WireRest,30,11,751,Java,2023-05-02T12:37:42Z,2025-08-12T20:26:44Z,6,0,486,9012,13.741753,high,growing,2
FRC-2023-Public,https://github.com/Team254/FRC-2023-Public,30,6,1684,Java,2023-10-10T01:45:56Z,2026-02-03T09:39:40Z,0,0,7,20208,0.233333,low,growing,35
org.eclipse.emf,https://github.com/eclipse-emf/org.eclipse.emf,30,28,49675,Java,2023-03-10T12:39:52Z,2026-03-22T11:07:20Z,1,1,10430,596100,280.879713,high,growing,43
TLE-Eliminators,https://github.com/coderatiiita/TLE-Eliminators,30,11,15216,Java,2023-04-12T19:54:01Z,2026-03-01T20:36:33Z,0,0,29,182592,0.805556,low,growing,1
concoction,https://github.com/Minecraft-Malware-Prevention-Alliance/concoction,30,0,1217,Java,2023-07-05T13:09:23Z,2025-01-31T22:37:29Z,7,0,96,14604,2.888666,medium,growing,5
awesome-bambdas,https://github.com/254Labs/awesome-bambdas,30,4,269,Java,2023-11-16T06:32:20Z,2025-12-09T02:56:55Z,0,0,123,3228,4.275782,medium,growing,4
gestion-de-stock-api,https://github.com/ali-bouali/gestion-de-stock-api,30,18,122,Java,2023-01-13T09:57:39Z,2026-01-12T04:05:03Z,1,1,13,1464,0.333333,low,growing,2
StarFile-tools,https://github.com/StarfireLab/StarFile-tools,30,4,16359,Java,2023-07-17T02:40:58Z,2025-12-16T09:29:29Z,0,0,15,196308,0.456853,low,growing,1
roseau,https://github.com/alien-tools/roseau,30,6,18368,Java,2023-06-03T09:50:57Z,2026-03-27T07:27:38Z,1,0,1038,220416,30.262391,high,growing,5
burp-menu-level,https://github.com/Ovi3/burp-menu-level,30,2,562,Java,2023-09-26T12:22:06Z,2026-01-21T07:50:28Z,1,0,13,6744,0.426696,low,growing,1
kafka-leader-election,https://github.com/kafbat/kafka-leader-election,30,1,87,Java,2023-05-12T15:05:28Z,2026-01-23T14:01:27Z,1,0,8,1044,0.228354,low,growing,19
mm-v1,https://github.com/mahomaps/mm-v1,30,4,907,Java,2023-05-01T09:07:22Z,2025-12-18T23:04:46Z,5,2,692,10884,19.548023,high,growing,6
TaskPro,https://github.com/e-ManueI/TaskPro,30,7,4892,Java,2023-05-23T22:48:07Z,2025-12-25T09:52:37Z,0,0,45,58704,1.299326,medium,growing,1
RNWidget,https://github.com/ImBIOS/RNWidget,30,1,11185,Java,2023-08-17T01:15:06Z,2026-02-26T17:58:06Z,0,1,15,134220,0.471698,low,growing,2
custom-pixel-dungeon,https://github.com/QuasiStellar/custom-pixel-dungeon,30,7,97820,Java,2023-05-12T21:10:47Z,2026-03-26T15:06:17Z,3,1,6594,1173840,188.4,high,growing,2
TScrcpyDroid-dev,https://github.com/fallingleaflun/TScrcpyDroid-dev,30,8,26666,Java,2023-03-08T07:25:00Z,2026-01-09T11:27:57Z,0,0,12,319992,0.322581,low,growing,1
flink-connector-nats,https://github.com/synadia-io/flink-connector-nats,30,7,1005,Java,2023-09-03T19:36:46Z,2026-03-27T08:42:59Z,2,1,297,12060,9.519231,medium,growing,7
CQU_Computer_Network,https://github.com/starry521/CQU_Computer_Network,30,2,119911,Java,2023-08-03T09:36:50Z,2026-01-14T12:36:20Z,0,0,14,1438932,0.433884,low,growing,1
Taller-Programacion,https://github.com/MatiasGuaymas/Taller-Programacion,30,1,20782,Java,2023-08-29T00:32:54Z,2026-03-23T16:53:34Z,0,0,203,249384,6.464968,medium,growing,1
swift-rpc,https://github.com/sunguonan/swift-rpc,30,0,182,Java,2023-07-13T08:16:58Z,2026-02-13T05:05:30Z,0,0,43,2184,1.304348,medium,growing,1
Shimeji-Desktop,https://github.com/DalekCraft2/Shimeji-Desktop,30,7,6070,Java,2023-11-13T18:01:46Z,2026-03-27T19:50:14Z,2,9,478,72840,16.578035,high,growing,3
genai-posegen,https://github.com/AbiramiSukumaran/genai-posegen,30,17,1079,Java,2023-10-18T13:51:25Z,2024-10-05T10:52:51Z,0,0,28,12948,0.941704,low,growing,2
galois,https://github.com/NEWCIH2023/galois,30,0,44214,Java,2023-11-22T04:51:35Z,2026-02-22T07:19:15Z,0,0,357,530568,12.497083,high,growing,2
treetops,https://github.com/horoc/treetops,30,10,600,Java,2023-02-11T12:38:30Z,2026-02-13T07:49:45Z,0,0,49,7200,1.288344,medium,growing,1
KinAni,https://github.com/PyPiSan/KinAni,30,2,53379,Java,2023-01-17T17:07:53Z,2025-10-11T00:39:49Z,0,0,223,640548,5.737564,medium,growing,1
Digital-Wallet-X,https://github.com/OnyedikaBenjamin/Digital-Wallet-X,30,7,255,Java,2023-03-06T07:27:57Z,2026-03-20T05:47:23Z,0,0,67,3060,1.797853,medium,growing,2
stpa-capella,https://github.com/labs4capella/stpa-capella,30,3,8746,Java,2023-09-29T10:16:25Z,2026-02-18T15:33:43Z,6,0,27,104952,0.889133,low,growing,4
easy-event,https://github.com/openquartz/easy-event,30,10,4427,Java,2023-02-22T15:36:50Z,2026-03-26T09:21:39Z,0,0,188,53124,4.99115,medium,growing,1
GregicaPlusPlus,https://github.com/Gebardensprache/GregicaPlusPlus,30,10,9863,Java,2023-04-09T02:11:32Z,2025-11-28T17:32:35Z,7,0,208,118356,5.756458,medium,growing,8
AlgoCamp-Interview-Prep-June,https://github.com/singhsanket143/AlgoCamp-Interview-Prep-June,30,12,158,Java,2023-05-30T14:14:00Z,2026-01-12T19:07:57Z,0,0,156,1896,4.530494,medium,growing,3
xuecheng-plus,https://github.com/Ashore-lz/xuecheng-plus,30,8,319,Java,2023-02-19T13:07:19Z,2026-02-13T05:06:07Z,0,0,24,3828,0.635481,low,growing,2
Towns-and-Nations,https://github.com/Leralix/Towns-and-Nations,30,14,5675,Java,2023-05-14T22:55:28Z,2026-03-17T23:32:35Z,16,7,1154,68100,33.034351,high,growing,8
SerialPipe,https://github.com/wh201906/SerialPipe,30,6,572,Java,2023-10-19T16:40:12Z,2026-03-14T05:35:54Z,3,0,31,6864,1.043771,medium,growing,1
CursoArquiteturaLimpa,https://github.com/DanielASantos-dev/CursoArquiteturaLimpa,30,6,147,Java,2023-10-09T18:25:15Z,2026-03-11T02:14:32Z,0,0,9,1764,0.3,low,growing,1
starcoder-intellij,https://github.com/videogameaholic/starcoder-intellij,30,15,126,Java,2023-06-19T21:43:52Z,2026-03-05T07:06:59Z,5,0,40,1512,1.185771,medium,growing,2
046-Springboot,https://github.com/JiuJiangFirstDeepLove/046-Springboot,30,1,7951,Java,2023-11-14T11:54:37Z,2026-03-07T13:18:00Z,1,0,2,95412,0.069364,low,growing,1
caffeinated,https://github.com/Casterlabs/caffeinated,30,6,119734,Java,2023-07-13T21:28:36Z,2026-03-19T23:10:18Z,24,3,1631,1436808,49.524291,high,growing,5
Virtually,https://github.com/japplis/Virtually,30,1,110,Java,2023-11-27T13:14:23Z,2025-11-10T17:47:16Z,0,0,15,1320,0.528169,low,growing,1
modpublisher,https://github.com/firstdarkdev/modpublisher,30,6,387,Java,2023-03-15T21:09:44Z,2026-03-25T12:41:41Z,4,0,77,4644,2.084838,medium,growing,3
Create-Metallurgy,https://github.com/Lucreeper74/Create-Metallurgy,30,30,2811,Java,2023-08-24T12:36:57Z,2026-03-27T15:37:36Z,16,2,702,33732,22.238648,high,growing,12
restpro,https://github.com/PramodKumarYadav/restpro,30,10,6181,Java,2023-04-07T13:22:08Z,2026-03-03T10:13:50Z,4,2,260,74172,7.18232,medium,growing,1
CreateNumismatics,https://github.com/Layers-of-Railways/CreateNumismatics,30,24,25374,Java,2023-07-03T20:46:38Z,2025-11-25T19:20:48Z,26,3,401,304488,12.054108,high,growing,17
skyblock-remake,https://github.com/Sweattypalms/skyblock-remake,30,12,600201,Java,2023-07-22T05:31:56Z,2026-01-17T19:02:19Z,0,2,68,7202412,2.081633,medium,growing,8
plugin-oauth2,https://github.com/halo-sigs/plugin-oauth2,30,37,2881,Java,2023-03-13T04:33:10Z,2026-01-20T03:44:17Z,8,1,42,34572,1.134113,medium,growing,16
ConDefects,https://github.com/appmlk/ConDefects,30,4,7628,Java,2023-10-11T15:30:19Z,2026-02-20T03:07:58Z,2,1,29,91536,0.967742,low,growing,2
R1_DEVICE,https://github.com/jojo729/R1_DEVICE,30,27,23427,Java,2023-04-11T11:15:36Z,2026-01-16T04:34:17Z,1,0,6,281124,0.166359,low,growing,1
springboot3-observablity,https://github.com/SaiUpadhyayula/springboot3-observablity,30,48,146,Java,2023-09-03T01:03:24Z,2026-03-06T06:50:52Z,2,0,8,1752,0.256137,low,growing,1
sopt-operation-backend,https://github.com/sopt-makers/sopt-operation-backend,30,2,1762,Java,2023-03-10T08:21:04Z,2026-03-07T03:45:15Z,2,0,1286,21144,34.631957,high,growing,64
minecraft-narrator,https://github.com/parmenashp/minecraft-narrator,30,9,37256,Java,2023-12-13T18:51:41Z,2026-03-02T05:01:15Z,2,0,339,447072,12.179641,high,growing,3
Tweakeroo-Forge,https://github.com/ThinkingStudios/Tweakeroo-Forge,30,9,1124,Java,2023-04-26T07:28:42Z,2026-03-24T19:00:58Z,5,0,58,13488,1.63074,medium,growing,3
jdbcx,https://github.com/jdbcx/jdbcx,30,1,1866,Java,2023-06-29T00:08:43Z,2026-02-23T11:47:02Z,2,1,217,22392,6.490528,medium,growing,1
web-automation-playwright-java,https://github.com/mfaisalkhatri/web-automation-playwright-java,30,17,90,Java,2023-09-03T12:58:33Z,2026-03-23T08:42:12Z,24,0,58,1080,1.85699,medium,growing,1
invest-api-java-sdk,https://github.com/RussianInvestments/invest-api-java-sdk,29,8,934,Java,2023-08-14T12:09:22Z,2025-12-28T08:35:46Z,0,0,275,11208,8.62069,medium,growing,6
TownyProvinces,https://github.com/TownyAdvanced/TownyProvinces,29,11,684,Java,2023-05-15T08:16:28Z,2026-03-26T03:44:20Z,25,1,556,8208,15.916031,high,growing,10
opengemini-client-java,https://github.com/openGemini/opengemini-client-java,29,24,435,Java,2023-10-12T09:08:55Z,2025-10-26T12:35:49Z,2,2,127,5220,4.242762,medium,growing,35
FlansModReloaded,https://github.com/FlansMods/FlansModReloaded,29,2,13337,Java,2023-05-04T15:43:57Z,2025-11-11T19:35:18Z,38,0,326,160044,9.235127,medium,growing,9
051-Springboot,https://github.com/JiuJiangFirstDeepLove/051-Springboot,29,4,6234,Java,2023-11-14T12:43:42Z,2026-03-28T12:24:27Z,1,0,1,74808,0.034682,low,growing,1
MinecraftPacketLogger,https://github.com/union4dev/MinecraftPacketLogger,29,3,583,Java,2023-12-17T03:40:45Z,2026-01-30T12:12:58Z,0,0,11,6996,0.396635,low,growing,2
react-native-google-places-sdk,https://github.com/Landeed/react-native-google-places-sdk,29,11,1489,Java,2023-01-26T12:21:35Z,2026-03-17T05:42:09Z,1,2,40,17868,1.037165,medium,growing,8
autoflow,https://github.com/Yiuman/autoflow,29,4,12526,Java,2023-07-11T02:41:40Z,2026-03-19T03:19:25Z,1,9,344,150312,10.413724,high,growing,3
Anywhere,https://github.com/thisisnzed/Anywhere,29,4,86,Java,2023-01-18T16:25:18Z,2025-11-29T18:17:59Z,1,0,6,1032,0.154506,low,growing,1
library-management-system,https://github.com/nguyentuanninh/library-management-system,29,10,7286,Java,2023-03-05T13:46:23Z,2026-03-09T13:54:35Z,0,0,30,87432,0.80429,low,growing,1
LDLib-MultiLoader,https://github.com/Low-Drag-MC/LDLib-MultiLoader,29,28,5285,Java,2023-02-08T03:49:58Z,2026-03-25T05:02:22Z,12,0,449,63420,11.774476,high,growing,24
AbutionGraph,https://github.com/ThutmoseAI/AbutionGraph,29,1,8479,Java,2023-10-09T08:10:11Z,2026-03-28T13:19:14Z,1,0,17,101748,0.566038,low,growing,1
gpt3-tokenizer-java,https://github.com/didalgolab/gpt3-tokenizer-java,29,6,2945,Java,2023-03-26T01:20:26Z,2025-05-15T08:31:07Z,1,0,30,35340,0.819672,low,growing,1
xjx,https://github.com/jonas-grgt/xjx,29,1,259,Java,2023-11-21T10:47:43Z,2026-02-28T17:34:15Z,10,1,67,3108,2.342657,medium,growing,1
DayNightMap,https://github.com/r-follador/DayNightMap,29,1,7954,Java,2023-01-07T21:16:11Z,2026-02-10T11:12:24Z,0,0,3,95448,0.076596,low,growing,1
dabaitv,https://github.com/Clover-9527/dabaitv,29,1,10250,Java,2023-03-16T09:20:38Z,2025-11-21T08:29:02Z,1,0,17,123000,0.460289,low,growing,1
CP4M,https://github.com/facebookincubator/CP4M,29,20,8695,Java,2023-08-14T23:26:16Z,2025-10-04T15:42:49Z,0,1,287,104340,9.006276,medium,growing,31
Concurrency-Tester,https://github.com/InterviewReady/Concurrency-Tester,29,9,86,Java,2023-10-04T10:44:35Z,2025-11-27T08:28:01Z,0,0,8,1032,0.264901,low,growing,1
Android-D2HeroGuide,https://github.com/storyofdavid/Android-D2HeroGuide,29,10,49891,Java,2023-05-16T07:58:25Z,2025-01-15T16:29:57Z,0,0,5,598692,0.143266,low,growing,1
Hydro,https://github.com/Incognitolol/Hydro,29,7,481,Java,2023-07-07T23:53:38Z,2026-02-05T03:35:30Z,0,0,18,5772,0.54326,low,growing,3
AxInventoryRestore,https://github.com/Artillex-Studios/AxInventoryRestore,29,15,196,Java,2023-08-08T20:00:09Z,2026-02-10T17:06:31Z,0,3,96,2352,2.993763,medium,growing,3
SystemDesign,https://github.com/Prakash-Jha-Dev/SystemDesign,29,10,41557,Java,2023-03-06T21:40:07Z,2025-03-15T12:38:46Z,0,0,15,498684,0.402865,low,growing,1
Programming-Languages,https://github.com/Gagniuc/Programming-Languages,29,0,26971,Java,2023-02-08T16:29:28Z,2026-03-09T20:46:26Z,0,0,839,323652,22.001748,high,growing,1
database-engine,https://github.com/YehiaFarghaly/database-engine,29,117,965,Java,2023-03-19T09:20:11Z,2026-03-22T00:15:42Z,0,9,386,11580,10.479638,high,growing,5
rentacar-microservice,https://github.com/MuhammetTahaDemiryol/rentacar-microservice,29,0,250,Java,2023-05-04T12:26:42Z,2025-05-15T00:59:04Z,0,0,20,3000,0.566572,low,growing,1
MMOItems-Zh,https://github.com/MagicMC-Dev/MMOItems-Zh,29,17,319095,Java,2023-08-02T15:07:35Z,2025-12-19T16:47:14Z,1,1,2021,3829140,62.569659,high,growing,6
spring-boot-3-jwt-authentication,https://github.com/wazooinc/spring-boot-3-jwt-authentication,29,12,124,Java,2023-08-03T15:25:13Z,2025-12-09T11:34:47Z,0,0,15,1488,0.464876,low,growing,1
Strivers-SDE-Sheet-Challenge,https://github.com/rohits05/Strivers-SDE-Sheet-Challenge,29,4,131,Java,2023-06-04T04:53:45Z,2026-02-28T12:28:37Z,0,0,88,1572,2.568093,medium,growing,1
arquitetura-de-aplicacoes-web,https://github.com/joaopauloaramuni/arquitetura-de-aplicacoes-web,29,0,458799,Java,2023-12-23T22:06:50Z,2026-03-28T13:22:09Z,0,0,554,5505588,20.145455,high,growing,1
BitKip,https://github.com/BeanVortex/BitKip,29,2,6056,Java,2023-02-02T12:08:32Z,2026-01-13T11:18:27Z,0,0,553,72672,14.426087,high,growing,1
Sakura,https://github.com/Samsuik/Sakura,29,11,2558,Java,2023-10-17T19:48:18Z,2026-02-25T19:49:57Z,4,0,441,30696,14.831839,high,growing,4
dormitoryms_ssm,https://github.com/openallzzz/dormitoryms_ssm,29,2,1085,Java,2023-01-19T15:48:51Z,2025-11-26T06:02:55Z,0,0,35,13020,0.902062,low,growing,1
easy-security,https://github.com/aizuda/easy-security,29,2,1528,Java,2023-06-08T06:00:13Z,2025-09-01T06:27:13Z,0,0,89,18336,2.607422,medium,growing,1
microsphere-spring-cloud,https://github.com/microsphere-projects/microsphere-spring-cloud,29,31,1147,Java,2023-02-06T09:06:15Z,2026-03-27T09:17:04Z,0,0,572,13764,14.973822,high,growing,3
Spring-Security-Fourth-Edition,https://github.com/PacktPublishing/Spring-Security-Fourth-Edition,29,36,13763,Java,2023-08-22T09:09:15Z,2026-03-26T12:36:05Z,0,0,57,165156,1.801897,medium,growing,10
minio-multipart-spring,https://github.com/7ekko/minio-multipart-spring,29,2,771,Java,2023-11-16T08:10:16Z,2025-12-17T14:49:03Z,0,0,9,9252,0.312862,low,growing,1
XXFi18nPlugin,https://github.com/NBXXF/XXFi18nPlugin,29,0,243,Java,2023-05-23T03:40:17Z,2025-05-19T12:53:01Z,1,0,18,2916,0.519231,low,growing,1
trouve,https://github.com/SuperMarioYL/trouve,29,9,3462,Java,2023-01-28T07:30:41Z,2025-08-13T11:24:24Z,0,0,62,41544,1.61039,medium,growing,1
Payment-system,https://github.com/leminhosdev/Payment-system,29,5,85,Java,2023-12-29T17:53:28Z,2025-09-22T01:42:38Z,0,0,5,1020,0.18315,low,growing,1
DietrichEvents2,https://github.com/florianreuth/DietrichEvents2,29,2,564,Java,2023-06-26T12:19:12Z,2026-03-26T19:25:23Z,1,0,147,6768,4.383698,medium,growing,6
spring-sequence-learn,https://github.com/chenxin-996/spring-sequence-learn,29,3,84,Java,2023-07-16T13:00:45Z,2025-01-17T16:07:04Z,0,0,9,1008,0.273834,low,growing,1
spring-data-sqlite,https://github.com/komamitsu/spring-data-sqlite,29,3,272,Java,2023-01-15T12:42:53Z,2026-02-19T19:13:37Z,3,5,85,3264,2.183219,medium,growing,1
react-native-osmdroid,https://github.com/Splicer97/react-native-osmdroid,29,4,4562,Java,2023-01-05T17:26:01Z,2026-03-25T19:49:59Z,0,0,98,54744,2.497876,medium,growing,2
Sunny,https://github.com/AmanoTeam/Sunny,29,2,222,Java,2023-09-13T18:26:29Z,2026-02-11T15:25:45Z,0,0,31,2664,1.00432,medium,growing,16
OpenBoatUtils,https://github.com/o7Moon/OpenBoatUtils,29,14,540,Java,2023-08-26T00:20:13Z,2026-03-15T06:42:55Z,29,0,56,6480,1.777778,medium,growing,3
artifactory-gradle-plugin,https://github.com/jfrog/artifactory-gradle-plugin,29,23,346,Java,2023-05-08T14:47:04Z,2026-03-03T05:39:54Z,23,7,139,4152,3.952607,medium,growing,40
Auth,https://github.com/Chicken/Auth,29,6,661,Java,2023-05-17T19:38:03Z,2026-03-21T07:36:25Z,3,0,53,7932,1.521531,medium,growing,2
EntityJS,https://github.com/liopyu/EntityJS,29,3,6791,Java,2023-12-17T22:48:31Z,2026-03-27T15:09:01Z,1,0,409,81492,14.765343,high,growing,2
MyCodeReview_backend,https://github.com/Seung-IL-Bang/MyCodeReview_backend,29,2,680,Java,2023-05-23T10:02:29Z,2025-10-02T15:46:34Z,0,0,481,8160,13.875,high,growing,1
nylon,https://github.com/Provim-Gaming/nylon,29,0,766,Java,2023-09-14T18:43:12Z,2026-01-27T14:24:38Z,4,0,171,9192,5.545946,medium,growing,8
obd,https://github.com/Tomiwa-Ot/obd,29,6,689,Java,2023-06-18T14:59:25Z,2026-03-08T00:54:24Z,0,0,87,8268,2.573964,medium,growing,2
UWBJetpackExample,https://github.com/nxp-uwb/UWBJetpackExample,29,9,26541,Java,2023-05-26T22:04:06Z,2026-02-10T12:44:48Z,4,0,14,318492,0.405405,low,growing,2
Java-hacktoberfest25,https://github.com/chetannihith/Java-hacktoberfest25,29,137,318,Java,2023-10-01T22:32:50Z,2026-03-09T21:14:06Z,1,0,206,3816,6.806167,medium,growing,64
ignite-java-gestao-vagas,https://github.com/rocketseat-education/ignite-java-gestao-vagas,29,9,145,Java,2023-10-18T17:54:27Z,2026-02-18T01:11:35Z,0,1,63,1740,2.121212,medium,growing,7
Struct2GO,https://github.com/lyjps/Struct2GO,29,3,551148,Java,2023-02-26T05:15:23Z,2025-11-25T08:54:31Z,6,0,34,6613776,0.905861,low,growing,1
vanessa-runner-jenkins,https://github.com/vanessa-opensource/vanessa-runner-jenkins,29,6,641,Java,2023-04-07T15:22:58Z,2026-03-19T11:09:51Z,2,0,88,7692,2.430939,medium,growing,2
alfresco-genai,https://github.com/aborroy/alfresco-genai,29,19,107,Java,2023-12-21T12:28:53Z,2026-02-13T18:47:27Z,0,0,13,1284,0.471014,low,growing,1
itmo,https://github.com/Gastozavr/itmo,29,1,215785,Java,2023-12-01T21:31:27Z,2026-02-13T13:56:38Z,0,0,149,2589420,5.27745,medium,growing,1
bulls,https://github.com/HzlGauss/bulls,28,13,585,Java,2023-12-14T06:54:24Z,2025-07-23T04:37:45Z,0,0,35,7020,1.257485,medium,growing,1
sql2cypher,https://github.com/neo4j-contrib/sql2cypher,28,2,154,Java,2023-01-19T09:34:28Z,2025-12-10T09:36:12Z,0,0,63,1848,1.623711,medium,growing,11
C2023-Public,https://github.com/frc1678/C2023-Public,28,1,1426,Java,2023-05-25T02:14:14Z,2025-12-20T00:12:32Z,0,0,2,17112,0.057803,low,growing,4
JQuran,https://github.com/LoayGhreeb/JQuran,28,0,223448,Java,2023-12-15T14:04:41Z,2026-02-13T22:25:40Z,0,0,108,2681376,3.884892,medium,growing,3
Online-Shopping-Project,https://github.com/AtharvK07/Online-Shopping-Project,28,34,2408,Java,2023-09-30T14:04:28Z,2026-03-05T08:33:22Z,2,2,98,28896,3.230769,medium,growing,33
Laboratorio,https://github.com/UnimiDiComdigProg2/Laboratorio,28,22,371,Java,2023-09-28T12:47:32Z,2026-03-11T16:51:33Z,0,0,93,4452,3.059211,medium,growing,3
SanityDescentIntoMadness,https://github.com/croissantnova/SanityDescentIntoMadness,28,33,13252,Java,2023-06-15T20:44:38Z,2026-03-01T16:51:27Z,85,7,20,159024,0.590551,low,growing,1
wsilk,https://github.com/wuba/wsilk,28,3,175,Java,2023-05-11T10:04:56Z,2025-08-13T11:24:41Z,0,0,25,2100,0.712928,low,growing,4
qupath-extension-wsinfer,https://github.com/qupath/qupath-extension-wsinfer,28,9,558,Java,2023-07-10T11:17:32Z,2025-12-30T06:08:21Z,1,1,210,6696,6.350806,medium,growing,4
scroll-fabric,https://github.com/ScrollLang/scroll-fabric,28,1,873,Java,2023-09-09T10:15:26Z,2026-01-23T19:52:24Z,0,12,251,10476,8.088077,medium,growing,1
emergency-notification-system,https://github.com/chudnovskyi/emergency-notification-system,28,3,1561,Java,2023-06-11T18:19:28Z,2026-02-11T04:15:09Z,0,0,64,18732,1.882353,medium,growing,1
mapatlases-neoforge,https://github.com/MehVahdJukaar/mapatlases-neoforge,28,10,18577,Java,2023-08-24T17:41:25Z,2026-03-08T13:17:27Z,126,0,173,222924,5.486258,medium,growing,9
contextAdminRuoYi,https://github.com/qianhuan-lxs/contextAdminRuoYi,28,0,2565,Java,2023-12-07T12:06:21Z,2025-12-18T09:26:23Z,0,0,5,30780,0.178147,low,growing,1
WeatherAppGUI-Java,https://github.com/curadProgrammer/WeatherAppGUI-Java,28,21,115,Java,2023-09-24T14:57:14Z,2026-01-22T18:03:30Z,0,0,6,1380,0.196507,low,growing,1
FancyPhysics,https://github.com/maximjsx/FancyPhysics,28,1,392,Java,2023-06-15T14:37:31Z,2026-01-03T22:47:47Z,3,0,282,4704,8.318584,medium,growing,1
techutils,https://github.com/VelizarBG/techutils,28,4,4820,Java,2023-01-29T15:05:42Z,2026-03-19T02:00:33Z,4,0,83,57840,2.157712,medium,growing,3
fuckPxxVM,https://github.com/maoabc/fuckPxxVM,28,13,20894,Java,2023-03-15T00:06:29Z,2025-12-01T11:21:26Z,0,0,4,250728,0.108206,low,growing,1
AntiCrasher,https://github.com/smashyalts/AntiCrasher,28,11,423,Java,2023-11-05T14:40:09Z,2025-12-19T08:05:06Z,2,9,202,5076,6.933638,medium,growing,5
ChatGPT,https://github.com/kabilme/ChatGPT,28,3,183,Java,2023-03-19T10:00:43Z,2025-11-07T17:49:21Z,1,1,10,2196,0.271493,low,growing,1
packtest,https://github.com/misode/packtest,28,2,445,Java,2023-12-15T10:08:54Z,2026-02-06T20:05:05Z,7,0,114,5340,4.100719,medium,growing,2
TalkToYourDESFireCard,https://github.com/MichaelsPlayground/TalkToYourDESFireCard,28,5,6969,Java,2023-07-07T21:59:01Z,2026-02-20T16:33:40Z,0,0,276,83628,8.32998,medium,growing,2
ojdbc-extensions,https://github.com/oracle/ojdbc-extensions,28,8,1667,Java,2023-08-17T07:44:57Z,2026-03-13T01:22:42Z,27,4,177,20004,5.566038,medium,growing,1751
JavaSharedMemory,https://github.com/ShirasawaSama/JavaSharedMemory,28,2,87,Java,2023-01-23T18:34:57Z,2025-10-04T02:31:50Z,1,0,31,1044,0.802416,low,growing,1
react-native-wallet,https://github.com/premieroctet/react-native-wallet,28,6,1100,Java,2023-10-18T09:33:08Z,2026-02-26T00:24:44Z,2,2,18,13200,0.605381,low,growing,5
mall-sale,https://github.com/zhoujinyou0616/mall-sale,28,14,775,Java,2023-04-01T12:22:59Z,2025-07-29T06:17:16Z,0,0,16,9300,0.43956,low,growing,1
Java-Swing-MusicPlayer,https://github.com/curadProgrammer/Java-Swing-MusicPlayer,28,14,14607,Java,2023-12-31T16:44:34Z,2025-10-10T23:25:09Z,0,1,4,175284,0.146699,low,growing,1
Client,https://github.com/2004Scape/Client,28,23,5789,Java,2023-03-18T23:57:38Z,2025-05-31T12:11:13Z,2,0,107,69468,2.904977,medium,growing,2
spring-boot-operation-starter,https://github.com/serezakorotaev/spring-boot-operation-starter,28,1,115,Java,2023-06-29T20:15:20Z,2026-03-23T10:21:53Z,1,0,75,1380,2.245509,medium,growing,4
snowstorm-lite,https://github.com/IHTSDO/snowstorm-lite,28,6,433,Java,2023-07-06T14:55:18Z,2026-03-26T08:56:16Z,6,1,179,5196,5.391566,medium,growing,29
TOASTER-Server,https://github.com/Link-MIND/TOASTER-Server,28,0,726,Java,2023-12-19T09:59:09Z,2026-01-27T21:08:14Z,7,5,431,8712,15.578313,high,growing,5
Public-Ikea,https://github.com/Nooniboi/Public-Ikea,28,10,535,Java,2023-01-26T21:11:40Z,2026-03-10T14:47:03Z,0,0,48,6420,1.245675,medium,growing,2
This-Year-Ajaja-BE,https://github.com/New-Barams/This-Year-Ajaja-BE,28,2,2272,Java,2023-10-23T07:24:17Z,2024-04-02T04:05:04Z,0,1,1138,27264,38.48929,high,growing,4
competec,https://github.com/petsi-each/competec,28,240,5762,Java,2023-05-06T02:08:11Z,2026-02-07T16:56:45Z,0,1,57,69144,1.617786,medium,growing,18
edgar-cik-cusip-ticker-sector-service,https://github.com/danielsobrado/edgar-cik-cusip-ticker-sector-service,28,3,696,Java,2023-03-27T01:37:25Z,2026-01-21T14:29:50Z,1,0,54,8352,1.476755,medium,growing,1
hand2number,https://github.com/zymzrr/hand2number,28,8,138,Java,2023-03-06T01:37:11Z,2025-09-28T03:04:37Z,0,0,4,1656,0.107335,low,growing,1
islisp-truffle,https://github.com/arvyy/islisp-truffle,28,2,779,Java,2023-08-13T08:28:47Z,2026-03-12T01:29:17Z,3,0,255,9348,7.985386,medium,growing,2
Android-Studio-Tutorials-Java-Edition,https://github.com/MihaiCristianCondrea/Android-Studio-Tutorials-Java-Edition,28,4,205806,Java,2023-03-03T12:58:51Z,2026-03-12T18:52:39Z,3,0,739,2469672,19.776985,high,growing,1
Electricity-Billing-System,https://github.com/Hazrat-Ali9/Electricity-Billing-System,28,0,1222,Java,2023-09-07T04:12:28Z,2026-03-22T20:07:53Z,0,0,1,14664,0.032154,low,growing,1
FlinkTutorial-1.17,https://github.com/shuhongfan/FlinkTutorial-1.17,28,34,29838,Java,2023-05-30T12:09:47Z,2026-01-14T14:13:43Z,0,0,1,358056,0.029042,low,growing,1
2D-Render-Util-1.16,https://github.com/sxmurxy0/2D-Render-Util-1.16,28,0,88,Java,2023-02-15T13:17:59Z,2026-03-12T22:20:25Z,0,0,7,1056,0.184697,low,growing,1
Boot-PC,https://github.com/SoulForeverInPeace/Boot-PC,28,6,83333,Java,2023-06-09T21:13:13Z,2026-03-05T16:43:03Z,6,0,14,999996,0.410959,low,growing,3
easytools,https://github.com/zhuangjiaju/easytools,28,2,478,Java,2023-02-09T02:45:23Z,2025-12-08T02:29:25Z,0,0,53,5736,1.391076,medium,growing,1
quiz-studio,https://github.com/bmm522/quiz-studio,28,0,1756,Java,2023-02-26T08:48:20Z,2026-02-13T16:29:25Z,1,0,593,21072,15.79929,high,growing,1
ita-challenges-backend,https://github.com/IT-Academy-BCN/ita-challenges-backend,28,15,158585,Java,2023-04-20T09:07:54Z,2026-03-25T10:26:56Z,190,1,4093,1903020,114.43616,high,growing,143
JSP_SSM_Music_recommendations,https://github.com/wangjianlin1985/JSP_SSM_Music_recommendations,28,4,18701,Java,2023-05-16T10:12:17Z,2026-03-20T06:43:54Z,0,0,2,224412,0.057307,low,growing,1
spring-chatgpt-sample,https://github.com/Azure-Samples/spring-chatgpt-sample,28,19,2559,Java,2023-05-15T09:29:23Z,2025-08-13T11:24:41Z,2,0,29,30708,0.830153,low,growing,46
rbm-api-examples,https://github.com/rcs-business-messaging/rbm-api-examples,28,14,4679,Java,2023-07-17T14:30:47Z,2026-01-08T16:18:16Z,3,62,93,56148,2.832487,medium,growing,3
example-plugin,https://github.com/RusherDevelopment/example-plugin,28,15,101,Java,2023-10-21T20:47:22Z,2026-03-28T10:32:37Z,5,2,23,1212,0.777027,low,growing,5
video-call-java,https://github.com/DaiYi666/video-call-java,28,6,2225,Java,2023-08-09T06:35:29Z,2026-02-13T05:06:21Z,1,0,3,26700,0.093555,low,growing,1
sneakyfun,https://github.com/ciechanowiec/sneakyfun,28,3,465,Java,2023-01-17T22:13:06Z,2026-01-21T01:18:30Z,0,0,8,5580,0.206009,low,growing,1
emergency-disaster-management-system-java-servlet-project,https://github.com/ArfatulAsif/emergency-disaster-management-system-java-servlet-project,28,2,8098,Java,2023-09-20T04:28:56Z,2026-01-13T06:20:05Z,1,0,42,97176,1.369565,medium,growing,2
cbor,https://github.com/authlete/cbor,28,5,7930,Java,2023-05-21T15:24:14Z,2026-03-04T10:15:10Z,2,2,111,95160,3.195777,medium,growing,8
kubeiaas,https://github.com/free4inno/kubeiaas,28,2,98225,Java,2023-04-30T03:15:40Z,2025-10-11T06:46:41Z,0,1,250,1178700,7.055503,medium,growing,3
eo-kafka,https://github.com/eo-cqrs/eo-kafka,28,3,1448,Java,2023-02-14T16:08:14Z,2026-02-10T11:12:38Z,21,10,813,17376,21.432337,high,growing,7
DataCapture,https://github.com/Android5730/DataCapture,28,1,5236,Java,2023-08-27T13:11:21Z,2025-11-19T01:42:07Z,0,0,51,62832,1.620763,medium,growing,1
The-Digimod,https://github.com/ginerJ/The-Digimod,28,4,121745,Java,2023-03-19T04:35:41Z,2026-01-13T02:41:14Z,5,0,75,1460940,2.036199,medium,growing,4
vertx-boost,https://github.com/Areeb-Gillani/vertx-boost,28,0,237,Java,2023-08-31T13:38:46Z,2026-03-25T16:24:02Z,0,0,118,2844,3.765957,medium,growing,2
CrowdOS,https://github.com/crowdosNWPU/CrowdOS,28,11,4428,Java,2023-12-25T11:27:31Z,2025-12-27T19:10:38Z,3,0,239,53136,8.701456,medium,growing,2
kubernetes-quickstart,https://github.com/piomin/kubernetes-quickstart,28,9,145,Java,2023-11-06T08:37:55Z,2026-03-01T01:06:22Z,2,0,112,1740,3.848797,medium,growing,1
mvc-maven-pos,https://github.com/HasinduEshan/mvc-maven-pos,28,1,102,Java,2023-11-11T11:59:00Z,2025-06-18T03:27:20Z,0,0,29,1224,1.002304,medium,growing,1
galahad,https://github.com/openjdk/galahad,28,6,1270023,Java,2023-03-10T01:10:08Z,2026-03-09T13:43:34Z,0,0,86237,15240276,2322.360862,high,growing,457
blackjack-java,https://github.com/ImKennyYip/blackjack-java,28,31,5000,Java,2023-08-02T02:36:32Z,2026-03-05T22:57:38Z,0,0,4,60000,0.123839,low,growing,1
typeid-java,https://github.com/fxlae/typeid-java,28,4,165,Java,2023-07-01T19:31:33Z,2026-03-02T17:13:04Z,1,0,7,1980,0.21,low,growing,2
BarberShop,https://github.com/FGabriel0/BarberShop,27,0,4511,Java,2023-10-04T11:00:02Z,2025-08-04T09:35:19Z,1,1,36,54132,1.192053,medium,growing,3
apksigner,https://github.com/timscriptov/apksigner,27,12,425,Java,2023-07-22T19:56:38Z,2025-12-10T04:58:45Z,2,0,27,5100,0.827375,low,growing,1
ConnectorExtras,https://github.com/Sinytra/ConnectorExtras,27,11,365,Java,2023-09-15T11:15:01Z,2026-03-05T04:05:46Z,17,0,65,4380,2.108108,medium,growing,4
No30BroadwayMallManagementSystem,https://github.com/YuLin-Coder/No30BroadwayMallManagementSystem,27,0,4097,Java,2023-11-30T14:50:24Z,2025-10-20T02:59:07Z,0,0,2,49164,0.070671,low,growing,1
MusicReleaseTracker,https://github.com/BLCK-B/MusicReleaseTracker,27,1,3692,Java,2023-06-11T13:00:57Z,2026-03-13T15:11:46Z,1,0,643,44304,18.893242,high,growing,1
autopix,https://github.com/warleysr/autopix,27,11,194,Java,2023-01-18T14:51:14Z,2026-02-28T22:33:55Z,0,0,64,2328,1.648069,medium,growing,3
FeedStreamPlayer,https://github.com/sunreview/FeedStreamPlayer,27,0,5597,Java,2023-03-22T08:24:28Z,2025-09-12T09:28:05Z,0,0,5,67164,0.136116,low,growing,1
DungeonNowLoading,https://github.com/hexnowloading/DungeonNowLoading,27,12,95098,Java,2023-06-16T01:04:21Z,2026-02-04T04:43:47Z,36,7,53,1141176,1.564961,medium,growing,8
mzlib,https://github.com/mzverse/mzlib,27,7,7586,Java,2023-02-03T17:27:52Z,2026-02-22T16:02:01Z,0,1,787,91032,20.566202,high,growing,7
kettinglauncher,https://github.com/kettingpowered/kettinglauncher,27,6,1093,Java,2023-12-28T13:45:51Z,2025-12-31T16:15:41Z,2,0,123,13116,4.494519,medium,growing,7
wormhole,https://github.com/stevenkin/wormhole,27,6,864,Java,2023-05-02T10:24:03Z,2025-07-18T06:32:23Z,0,0,122,10368,3.449576,medium,growing,1
secure-api-spring,https://github.com/elirenato/secure-api-spring,27,14,852,Java,2023-01-18T05:12:50Z,2025-10-29T22:40:23Z,0,0,18,10224,0.463519,low,growing,1
minio-file,https://github.com/dufGIT/minio-file,27,10,98,Java,2023-12-11T03:17:00Z,2025-11-07T11:51:02Z,0,0,3,1176,0.107399,low,growing,1
DevOps-CI-CD,https://github.com/palakbhawsar98/DevOps-CI-CD,27,101,16368,Java,2023-02-12T07:34:45Z,2025-09-16T22:41:49Z,1,1,49,196416,1.289474,medium,growing,1
capacitor-game-connect,https://github.com/openforge/capacitor-game-connect,27,17,24980,Java,2023-06-09T13:34:32Z,2026-03-19T00:41:51Z,6,3,57,299760,1.671554,medium,growing,8
microcks-testcontainers-java,https://github.com/microcks/microcks-testcontainers-java,27,7,435,Java,2023-07-27T14:17:48Z,2026-03-26T14:46:15Z,0,4,326,5220,10.030769,high,growing,6
MinecraftGPT,https://github.com/phazejeff/MinecraftGPT,27,4,130,Java,2023-04-21T22:33:28Z,2025-11-28T09:51:36Z,0,0,21,1560,0.588235,low,growing,1
SemanticFlowGraph,https://github.com/duyali2000/SemanticFlowGraph,27,6,13159,Java,2023-08-21T09:14:32Z,2025-04-29T15:04:43Z,1,0,8,157908,0.252632,low,growing,2
ultracraft,https://github.com/absolutelyaya/ultracraft,27,5,241690,Java,2023-01-31T00:37:46Z,2026-01-15T08:24:42Z,47,0,1543,2900280,40.182292,high,growing,1
Geckolib-Unofficial-1.7.10,https://github.com/Goodbird-git/Geckolib-Unofficial-1.7.10,27,10,8424,Java,2023-12-06T07:54:55Z,2026-03-12T20:18:14Z,6,1,68,101088,2.419929,medium,growing,6
DexFile,https://github.com/vova7878/DexFile,27,2,1373,Java,2023-07-16T13:43:25Z,2026-03-28T15:01:08Z,0,0,382,16476,11.622718,high,growing,1
auth0-java-oauth-examples,https://github.com/oktadev/auth0-java-oauth-examples,27,8,334,Java,2023-02-06T20:56:20Z,2025-01-11T10:15:22Z,1,0,25,4008,0.655022,low,growing,4
No7CompilationPrincipleDesign,https://github.com/YuLin-Coder/No7CompilationPrincipleDesign,27,0,292,Java,2023-11-18T03:05:17Z,2025-09-21T07:33:59Z,0,0,4,3504,0.139373,low,growing,1
Spider-Flow,https://github.com/GUANQUNZHOU/Spider-Flow,27,9,2846,Java,2023-02-07T03:14:03Z,2026-03-09T06:54:06Z,1,0,3,34152,0.078603,low,growing,1
Banking-Application-in-Java-Console-Based-offered-by-pw-skills,https://github.com/Vinaykumarmahato/Banking-Application-in-Java-Console-Based-offered-by-pw-skills,27,10,480,Java,2023-07-12T16:43:57Z,2024-12-26T07:10:08Z,0,0,10,5760,0.30303,low,growing,1
nattable,https://github.com/eclipse-nattable/nattable,27,12,198387,Java,2023-09-11T13:26:59Z,2026-03-09T08:02:43Z,4,1,1710,2380644,55.220667,high,growing,29
openai-chatgpt-telegram-bot,https://github.com/uPagge/openai-chatgpt-telegram-bot,27,10,49163,Java,2023-03-14T23:17:09Z,2026-03-12T08:26:20Z,0,0,36,589956,0.97385,low,growing,1
Advance-Lighting,https://github.com/EyeOfDarkness/Advance-Lighting,27,6,378,Java,2023-10-21T04:50:46Z,2026-03-16T22:54:09Z,3,0,93,4536,3.138358,medium,growing,4
nanhu-print-java,https://github.com/hongjinqiu/nanhu-print-java,27,1,279,Java,2023-07-11T07:24:16Z,2026-02-25T02:12:38Z,0,0,55,3348,1.664985,medium,growing,1
VRPTW,https://github.com/ncabrera10/VRPTW,27,5,11955,Java,2023-02-01T14:09:17Z,2026-02-13T23:28:18Z,0,0,21,143460,0.54735,low,growing,4
code-examples,https://github.com/BinaryIgor/code-examples,27,4,20392,Java,2023-09-10T16:48:59Z,2026-03-06T09:06:33Z,0,1,128,244704,4.129032,medium,growing,1
PPa-LLD,https://github.com/vv176/PPa-LLD,27,32,101,Java,2023-05-23T06:57:09Z,2025-12-16T11:05:01Z,0,0,21,1212,0.605769,low,growing,2
ShitBoy,https://github.com/Lawaxi/ShitBoy,27,1,240,Java,2023-03-24T16:28:28Z,2026-02-26T17:33:49Z,2,0,70,2880,1.909091,medium,growing,1
Java-Concurrency-and-Parallelism,https://github.com/PacktPublishing/Java-Concurrency-and-Parallelism,27,17,667,Java,2023-11-09T15:52:22Z,2025-08-01T10:03:02Z,0,14,329,8004,11.344828,high,growing,6
AutoText,https://github.com/jiangnanboy/AutoText,27,2,7044,Java,2023-01-19T10:24:55Z,2025-10-08T08:51:56Z,0,0,52,84528,1.340206,medium,growing,1
kafka-cluster,https://github.com/MarMaksk/kafka-cluster,27,18,1256,Java,2023-05-29T16:45:20Z,2025-09-09T11:33:37Z,0,0,3,15072,0.087041,low,growing,1
hl_image_picker,https://github.com/howljs/hl_image_picker,27,33,65621,Java,2023-06-19T03:56:24Z,2025-06-19T04:20:08Z,23,1,49,787452,1.451135,medium,growing,3
movieTicketPublic,https://github.com/ynwynw/movieTicketPublic,27,6,5022,Java,2023-10-24T03:30:05Z,2026-01-26T01:24:30Z,0,0,1,60264,0.03386,low,growing,1
xiaofanshu,https://github.com/123yyh123/xiaofanshu,27,6,7033,Java,2023-12-15T08:13:42Z,2026-02-04T16:42:39Z,0,0,73,84396,2.625899,medium,growing,1
group-project-fitness-tracker,https://github.com/amigoscode/group-project-fitness-tracker,27,7,1747,Java,2023-02-02T15:36:02Z,2026-03-04T17:26:16Z,1,1,17,20964,0.443478,low,growing,2
CnUsername,https://github.com/XPPlugins/CnUsername,27,6,271,Java,2023-06-18T04:54:06Z,2026-03-13T16:37:27Z,1,0,128,3252,3.786982,medium,growing,3
JAVA-RPS-Game,https://github.com/Hazrat-Ali9/JAVA-RPS-Game,27,0,15248,Java,2023-05-24T11:06:35Z,2026-03-22T20:07:42Z,0,0,1,182976,0.028874,low,growing,1
twain_library-java,https://github.com/dynarithmic/twain_library-java,27,5,568626,Java,2023-01-31T04:35:23Z,2026-03-25T19:30:37Z,9,0,298,6823512,7.760417,medium,growing,2
kafka-deep-tutorial,https://github.com/mrsonmez10/kafka-deep-tutorial,27,9,740,Java,2023-09-28T14:02:46Z,2026-03-28T11:17:31Z,0,0,1,8880,0.032895,low,growing,1
buildrun-agregador-de-investimentos,https://github.com/buildrun-tech/buildrun-agregador-de-investimentos,27,9,334,Java,2023-12-02T14:05:56Z,2026-02-03T14:03:38Z,0,0,13,4008,0.460449,low,growing,1
connectors-native-sdk,https://github.com/snowflakedb/connectors-native-sdk,27,15,4375,Java,2023-10-10T14:13:11Z,2026-01-07T18:48:54Z,0,0,26,52500,0.866667,low,growing,14
layout_analysis4j,https://github.com/jiangnanboy/layout_analysis4j,27,11,206,Java,2023-05-05T13:44:08Z,2026-02-25T01:58:26Z,1,0,1,2472,0.028355,low,growing,1
RBMK-1500-Simulator,https://github.com/AliDarwish786/RBMK-1500-Simulator,27,7,17313,Java,2023-07-08T12:04:03Z,2026-03-12T13:11:08Z,0,0,36,207756,1.086519,medium,growing,1
spring-boot-starter-telegram,https://github.com/Drednote/spring-boot-starter-telegram,27,6,816,Java,2023-08-08T10:25:33Z,2026-03-17T21:18:31Z,0,1,116,9792,3.613707,medium,growing,5
android_device_xiaomi_liuqin,https://github.com/Xiaomi-SM8475/android_device_xiaomi_liuqin,27,6,457,Java,2023-07-31T12:20:42Z,2026-03-26T15:35:03Z,1,0,216,5484,6.673532,medium,growing,30
College-Second-hand_springboot,https://github.com/windsong477/College-Second-hand_springboot,27,4,97,Java,2023-03-21T06:10:01Z,2026-03-09T02:05:23Z,1,0,13,1164,0.353581,low,growing,1
JetBrainsRuntimeApi,https://github.com/JetBrains/JetBrainsRuntimeApi,27,6,207,Java,2023-04-13T12:27:23Z,2026-03-11T08:16:26Z,0,2,47,2484,1.305556,medium,growing,1586
Android-SolarCulture,https://github.com/Povlean/Android-SolarCulture,27,0,16752,Java,2023-03-14T10:17:10Z,2025-07-24T09:23:21Z,0,0,105,201024,2.837838,medium,growing,1
selenium-webdriver-bidi,https://github.com/lana-20/selenium-webdriver-bidi,27,0,260,Java,2023-07-02T00:07:36Z,2025-12-18T11:16:39Z,0,0,82,3120,2.46,medium,growing,1
K4SRU,https://github.com/ebtcap/K4SRU,27,3,123,Java,2023-03-21T10:52:56Z,2026-02-17T09:34:11Z,0,1,44,1476,1.196736,medium,growing,2
repo,https://github.com/MastodonContentMover/repo,27,0,25321,Java,2023-05-21T09:20:04Z,2025-02-23T04:10:45Z,0,0,14,303852,0.403071,low,growing,1
midjourney-bot-api,https://github.com/qjc1024join/midjourney-bot-api,27,7,419,Java,2023-05-09T20:33:22Z,2025-11-19T11:34:31Z,2,0,2,5028,0.05698,low,growing,1
2023-baton,https://github.com/woowacourse-teams/2023-baton,27,6,4561,Java,2023-06-29T01:22:11Z,2026-02-23T07:10:21Z,6,2,20,54732,0.598205,low,growing,8
WeChat_MiniProgram_Campus_second-hand,https://github.com/wangjianlin1985/WeChat_MiniProgram_Campus_second-hand,27,3,6192,Java,2023-05-18T13:43:25Z,2026-03-19T01:45:58Z,0,0,2,74304,0.057416,low,growing,1
sirius-desktop,https://github.com/eclipse-sirius/sirius-desktop,27,18,249978,Java,2023-07-03T16:02:37Z,2026-03-11T12:43:18Z,135,22,6155,2999736,184.834835,high,growing,50
rust2wasm2react-native,https://github.com/xonoxitron/rust2wasm2react-native,27,2,789,Java,2023-06-09T11:06:17Z,2025-09-21T03:26:22Z,0,0,4,9468,0.117302,low,growing,1
jadx-example-plugin,https://github.com/jadx-decompiler/jadx-example-plugin,27,6,213,Java,2023-05-22T19:03:54Z,2026-03-23T22:21:22Z,1,0,19,2556,0.548077,low,growing,2
android-short-edges,https://github.com/asilichenko/android-short-edges,27,1,105,Java,2023-10-16T08:23:59Z,2025-10-31T12:28:11Z,0,0,7,1260,0.234899,low,growing,1
ijkplayer-av3a,https://github.com/wuxianlin/ijkplayer-av3a,27,19,17501,Java,2023-09-10T07:34:05Z,2025-11-14T10:11:12Z,2,0,8,210012,0.258065,low,growing,1
No77WarehouseManagementSystem,https://github.com/YuLin-Coder/No77WarehouseManagementSystem,27,0,1614,Java,2023-12-27T14:14:23Z,2025-09-21T07:33:51Z,0,0,2,19368,0.072993,low,growing,1
No40OnlineShoppingMallManagementSystem,https://github.com/YuLin-Coder/No40OnlineShoppingMallManagementSystem,27,0,56316,Java,2023-12-03T14:53:28Z,2025-09-21T07:33:55Z,0,0,2,675792,0.070922,low,growing,1
void,https://github.com/VoidLang/void,27,3,669,Java,2023-03-15T14:40:26Z,2025-12-08T13:59:50Z,0,0,274,8028,7.412083,medium,growing,1
Springboot_Vue_Student_club_management,https://github.com/wangjianlin1985/Springboot_Vue_Student_club_management,27,3,4557,Java,2023-05-04T07:30:13Z,2026-03-02T02:56:19Z,0,0,2,54684,0.056657,low,growing,1
Hotel-Booking-System-Rest-API,https://github.com/shivendra0852/Hotel-Booking-System-Rest-API,27,12,408,Java,2023-05-13T06:24:55Z,2026-03-20T08:32:53Z,11,0,113,4896,3.228571,medium,growing,5
RPRenames,https://github.com/HiWord9/RPRenames,27,12,962,Java,2023-04-09T02:19:43Z,2026-03-25T12:02:50Z,10,0,350,11544,9.686347,medium,growing,2
fire-editor-awakening,https://github.com/Dani88alv/fire-editor-awakening,27,0,12799,Java,2023-08-18T16:26:40Z,2026-03-26T13:19:40Z,4,0,65,153588,2.04617,medium,growing,1
AutoUpdatePlugins,https://github.com/NewAmazingPVP/AutoUpdatePlugins,27,4,628,Java,2023-05-03T15:23:38Z,2026-03-27T12:06:01Z,0,0,301,7536,8.518868,medium,growing,4
No41OnlineBookAtoreManagementSystem,https://github.com/YuLin-Coder/No41OnlineBookAtoreManagementSystem,27,0,6286,Java,2023-12-03T14:55:16Z,2025-09-21T07:33:54Z,0,0,2,75432,0.070922,low,growing,1
Volleyball,https://github.com/IEnumerablee/Volleyball,27,7,15176,Java,2023-06-17T15:12:37Z,2025-12-12T16:32:34Z,9,0,16,182112,0.472906,low,growing,3
spring-boot-clean-architecture,https://github.com/AthirsonSilva/spring-boot-clean-architecture,27,8,226,Java,2023-11-22T22:59:38Z,2026-03-03T17:56:54Z,0,0,12,2712,0.420561,low,growing,1
meeting_system_backend,https://github.com/xyongfeng/meeting_system_backend,27,1,328,Java,2023-09-06T02:11:02Z,2026-03-04T02:26:21Z,0,0,54,3936,1.734475,medium,growing,1
retropic,https://github.com/marlow75/retropic,27,2,49511,Java,2023-02-06T13:27:40Z,2026-03-08T17:37:51Z,1,0,200,594132,5.235602,medium,growing,1
econets-vue,https://github.com/EcoNetsTech/econets-vue,26,7,5230,Java,2023-12-03T15:02:52Z,2026-02-07T09:36:06Z,3,0,69,62760,2.446809,medium,growing,1
VPacketEvents,https://github.com/4drian3d/VPacketEvents,26,3,579,Java,2023-02-21T03:17:50Z,2026-03-27T16:14:38Z,1,0,211,6948,5.596817,medium,growing,3
reactive-kafka-course,https://github.com/vinsguru/reactive-kafka-course,26,52,385,Java,2023-03-30T17:21:18Z,2025-05-30T16:15:39Z,0,0,6,4620,0.164684,low,growing,1
cohere-java,https://github.com/cohere-ai/cohere-java,26,4,2922,Java,2023-11-06T17:02:58Z,2026-03-26T15:12:37Z,0,4,51,35064,1.752577,medium,growing,15
openkito,https://github.com/Nekito-Development/openkito,26,5,172291,Java,2023-06-30T09:24:35Z,2026-02-20T14:00:22Z,1,0,347,2067492,10.389222,high,growing,8
Micromixin,https://github.com/stianloader/Micromixin,26,4,965,Java,2023-02-12T16:03:46Z,2026-02-17T11:50:45Z,2,0,146,11580,3.842105,medium,growing,3
No70OnlineExaminationManagementSystem3,https://github.com/YuLin-Coder/No70OnlineExaminationManagementSystem3,26,0,6652,Java,2023-12-23T13:56:25Z,2025-09-21T07:34:11Z,0,0,2,79824,0.072639,low,growing,1
BE-IT-DS,https://github.com/meghadandapat/BE-IT-DS,26,24,411,Java,2023-05-08T17:27:34Z,2026-03-11T19:36:35Z,0,1,42,4932,1.195446,medium,growing,1
Java_Task_Scheduling,https://github.com/walidbosso/Java_Task_Scheduling,26,4,1625,Java,2023-07-21T09:12:41Z,2026-03-24T22:00:53Z,0,0,53,19500,1.620795,medium,growing,1
Neuro21-Minecraft-Mod,https://github.com/JimenezLi/Neuro21-Minecraft-Mod,26,4,5769,Java,2023-09-12T08:38:13Z,2026-01-19T13:20:18Z,0,0,18,69228,0.581897,low,growing,1
PrinterDemo,https://github.com/ILoveLin/PrinterDemo,26,3,128157,Java,2023-04-13T07:07:36Z,2025-12-11T02:53:30Z,0,0,49,1537884,1.361111,medium,growing,1
HookColorOS,https://github.com/wuxianlin/HookColorOS,26,9,156,Java,2023-02-26T16:54:35Z,2026-02-19T05:08:17Z,2,0,18,1872,0.479574,low,growing,1
open-healthcare-codegen-tool-framework,https://github.com/wso2/open-healthcare-codegen-tool-framework,26,7,665,Java,2023-07-11T03:40:58Z,2025-09-25T09:02:56Z,0,0,81,7980,2.452069,medium,growing,708
controlfreak,https://github.com/ndjc/controlfreak,26,2,179,Java,2023-04-23T18:18:01Z,2026-01-27T20:21:39Z,0,0,11,2148,0.3087,low,growing,1
PBScaler,https://github.com/WHU-AISE/PBScaler,26,4,131033,Java,2023-03-07T04:38:02Z,2025-07-08T05:04:58Z,1,0,9,1572396,0.241719,low,growing,1
Goety-2,https://github.com/Polarice3/Goety-2,26,12,101966,Java,2023-03-11T12:23:40Z,2026-03-24T04:00:03Z,5,0,301,1223592,8.113208,medium,growing,5
Gmu-Wiki-Back,https://github.com/Gmu-Wiki/Gmu-Wiki-Back,26,0,616,Java,2023-02-28T07:29:34Z,2024-06-27T08:10:33Z,0,0,612,7392,16.33452,high,growing,2
chatgpt-java,https://github.com/kezhenxu94/chatgpt-java,26,7,151,Java,2023-03-04T15:36:43Z,2025-12-08T13:59:48Z,24,0,61,1812,1.633929,medium,growing,1
Cinnamon,https://github.com/KI-AIM/Cinnamon,26,1,44672,Java,2023-07-12T11:54:31Z,2026-03-19T15:34:59Z,66,1,1845,536064,55.909091,high,growing,7
Meteor_Control_Channel_Isolation_SDN_Virtualization,https://github.com/yeonhooy/Meteor_Control_Channel_Isolation_SDN_Virtualization,26,17,8781,Java,2023-01-30T06:26:12Z,2025-12-01T02:49:20Z,0,0,150,105372,3.902862,medium,growing,4
panama-native-interface,https://github.com/vproxy-tools/panama-native-interface,26,1,2430,Java,2023-07-18T08:23:26Z,2025-12-18T02:38:59Z,0,0,370,29160,11.280488,high,growing,1
Competition-organization,https://github.com/K1rsN7/Competition-organization,26,0,18771,Java,2023-11-15T11:09:37Z,2026-01-21T09:40:55Z,0,0,11,225252,0.381944,low,growing,1
Umbba-Server,https://github.com/Team-Umbba/Umbba-Server,26,0,37960,Java,2023-06-21T17:16:57Z,2025-08-01T07:31:46Z,0,0,547,455520,16.247525,high,growing,5
kline-proxy,https://github.com/flamhaze5946/kline-proxy,26,11,275,Java,2023-11-15T18:53:12Z,2025-09-29T03:50:23Z,0,0,99,3300,3.441483,medium,growing,1
TiendaDawApi-SpringBoot,https://github.com/joseluisgs/TiendaDawApi-SpringBoot,26,0,1569,Java,2023-10-10T15:25:57Z,2026-01-02T12:51:28Z,0,0,293,18828,9.766667,medium,growing,1
omegat-plugin-openai-translate,https://github.com/ychoi-kr/omegat-plugin-openai-translate,26,8,237,Java,2023-05-14T07:20:48Z,2026-03-08T05:22:12Z,2,0,22,2844,0.629171,low,growing,1
Auto-Slabs,https://github.com/Andrew6rant/Auto-Slabs,26,7,265,Java,2023-01-08T22:56:24Z,2026-03-08T13:19:00Z,28,2,81,3180,2.069847,medium,growing,5
estrutura-de-dados,https://github.com/IsisAriele/estrutura-de-dados,26,0,236,Java,2023-09-05T11:36:43Z,2025-10-06T09:21:06Z,0,0,42,2832,1.347594,medium,growing,1
OneSeriesSEC,https://github.com/HowieHChen/OneSeriesSEC,26,3,38865,Java,2023-01-27T10:23:30Z,2025-11-21T02:57:20Z,0,0,9,466380,0.233564,low,growing,1
android.webview.upload.download,https://github.com/adriancs2/android.webview.upload.download,26,10,1417,Java,2023-03-19T13:28:03Z,2025-09-14T04:26:34Z,1,0,20,17004,0.542986,low,growing,1
WizardsReborn,https://github.com/MaxBogomol/WizardsReborn,26,7,56222,Java,2023-03-23T11:01:55Z,2026-03-06T10:18:29Z,0,0,668,674664,18.201635,high,growing,7
Fedilab,https://github.com/stom79/Fedilab,26,1,31021,Java,2023-01-18T08:49:17Z,2026-03-26T04:10:01Z,0,0,3419,372252,88.042918,high,growing,86
mercury-composable,https://github.com/Accenture/mercury-composable,26,12,17722,Java,2023-06-19T17:15:40Z,2026-03-26T03:14:46Z,0,0,752,212664,22.29249,high,growing,13
IGExperimentsPatcher,https://github.com/xHookman/IGExperimentsPatcher,26,4,24376,Java,2023-09-01T22:12:24Z,2025-12-03T00:44:01Z,4,0,49,292512,1.567164,medium,growing,1
spb,https://github.com/andimarek/spb,26,1,127,Java,2023-02-03T07:35:05Z,2023-02-26T21:13:58Z,0,0,25,1524,0.652742,low,growing,2
Quarters,https://github.com/jwkerr/Quarters,26,8,4207,Java,2023-09-24T22:19:10Z,2026-03-07T12:43:24Z,6,3,266,50484,8.721311,medium,growing,4
curso-java-spring-data-jpa,https://github.com/platzi/curso-java-spring-data-jpa,26,34,106,Java,2023-03-06T14:44:47Z,2026-01-09T04:51:05Z,0,1,38,1272,1.019678,medium,growing,3
PoseTracker-Android-Prototype,https://github.com/hanrui1sensetime/PoseTracker-Android-Prototype,26,5,40871,Java,2023-03-08T07:42:29Z,2025-11-03T01:31:13Z,4,0,12,490452,0.322581,low,growing,1
authsaur,https://github.com/authsaur/authsaur,26,4,6011,Java,2023-07-17T14:18:37Z,2025-10-16T00:58:30Z,1,0,9,72132,0.274112,low,growing,1
Luminol,https://github.com/LuminolMC/Luminol,498,44,4847,Java,2023-11-26T10:17:07Z,2026-03-28T13:49:05Z,11,0,1064,58164,37.420868,high,growing,21
ollama4j,https://github.com/ollama4j/ollama4j,486,78,6667,Java,2023-10-26T19:12:14Z,2026-03-23T18:58:16Z,0,15,1187,80004,40.328426,high,growing,24
chatgpt-spring-boot-starter,https://github.com/linux-china/chatgpt-spring-boot-starter,483,76,434,Java,2023-06-17T10:28:13Z,2026-03-26T06:35:06Z,0,0,378,5208,11.172414,high,growing,6
spring-boot-startup-report,https://github.com/maciejwalkowiak/spring-boot-startup-report,483,29,377,Java,2023-03-09T06:14:59Z,2026-03-17T10:24:05Z,1,2,30,4524,0.807175,low,growing,6
GregTech-Modern,https://github.com/GregTechCEu/GregTech-Modern,480,354,95455,Java,2023-03-17T15:53:18Z,2026-03-24T20:38:47Z,326,48,2379,1145460,64.471545,high,growing,192
optaplanner,https://github.com/kiegroup/optaplanner,479,106,245202,Java,2023-09-08T14:14:13Z,2026-03-28T02:57:02Z,0,16,8964,2942424,288.540773,high,growing,162
Momogram,https://github.com/dic1911/Momogram,476,22,1239459,Java,2023-11-21T10:49:49Z,2026-03-26T12:42:58Z,1,1,3729,14873508,130.384615,high,growing,33
easy-rpc,https://github.com/shaogezhu/easy-rpc,467,35,162,Java,2023-02-22T14:32:24Z,2026-03-26T09:31:43Z,1,0,26,1944,0.690265,low,growing,1
Figura,https://github.com/FiguraMC/Figura,465,118,15346,Java,2023-07-15T21:32:27Z,2026-03-24T11:29:39Z,100,27,2102,184152,63.955375,high,growing,63
AutoRepeater,https://github.com/Lotus6/AutoRepeater,464,13,142,Java,2023-09-02T08:48:57Z,2026-03-12T02:10:26Z,9,0,13,1704,0.415778,low,growing,1
scavenger,https://github.com/naver/scavenger,462,49,93077,Java,2023-01-13T10:52:33Z,2026-03-26T16:34:27Z,9,2,336,1116924,8.615385,medium,growing,21
live-room-watcher,https://github.com/scx567888/live-room-watcher,462,113,4510,Java,2023-01-09T10:27:09Z,2026-03-24T12:39:17Z,31,2,377,54120,9.633731,medium,growing,1
java-echo-generator,https://github.com/pen4uin/java-echo-generator,462,43,2042,Java,2023-09-27T12:55:53Z,2026-03-19T03:22:29Z,0,0,14,24504,0.460022,low,growing,2
siam-server,https://github.com/siam1026/siam-server,460,85,18705,Java,2023-11-26T12:41:06Z,2026-03-23T21:00:31Z,1,0,415,224460,14.595545,high,growing,1
MobileCTF,https://github.com/r0ysue/MobileCTF,458,51,497703,Java,2023-06-22T06:31:25Z,2026-03-28T10:34:03Z,0,0,33,5972436,0.980198,low,growing,2
campus,https://github.com/oddfar/campus,457,104,2237,Java,2023-02-21T02:17:19Z,2026-03-22T12:18:44Z,0,0,56,26844,1.485411,medium,growing,1
backend-tutorial,https://github.com/timerring/backend-tutorial,455,85,207921,Java,2023-04-10T10:54:51Z,2026-03-28T05:54:23Z,0,0,71,2495052,1.966759,medium,growing,1
bibliothecarius,https://github.com/coderabbit214/bibliothecarius,454,76,486,Java,2023-03-26T09:26:24Z,2026-03-18T12:52:29Z,4,2,60,5832,1.639344,medium,growing,4
db2rest,https://github.com/9tigerio/db2rest,451,85,80868,Java,2023-12-14T19:26:05Z,2026-03-28T14:14:28Z,23,0,1549,970416,55.719424,high,growing,21
HotSecondsIDEA,https://github.com/Liubsyy/HotSecondsIDEA,449,53,46935,Java,2023-05-02T08:05:21Z,2026-03-28T02:56:43Z,23,0,581,563220,16.427898,high,growing,2
gptAssist,https://github.com/woheller69/gptAssist,446,30,1011,Java,2023-05-11T09:20:32Z,2026-03-24T21:19:50Z,14,0,71,12132,2.024715,medium,growing,3
capacitor-plugins,https://github.com/capawesome-team/capacitor-plugins,439,97,4904,Java,2023-03-30T18:54:46Z,2026-03-28T13:29:25Z,53,5,1619,58848,44.437328,high,growing,32
timemachineplus,https://github.com/epcdiy/timemachineplus,436,54,11980,Java,2023-07-01T01:58:19Z,2026-03-15T08:09:59Z,7,3,13,143760,0.38961,low,growing,1
langstream,https://github.com/LangStream/langstream,433,36,124002,Java,2023-06-28T14:56:51Z,2026-03-22T06:23:15Z,67,0,740,1488024,22.111554,high,growing,16
Hugai-chatgpt,https://github.com/TouShang6015/Hugai-chatgpt,430,81,741,Java,2023-07-31T09:32:05Z,2026-03-18T07:17:24Z,1,0,56,8892,1.730175,medium,growing,1
mMicroG,https://github.com/inotia00/mMicroG,425,17,1602,Java,2023-04-21T23:11:21Z,2026-03-25T09:26:09Z,0,0,1,19224,0.028011,low,growing,1
cool-request,https://github.com/houxinlin/cool-request,418,87,42779,Java,2023-02-19T11:30:56Z,2026-03-27T09:45:51Z,36,0,639,513348,16.919682,high,growing,5
simdjson-java,https://github.com/simdjson/simdjson-java,414,35,3071,Java,2023-07-11T03:36:13Z,2026-03-04T15:43:57Z,18,7,46,36852,1.392533,medium,growing,24
DD-AD,https://github.com/afwfv/DD-AD,411,15,4736891,Java,2023-03-15T10:29:32Z,2026-03-24T14:59:55Z,2,0,3421,56842692,92.542831,high,growing,1
rill-flow,https://github.com/weibocom/rill-flow,407,49,18305,Java,2023-11-03T03:46:01Z,2026-03-17T06:57:38Z,6,2,124,219660,4.246575,medium,growing,11
mapstruct-plus,https://github.com/linpeilie/mapstruct-plus,406,30,13649,Java,2023-02-22T02:25:13Z,2026-03-28T14:38:27Z,7,2,290,163788,7.699115,medium,growing,8
compass,https://github.com/cubefs/compass,406,152,6205,Java,2023-03-29T05:08:50Z,2026-02-27T03:00:27Z,93,1,489,74460,13.39726,high,growing,31
Java-Solutions-TCS-IPA-Questions,https://github.com/Arijit-SE/Java-Solutions-TCS-IPA-Questions,403,137,317,Java,2023-02-13T02:38:16Z,2026-03-28T14:13:02Z,6,2,292,3804,7.690957,medium,growing,2
pptshow,https://github.com/qrpcode/pptshow,402,77,29840,Java,2023-06-13T01:29:45Z,2026-03-08T02:26:35Z,3,0,23,358080,0.677134,low,growing,2
jox,https://github.com/softwaremill/jox,400,16,1315,Java,2023-11-08T12:58:16Z,2026-03-27T12:32:49Z,7,0,437,15780,15.051665,high,growing,107
ReTerraForged,https://github.com/racoonman2/ReTerraForged,398,124,2003,Java,2023-07-08T17:50:09Z,2026-03-27T15:23:44Z,23,1,117,24036,3.534743,medium,growing,2
xuecheng-plus,https://github.com/Cyborg2077/xuecheng-plus,394,86,364,Java,2023-01-29T05:26:45Z,2026-03-26T09:47:00Z,3,0,40,4368,1.039861,medium,growing,1
bytedesk,https://github.com/Bytedesk/bytedesk,394,114,1792676,Java,2023-10-12T00:31:36Z,2026-03-28T05:32:54Z,0,0,5341,21512112,178.429844,high,growing,4
JARVIS-1,https://github.com/CraftJarvis/JARVIS-1,392,26,189860,Java,2023-10-21T11:15:00Z,2026-03-23T12:52:56Z,6,0,7,2278320,0.23622,low,growing,3
OctoGram,https://github.com/OctoGramApp/OctoGram,391,22,629224,Java,2023-06-02T10:37:51Z,2026-03-24T15:58:11Z,0,0,1077,7550688,31.368932,high,growing,21
SplitLanzou,https://github.com/Yu2002s/SplitLanzou,388,10,4005,Java,2023-03-26T08:15:03Z,2026-03-24T14:55:10Z,2,0,104,48060,2.84153,medium,growing,3
xl-lighthouse,https://github.com/xl-xueling/xl-lighthouse,381,54,22099,Java,2023-07-21T14:54:25Z,2026-03-18T13:02:02Z,15,0,2973,265188,90.917431,high,growing,1
api,https://github.com/libxposed/api,381,150,423,Java,2023-01-08T16:38:19Z,2026-03-28T08:43:41Z,2,1,80,5076,2.042553,medium,growing,6
Cartographer,https://github.com/nccgroup/Cartographer,380,31,18233,Java,2023-06-07T17:12:10Z,2026-03-27T12:36:13Z,3,2,4,218796,0.117188,low,growing,5
littlehorse,https://github.com/littlehorse-enterprises/littlehorse,379,31,48546,Java,2023-07-19T17:41:58Z,2026-03-28T03:38:27Z,147,16,1907,582552,58.258656,high,growing,28
AdGuard-Rule,https://github.com/hululu1068/AdGuard-Rule,379,83,10997913,Java,2023-01-18T13:05:21Z,2026-03-28T12:54:02Z,0,0,2367,131974956,60.95279,high,growing,1
java-ai-playground,https://github.com/marcushellberg/java-ai-playground,379,141,766,Java,2023-10-11T21:13:42Z,2026-03-28T06:33:56Z,2,5,69,9192,2.305122,medium,growing,8
simple-openai,https://github.com/sashirestela/simple-openai,374,56,8596,Java,2023-07-28T03:55:25Z,2026-03-25T19:39:25Z,15,2,560,103152,17.24846,high,growing,5
KingInstaller,https://github.com/fcaronte/KingInstaller,374,17,963,Java,2023-02-28T18:16:19Z,2026-03-26T16:48:46Z,12,1,39,11556,1.041852,medium,growing,4
backend,https://github.com/mblog-backend/backend,373,41,198,Java,2023-05-11T02:25:50Z,2026-03-12T09:40:10Z,11,1,145,2376,4.134981,medium,growing,1
jgit,https://github.com/eclipse-jgit/jgit,369,99,156207,Java,2023-10-20T15:09:17Z,2026-03-27T16:27:14Z,94,3,11181,1874484,376.88764,high,growing,244
GhidRust,https://github.com/DMaroo/GhidRust,366,19,1470,Java,2023-04-21T18:52:45Z,2026-03-27T10:52:14Z,1,0,37,17640,1.036415,medium,growing,3
ViaBedrock,https://github.com/RaphiMC/ViaBedrock,364,30,16146,Java,2023-01-29T22:15:45Z,2026-03-26T14:47:58Z,5,6,931,193752,24.223764,high,growing,10
url-shortener-preview,https://github.com/cami-la/url-shortener-preview,363,40,100,Java,2023-05-09T13:02:34Z,2026-03-17T06:13:04Z,0,0,28,1200,0.796964,low,growing,2
ThunderHack-Recode,https://github.com/Pan4ur/ThunderHack-Recode,363,161,57647,Java,2023-07-15T06:27:46Z,2026-03-28T03:41:11Z,0,0,1336,691764,40.607903,high,growing,29
Twist-Space-Technology-Mod,https://github.com/Nxer/Twist-Space-Technology-Mod,363,91,80289,Java,2023-10-16T09:57:15Z,2026-03-19T19:39:31Z,39,1,2720,963468,91.275168,high,growing,46
im-whale-shark,https://github.com/BanTanger/im-whale-shark,361,69,72255,Java,2023-03-24T17:03:01Z,2026-03-26T15:51:34Z,10,0,158,867060,4.309091,medium,growing,3
datalinkx,https://github.com/spitfireuptown/datalinkx,357,38,121513,Java,2023-11-16T02:22:52Z,2026-03-28T06:28:38Z,2,1,357,1458156,12.410197,high,growing,5
wiremock-spring-boot,https://github.com/wiremock/wiremock-spring-boot,352,24,459,Java,2023-02-24T12:21:04Z,2026-03-12T06:48:19Z,1,10,246,5508,6.542553,medium,growing,17
mry-backend,https://github.com/mryqr-com/mry-backend,352,98,1932,Java,2023-06-06T03:31:04Z,2026-03-20T03:14:20Z,0,0,2,23184,0.05848,low,growing,1
CodeFuse-Query,https://github.com/codefuse-ai/CodeFuse-Query,352,36,34082,Java,2023-11-14T03:03:51Z,2026-03-26T08:26:05Z,12,0,262,408984,9.086705,medium,growing,26
spring-boot-java-template,https://github.com/team-dodn/spring-boot-java-template,346,88,417,Java,2023-01-26T20:12:56Z,2026-03-12T02:12:16Z,0,0,73,5004,1.894464,medium,growing,3
TongdaOATool,https://github.com/xiaokp7/TongdaOATool,345,27,2549,Java,2023-05-07T15:41:04Z,2026-03-22T13:23:30Z,4,0,27,30588,0.767045,low,growing,1
sky-take-out,https://github.com/Sonder-MX/sky-take-out,345,72,190,Java,2023-07-13T13:14:01Z,2026-03-28T05:07:42Z,5,2,90,2280,2.73003,medium,growing,2
LeakValue,https://github.com/michalbednarski/LeakValue,344,63,270,Java,2023-01-10T16:24:51Z,2026-03-22T23:45:43Z,5,0,1,3240,0.025575,low,growing,1
Stario,https://github.com/albu-razvan/Stario,344,25,15926,Java,2023-11-01T14:13:31Z,2026-03-27T00:06:54Z,34,1,333,191112,11.378132,high,growing,6
chatgpt-java-uniapp,https://github.com/shican1234/chatgpt-java-uniapp,342,66,21389,Java,2023-04-26T10:22:55Z,2026-03-17T05:43:01Z,0,1,15,256668,0.421743,low,growing,1
BadAppleJuice,https://github.com/Sab1e-dev/BadAppleJuice,342,34,217,Java,2023-11-16T17:38:40Z,2026-03-24T18:00:44Z,7,0,42,2604,1.461717,medium,growing,1
oday,https://github.com/Janhsu/oday,342,29,144,Java,2023-03-24T13:07:50Z,2026-03-01T17:40:40Z,23,0,16,1728,0.436364,low,growing,1
stream,https://github.com/wendy512/stream,339,64,197,Java,2023-05-18T03:08:44Z,2026-03-01T07:00:26Z,0,0,50,2364,1.435407,medium,growing,2
langchain4j-spring,https://github.com/langchain4j/langchain4j-spring,338,121,1096,Java,2023-12-21T07:28:47Z,2026-03-27T06:58:19Z,0,18,395,13152,14.311594,high,growing,28
youlai-boot,https://github.com/youlaitech/youlai-boot,338,124,6917,Java,2023-03-03T09:38:39Z,2026-03-20T21:19:22Z,5,1,1036,83004,27.725245,high,growing,21
Auto.js,https://github.com/TonyJiangWJ/Auto.js,337,136,389956,Java,2023-02-12T16:07:34Z,2026-03-26T08:19:07Z,11,0,1034,4679472,27.210526,high,growing,3
awesome-j2me,https://github.com/hstsethi/awesome-j2me,336,11,128,Java,2023-07-13T03:45:43Z,2026-03-27T04:10:08Z,1,0,110,1536,3.336704,medium,growing,3
store,https://github.com/eclipse-store/store,335,35,7004,Java,2023-04-28T15:46:25Z,2026-03-20T02:11:31Z,39,1,431,84048,12.140845,high,growing,16
T95-H616-Malware,https://github.com/DesktopECHO/T95-H616-Malware,332,14,11906,Java,2023-01-05T22:16:42Z,2026-03-25T01:39:46Z,0,0,32,142872,0.815633,low,growing,5
pinduoduo_backdoor_demo,https://github.com/davincifans123/pinduoduo_backdoor_demo,332,142,8020,Java,2023-04-11T12:12:11Z,2026-03-19T06:43:41Z,6,0,4,96240,0.110906,low,growing,1
ecommerce-microservices,https://github.com/hoangtien2k3/ecommerce-microservices,328,159,6341,Java,2023-09-20T10:45:01Z,2026-03-27T02:28:42Z,3,11,176,76092,5.73913,medium,growing,2
box,https://github.com/mlabalabala/box,327,156,135567,Java,2023-09-04T00:48:07Z,2026-03-28T13:19:09Z,6,0,102,1626804,3.269231,medium,growing,1
tjxt,https://github.com/shuhongfan/tjxt,325,112,127344,Java,2023-09-04T07:57:12Z,2026-03-28T13:32:58Z,6,0,3,1528128,0.096154,low,growing,1
Allay,https://github.com/AllayMC/Allay,323,34,108523,Java,2023-03-04T08:05:16Z,2026-03-27T04:20:56Z,13,7,3545,1302276,94.955357,high,growing,26
semgrep-rules-android-security,https://github.com/mindedsecurity/semgrep-rules-android-security,322,33,209,Java,2023-03-14T18:08:30Z,2026-03-07T02:49:41Z,0,1,137,2508,3.706041,medium,growing,29
tt-zhipin,https://github.com/whoiszxl/tt-zhipin,319,34,18443,Java,2023-08-02T04:10:03Z,2026-03-20T06:29:30Z,2,0,61,221316,1.888545,medium,growing,1
BurpAppletPentester,https://github.com/mrknow001/BurpAppletPentester,319,20,639,Java,2023-02-18T09:49:57Z,2026-03-24T02:40:28Z,0,0,9,7668,0.238095,low,growing,1
MAME4droid-Current,https://github.com/seleuco/MAME4droid-Current,317,41,1550474,Java,2023-12-18T11:16:18Z,2026-03-26T22:09:36Z,59,1,62,18605688,2.238267,medium,growing,1
twitter-scale-mastodon,https://github.com/redplanetlabs/twitter-scale-mastodon,313,19,2335,Java,2023-08-27T01:26:11Z,2026-03-11T21:37:08Z,0,0,10,28020,0.317797,low,growing,1
mago-3d-tiler,https://github.com/Gaia3D/mago-3d-tiler,313,40,459508,Java,2023-11-30T01:59:44Z,2026-03-28T15:21:16Z,24,1,1364,5514096,48.19788,high,growing,9
ckibana,https://github.com/TongchengOpenSource/ckibana,311,48,12080,Java,2023-11-21T09:12:07Z,2026-02-28T05:50:08Z,12,1,179,144960,6.258741,medium,growing,12
ble-spam-android,https://github.com/tutozz/ble-spam-android,309,41,17927,Java,2023-11-09T01:03:03Z,2026-03-18T22:41:00Z,18,0,5,215124,0.172414,low,growing,1
lacus,https://github.com/eyesmoons/lacus,309,86,17032,Java,2023-05-04T13:30:59Z,2026-03-26T05:08:12Z,1,0,77,204384,2.181303,medium,growing,1
AI-java,https://github.com/mainpropath/AI-java,308,8,8038,Java,2023-12-05T11:38:15Z,2026-03-24T09:45:49Z,3,0,64,96456,2.274882,medium,growing,1
summer-framework,https://github.com/michaelliao/summer-framework,308,90,377,Java,2023-03-18T23:39:20Z,2026-03-08T04:44:54Z,0,0,106,4524,2.877828,medium,growing,1
langtorch,https://github.com/li2109/langtorch,307,45,1081,Java,2023-04-01T08:13:06Z,2026-03-23T01:26:11Z,15,1,384,12972,10.549451,high,growing,7
AI-SmartFuse-Framework,https://github.com/mainpropath/AI-SmartFuse-Framework,307,12,803,Java,2023-12-11T06:22:11Z,2026-03-28T12:07:48Z,4,0,48,9636,1.718377,medium,growing,1
nacos-plus,https://github.com/dylan-tao/nacos-plus,306,30,11363,Java,2023-09-20T06:04:36Z,2026-03-24T06:34:12Z,3,2,163,136356,5.315217,medium,growing,2
react-native-screenguard,https://github.com/gbumps/react-native-screenguard,305,33,15899,Java,2023-06-02T12:05:48Z,2026-03-28T04:44:50Z,0,0,382,190788,11.126214,high,growing,8
System-Design-Preparation,https://github.com/arkapg211002/System-Design-Preparation,303,126,649201,Java,2023-06-25T06:47:41Z,2026-03-28T14:10:11Z,0,0,67,7790412,1.996028,medium,growing,1
bld,https://github.com/rife2/bld,303,16,1621,Java,2023-05-10T01:18:01Z,2026-03-21T11:01:48Z,10,0,378,19452,10.769231,high,growing,5
lsp4ij,https://github.com/redhat-developer/lsp4ij,299,89,30682,Java,2023-11-30T10:30:56Z,2026-03-27T14:44:56Z,136,14,991,368184,35.017668,high,growing,172
Gshine-Server,https://github.com/AngelicPretty/Gshine-Server,299,46,5103,Java,2023-02-23T01:48:47Z,2026-03-17T13:52:05Z,1,0,7,61236,0.186005,low,growing,1
BlossomGateway,https://github.com/ZhangBlossom/BlossomGateway,298,39,8201,Java,2023-10-23T01:47:24Z,2026-03-17T09:04:18Z,2,0,117,98412,3.957159,medium,growing,1
serializationisbad,https://github.com/dogboy21/serializationisbad,297,21,154,Java,2023-07-25T19:44:51Z,2026-03-03T01:26:36Z,7,3,53,1848,1.629098,medium,growing,18
AutoCheckinPlugin,https://github.com/MartinKayJr/AutoCheckinPlugin,297,37,10463,Java,2023-08-21T09:54:48Z,2026-03-27T02:14:37Z,1,0,70,125556,2.210526,medium,growing,3
haidnorJVM,https://github.com/FranzHaidnor/haidnorJVM,296,33,1254,Java,2023-07-19T10:07:27Z,2026-03-27T04:47:35Z,1,0,76,15048,2.31943,medium,growing,5
Controlify,https://github.com/isXander/Controlify,296,69,18395,Java,2023-01-30T22:08:42Z,2026-03-26T20:20:04Z,372,6,1206,220740,31.40625,high,growing,26
ShareX,https://github.com/akanshSirohi/ShareX,292,20,47915,Java,2023-01-02T17:53:10Z,2026-03-15T16:48:58Z,10,2,124,574980,3.152542,medium,growing,2
siam-cloud,https://github.com/siam1026/siam-cloud,290,58,18494,Java,2023-10-26T10:45:10Z,2026-03-28T12:59:40Z,0,0,435,221928,14.762443,high,growing,2
agentcrack,https://github.com/rzte/agentcrack,289,36,32202,Java,2023-11-25T09:38:37Z,2026-01-18T14:28:51Z,0,0,2,386424,0.070258,low,growing,2
ActiveMqRCE,https://github.com/Hutt0n0/ActiveMqRCE,288,25,16435,Java,2023-11-15T09:28:07Z,2026-02-09T08:28:08Z,2,1,11,197220,0.381944,low,growing,1
react-native-pdf-renderer,https://github.com/douglasjunior/react-native-pdf-renderer,288,11,68921,Java,2023-03-09T11:19:24Z,2026-03-26T21:54:11Z,3,1,133,827052,3.578475,medium,growing,5
Java-Plus-DSA-Placement-Course,https://github.com/Tiwarishashwat/Java-Plus-DSA-Placement-Course,287,125,4818,Java,2023-01-03T02:30:04Z,2026-03-28T08:15:43Z,1,3,168,57816,4.271186,medium,growing,2
Data_Engineering_Mentorship,https://github.com/OmarEhab007/Data_Engineering_Mentorship,286,48,33056,Java,2023-10-28T22:31:17Z,2026-03-24T13:26:49Z,0,0,49,396672,1.668558,medium,growing,6
BookViewProject,https://github.com/Western-parotia/BookViewProject,285,71,1898,Java,2023-04-07T02:47:33Z,2025-09-26T06:17:15Z,0,0,40,22776,1.104972,medium,growing,3
microservices-full-code,https://github.com/ali-bouali/microservices-full-code,284,187,255,Java,2023-06-02T09:00:15Z,2026-03-25T23:38:58Z,2,0,48,3060,1.398058,medium,growing,1
Hacktoberfest2025,https://github.com/DhanushNehru/Hacktoberfest2025,284,1605,30603,Java,2023-09-30T08:42:16Z,2026-03-14T04:27:39Z,99,296,632,367236,20.835165,high,growing,241
Moonrise,https://github.com/Tuinity/Moonrise,282,28,2123,Java,2023-08-20T23:09:33Z,2026-03-27T17:59:31Z,64,8,477,25476,15.063158,high,growing,11
Hydraulic,https://github.com/GeyserMC/Hydraulic,281,53,5505,Java,2023-05-07T23:11:43Z,2026-03-28T12:18:58Z,18,2,213,66060,6.056872,medium,growing,23
quarkus-langchain4j,https://github.com/quarkiverse/quarkus-langchain4j,281,198,22254,Java,2023-11-13T09:10:27Z,2026-03-27T19:52:51Z,170,37,3549,267048,122.944573,high,growing,131
Canvas,https://github.com/CraftCanvasMC/Canvas,280,47,41955,Java,2023-10-28T02:58:52Z,2026-03-27T16:26:16Z,0,4,1529,503460,52.006803,high,growing,17
iceberg-kafka-connect,https://github.com/databricks/iceberg-kafka-connect,280,66,1039,Java,2023-04-07T02:56:28Z,2026-03-16T04:35:35Z,93,17,320,12468,8.839779,medium,growing,11
kronotop,https://github.com/kronotop/kronotop,280,9,4508,Java,2023-04-03T07:52:04Z,2026-03-18T03:15:03Z,0,0,288,54096,7.926606,medium,growing,2
java-sip-mrcp,https://github.com/laoyin/java-sip-mrcp,280,41,2239,Java,2023-07-12T14:10:02Z,2026-03-26T02:31:57Z,0,0,13,26868,0.393939,low,growing,1
campus-example,https://github.com/oddfar/campus-example,278,48,2415,Java,2023-02-22T14:50:47Z,2026-03-22T12:18:46Z,2,0,14,28980,0.371681,low,growing,2
food-ordering-system,https://github.com/agelenler/food-ordering-system,277,183,77157,Java,2023-08-29T22:00:20Z,2026-03-25T22:43:10Z,1,0,7,925884,0.223167,low,growing,1
chatgpt-stream,https://github.com/NiuXiangQian/chatgpt-stream,276,76,3385,Java,2023-03-23T02:36:17Z,2026-02-09T23:52:48Z,6,0,36,40620,0.980926,low,growing,2
embeddium,https://github.com/FiniteReality/embeddium,276,149,10815,Java,2023-06-23T20:26:12Z,2026-03-27T17:59:30Z,136,8,2642,129780,78.630952,high,growing,102
r2dbc-mysql,https://github.com/asyncer-io/r2dbc-mysql,274,27,3050,Java,2023-03-11T06:09:27Z,2026-03-24T10:55:03Z,18,2,664,36600,17.897574,high,growing,18
c4-cometrue-assignment,https://github.com/C4-ComeTrue/c4-cometrue-assignment,274,31,1472,Java,2023-12-25T12:17:30Z,2026-03-05T09:27:28Z,1,8,7,17664,0.254854,low,growing,18
Microservices-with-Spring-Boot-and-Spring-Cloud-Third-Edition,https://github.com/PacktPublishing/Microservices-with-Spring-Boot-and-Spring-Cloud-Third-Edition,272,230,384,Java,2023-03-09T18:10:02Z,2026-03-20T00:59:27Z,3,4,65,4608,1.750449,medium,growing,6
entralinked,https://github.com/kuroppoi/entralinked,271,28,1023,Java,2023-06-22T19:58:31Z,2026-03-27T08:24:29Z,17,2,125,12276,3.716551,medium,growing,1
hellodata-be,https://github.com/kanton-bern/hellodata-be,266,24,37835,Java,2023-10-27T07:59:48Z,2026-03-28T12:21:27Z,1,2,2578,454020,87.587769,high,growing,15
vulkanite,https://github.com/MCRcortex/vulkanite,266,25,433,Java,2023-06-24T11:54:50Z,2026-03-25T13:24:24Z,14,4,130,5196,3.869048,medium,growing,5
app-store-server-library-java,https://github.com/apple/app-store-server-library-java,265,61,787,Java,2023-05-31T00:34:10Z,2026-03-23T00:26:59Z,1,7,224,9444,6.511628,medium,growing,15
spring-modulith-with-ddd,https://github.com/xsreality/spring-modulith-with-ddd,263,33,134,Java,2023-11-03T22:21:01Z,2026-03-27T00:49:22Z,0,3,71,1608,2.434286,medium,growing,2
syson,https://github.com/eclipse-syson/syson,263,74,102168,Java,2023-11-13T09:08:11Z,2026-03-27T17:50:42Z,109,5,1386,1226016,48.013857,high,growing,31
MemShellGene,https://github.com/suizhibo/MemShellGene,263,29,27122,Java,2023-03-09T09:18:24Z,2026-03-25T16:48:35Z,3,0,19,325464,0.511211,low,growing,1
chatgpt,https://github.com/asleepyfish/chatgpt,261,66,177,Java,2023-02-07T06:32:14Z,2026-03-16T01:07:43Z,2,0,90,2124,2.358079,medium,growing,1
lavaplayer,https://github.com/lavalink-devs/lavaplayer,260,54,34779,Java,2023-07-28T12:58:17Z,2026-03-25T07:44:00Z,11,3,767,417348,23.62423,high,growing,41
android_key_logger,https://github.com/37214728aaa/android_key_logger,257,24,132,Java,2023-12-27T12:35:31Z,2026-03-26T22:05:20Z,0,0,2,1584,0.072993,low,growing,1
Sharine,https://github.com/WolfLink-DevTeam/Sharine,257,2,93500,Java,2023-10-24T06:09:42Z,2026-02-22T07:19:54Z,0,0,152,1122000,5.146727,medium,growing,3
crane4j,https://github.com/opengoofy/crane4j,256,39,23200,Java,2023-01-31T10:19:32Z,2026-02-27T02:53:58Z,32,1,557,278400,14.505208,high,growing,14
openautojs,https://github.com/openautojs/openautojs,256,92,356762,Java,2023-02-17T05:04:22Z,2026-03-22T19:01:08Z,8,2,1586,4281144,41.920705,high,growing,15
FreeVPN-App-Flutter,https://github.com/HarshAndroid/FreeVPN-App-Flutter,255,87,92547,Java,2023-05-10T15:45:36Z,2026-03-22T09:51:46Z,2,0,59,1110564,1.680912,medium,growing,2
springboot-developer,https://github.com/shinsunyoung/springboot-developer,254,110,215,Java,2023-02-18T04:51:31Z,2026-03-19T09:12:51Z,14,0,93,2580,2.460317,medium,growing,1
cel-java,https://github.com/google/cel-java,253,32,4815,Java,2023-01-09T22:47:41Z,2026-03-27T21:10:32Z,6,14,798,57780,20.409207,high,growing,35
java-backend-bootcamp,https://github.com/koushikkothagal/java-backend-bootcamp,252,259,8672,Java,2023-01-10T04:33:35Z,2026-03-23T11:11:24Z,9,67,142,104064,3.631714,medium,growing,24
JSource-Obfuscator,https://github.com/luelueking/JSource-Obfuscator,251,47,1358,Java,2023-09-11T12:30:59Z,2026-02-11T03:18:41Z,3,0,22,16296,0.710441,low,growing,2
ShiroAttack2,https://github.com/altEr1125/ShiroAttack2,250,10,30422,Java,2023-05-05T16:52:28Z,2026-01-12T09:04:46Z,2,0,9,365064,0.255198,low,growing,1
hospitalRegistePublic,https://github.com/giteecode/hospitalRegistePublic,249,30,9711,Java,2023-10-25T13:45:53Z,2026-03-28T14:57:59Z,4,0,4,116532,0.135593,low,growing,2
trino-gateway,https://github.com/trinodb/trino-gateway,249,135,9730,Java,2023-07-10T16:59:33Z,2026-03-26T22:15:41Z,116,22,872,116760,26.370968,high,growing,1116
spark-yun,https://github.com/isxcode/spark-yun,249,70,8375,Java,2023-03-15T15:04:04Z,2026-03-28T14:41:25Z,78,0,468,100500,12.660054,high,growing,7
FilelessAgentMemShell,https://github.com/whocansee/FilelessAgentMemShell,249,17,30472,Java,2023-10-31T09:20:56Z,2026-02-22T05:45:45Z,0,0,14,365664,0.477816,low,growing,1
letsPPT,https://github.com/qrpcode/letsPPT,249,46,2014720,Java,2023-09-10T07:07:08Z,2026-03-18T15:14:03Z,2,0,28,24176640,0.903226,low,growing,1
im,https://github.com/merua0oo0/im,248,46,2443,Java,2023-07-07T03:24:48Z,2025-12-29T10:41:41Z,0,0,17,29316,0.512563,low,growing,1
burp-vps-proxy,https://github.com/d3mondev/burp-vps-proxy,246,29,194,Java,2023-04-03T17:12:39Z,2026-03-05T03:00:06Z,1,0,45,2328,1.239669,medium,growing,1
skrstop-components,https://github.com/skrstop/skrstop-components,246,30,3963,Java,2023-11-28T05:33:50Z,2026-03-26T03:23:52Z,0,0,271,47556,9.553467,medium,growing,3
BankingPortal-API,https://github.com/abhi9720/BankingPortal-API,244,193,38521,Java,2023-07-22T16:05:10Z,2026-03-22T12:37:42Z,5,3,85,462252,2.602041,medium,growing,8
ExchangeOWA,https://github.com/KrystianLi/ExchangeOWA,243,21,2271,Java,2023-02-14T01:34:38Z,2026-03-11T05:58:05Z,1,0,13,27252,0.342707,low,growing,1
java-interview,https://github.com/Top4IkRu/java-interview,243,6,1449,Java,2023-01-02T06:56:45Z,2026-01-06T13:37:55Z,0,0,161,17388,4.089754,medium,growing,1
cffu,https://github.com/foldright/cffu,241,34,4242,Java,2023-02-13T04:56:53Z,2026-03-26T13:12:03Z,4,3,933,50904,24.574188,high,growing,6
ginyi-spring-vue,https://github.com/Ginyi3705/ginyi-spring-vue,241,8,3374,Java,2023-04-04T06:43:15Z,2026-03-10T14:43:40Z,0,0,188,40488,5.179063,medium,growing,1
react-native-troika,https://github.com/listenzz/react-native-troika,241,43,16165,Java,2023-04-18T16:24:27Z,2026-03-27T03:59:17Z,11,0,464,193980,12.948837,high,growing,6
sql-analysis,https://github.com/jd-opensource/sql-analysis,241,44,95,Java,2023-10-25T08:59:26Z,2026-03-26T02:43:04Z,5,4,21,1140,0.711864,low,growing,11
redstonetools-mod,https://github.com/RedstoneTools/redstonetools-mod,239,48,1597,Java,2023-02-03T18:13:11Z,2026-03-21T13:26:06Z,17,1,1085,19164,28.353659,high,growing,23
qi-api,https://github.com/qimu666/qi-api,238,58,311,Java,2023-09-01T14:20:35Z,2026-03-19T07:26:24Z,0,0,36,3732,1.15016,medium,growing,2
lwjgl3ify,https://github.com/GTNewHorizons/lwjgl3ify,238,59,2528,Java,2023-01-14T22:28:57Z,2026-03-25T03:39:06Z,61,4,335,30336,8.604452,medium,growing,161
0x7eTeamTools,https://github.com/0x7eTeam/0x7eTeamTools,238,14,5965,Java,2023-12-28T15:21:02Z,2026-03-06T05:27:24Z,8,0,19,71580,0.694275,low,growing,1
ghidra-nativeaot,https://github.com/Washi1337/ghidra-nativeaot,238,24,2325,Java,2023-11-16T21:31:06Z,2026-03-28T04:24:46Z,2,0,30,27900,1.044084,medium,growing,4
fofaEX,https://github.com/10cks/fofaEX,237,13,382,Java,2023-12-07T13:46:27Z,2026-03-05T02:48:38Z,5,1,185,4584,6.591449,medium,growing,1
bms-to-inverter,https://github.com/ai-republic/bms-to-inverter,237,37,43341,Java,2023-08-27T06:12:50Z,2026-03-28T08:58:21Z,19,0,571,520092,18.146186,high,growing,5
2023-hang-log,https://github.com/woowacourse-teams/2023-hang-log,236,19,160545,Java,2023-06-29T01:23:06Z,2026-01-25T10:45:32Z,11,1,1806,1926540,54.017946,high,growing,9
multi-channel-message-reach,https://github.com/Manzzx/multi-channel-message-reach,236,68,25065,Java,2023-12-04T05:10:13Z,2026-03-25T07:50:52Z,10,0,85,300780,3.017751,medium,growing,2
java,https://github.com/eazybytes/java,235,123,466,Java,2023-03-11T09:24:56Z,2026-03-27T18:08:17Z,1,1,97,5592,2.614555,medium,growing,1
HypixelSkyBlock,https://github.com/Swofty-Developments/HypixelSkyBlock,233,76,160368,Java,2023-12-14T09:51:15Z,2026-03-28T14:45:59Z,23,15,2411,1924416,86.622754,high,growing,30
sonar,https://github.com/jonesdevelopment/sonar,232,29,4754,Java,2023-05-19T16:00:22Z,2026-03-23T14:52:08Z,3,0,1582,57048,45.45977,high,growing,11
shardingsphere-jdbc-demo,https://github.com/makemyownlife/shardingsphere-jdbc-demo,231,88,781,Java,2023-02-03T10:15:03Z,2026-03-20T18:56:29Z,5,1,197,9372,5.143603,medium,growing,1
IGexperiments,https://github.com/xHookman/IGexperiments,231,16,7977,Java,2023-02-14T17:11:50Z,2026-03-17T01:38:52Z,1,0,294,95724,7.750439,medium,growing,4
daydayEXP,https://github.com/bcvgh/daydayEXP,230,21,431,Java,2023-08-18T01:21:53Z,2026-03-26T17:48:25Z,6,0,8,5172,0.251836,low,growing,1
toNeko,https://github.com/CSneko/toNeko,230,16,307723,Java,2023-09-26T14:27:19Z,2026-03-28T12:51:15Z,38,0,527,3692676,17.297593,high,growing,8
chatgpt-springboot-service,https://github.com/zccbbg/chatgpt-springboot-service,229,81,1128,Java,2023-02-16T15:09:26Z,2026-02-09T15:03:38Z,1,0,25,13536,0.660211,low,growing,3
Legacy-Minecraft,https://github.com/Wilyicaro/Legacy-Minecraft,228,79,178762,Java,2023-12-29T08:27:13Z,2026-03-27T08:18:47Z,74,4,877,2145144,32.085366,high,growing,17
minecraft-fakeplayer,https://github.com/tanyaofei/minecraft-fakeplayer,228,45,1110,Java,2023-07-18T07:58:28Z,2026-03-23T17:17:00Z,62,4,441,13320,13.445122,high,growing,2
llama2.java,https://github.com/mukel/llama2.java,227,26,134,Java,2023-08-02T10:54:38Z,2026-02-27T21:58:48Z,2,0,38,1608,1.176471,medium,growing,4
qianfan-starter,https://github.com/Akika404/qianfan-starter,226,46,798,Java,2023-07-21T09:05:27Z,2026-02-13T14:16:58Z,9,1,460,9576,14.067278,high,growing,2
DisableTargetAPIBlock,https://github.com/buttercookie42/DisableTargetAPIBlock,225,17,230,Java,2023-12-12T22:08:24Z,2026-03-21T18:34:05Z,0,1,35,2760,1.255981,medium,growing,2
PPPYSO,https://github.com/Whoopsunix/PPPYSO,223,25,33372,Java,2023-12-25T08:22:34Z,2026-03-16T08:15:47Z,2,0,108,400464,3.932039,medium,growing,1
server,https://github.com/small-bears/server,222,5,27745,Java,2023-02-13T03:12:40Z,2026-03-25T12:13:38Z,3,0,8,332940,0.210711,low,growing,1
xrpc,https://github.com/yj8023xx/xrpc,222,0,503,Java,2023-06-16T13:51:08Z,2026-02-22T07:25:34Z,1,0,164,6036,4.84252,medium,growing,1
PyCript,https://github.com/Anof-cyber/PyCript,220,35,1448,Java,2023-01-25T16:33:50Z,2026-03-15T06:33:28Z,0,0,135,17376,3.497409,medium,growing,5
Apna-College-AlphaBatch-DSA-JAVA,https://github.com/mandartule/Apna-College-AlphaBatch-DSA-JAVA,220,69,65907,Java,2023-10-09T09:57:07Z,2026-03-28T06:33:43Z,0,0,23,790884,0.765816,low,growing,2
vfx,https://github.com/wkgcass/vfx,218,38,10995,Java,2023-01-17T12:14:44Z,2026-03-20T09:04:29Z,0,0,85,131940,2.186964,medium,growing,1
ruoyi-mall,https://github.com/zccbbg/ruoyi-mall,218,38,3971,Java,2023-01-09T02:07:48Z,2026-03-12T09:23:25Z,0,0,295,47652,7.53833,medium,growing,6
lucene-university,https://github.com/msfroh/lucene-university,214,36,978,Java,2023-11-21T19:00:35Z,2026-02-26T08:17:11Z,14,1,35,11736,1.225204,medium,growing,9
yucongming-java-sdk,https://github.com/liyupi/yucongming-java-sdk,213,23,631,Java,2023-05-09T08:11:29Z,2026-02-21T02:50:15Z,13,0,24,7572,0.683112,low,growing,3
Cleaner-Royall,https://github.com/araafroyall/Cleaner-Royall,213,15,12538,Java,2023-06-23T05:18:51Z,2026-03-26T08:40:39Z,1,0,1779,150456,52.893954,high,growing,2
hexagonal-architecture-java,https://github.com/SvenWoltmann/hexagonal-architecture-java,211,68,1144,Java,2023-05-31T20:18:58Z,2026-03-27T10:12:56Z,0,5,52,13728,1.513094,medium,growing,1
DroidFrida,https://github.com/ac3ss0r/DroidFrida,211,36,81068,Java,2023-05-05T12:06:37Z,2026-03-23T05:42:50Z,6,0,12,972816,0.340265,low,growing,2
blur-view,https://github.com/candlefinance/blur-view,209,6,12272,Java,2023-02-15T12:56:10Z,2026-02-24T10:06:45Z,2,0,23,147264,0.60686,low,growing,4
CodeQL-Community-Packs,https://github.com/GitHubSecurityLab/CodeQL-Community-Packs,208,23,2780,Java,2023-09-13T10:52:16Z,2026-03-25T09:15:02Z,5,10,457,33360,14.789644,high,growing,11
ghidra-emotionengine-reloaded,https://github.com/chaoticgd/ghidra-emotionengine-reloaded,206,12,662,Java,2023-01-14T21:37:19Z,2026-03-28T02:07:12Z,9,0,408,7944,10.479452,high,growing,17
second-hand-trading,https://github.com/bsxj97/second-hand-trading,206,17,1695,Java,2023-09-01T15:15:05Z,2026-03-23T10:49:31Z,0,0,3,20340,0.095847,low,growing,2
spring-boot-microservices,https://github.com/safa-yesilyurt/spring-boot-microservices,205,106,6274,Java,2023-07-26T00:18:30Z,2026-03-25T13:24:33Z,1,0,42,75288,1.290984,medium,growing,3
SmartGlassesManager,https://github.com/Mentra-Community/SmartGlassesManager,204,30,633466,Java,2023-01-22T01:45:31Z,2026-03-27T22:51:50Z,0,2,557,7601592,14.392765,high,growing,8
WK-Proxy,https://github.com/catas-w/WK-Proxy,203,24,22069,Java,2023-02-13T16:41:08Z,2026-03-26T01:23:27Z,5,0,345,264828,9.086918,medium,growing,3
react-native-z-view,https://github.com/intergalacticspacehighway/react-native-z-view,202,5,366,Java,2023-08-30T11:29:04Z,2026-03-11T06:54:42Z,5,0,15,4392,0.478215,low,growing,1
Spring-Boot-Microservices-Banking-Application,https://github.com/kartik1502/Spring-Boot-Microservices-Banking-Application,202,154,468,Java,2023-08-07T11:17:49Z,2026-03-27T11:00:08Z,0,0,117,5616,3.641079,medium,growing,1
capacitor-mlkit,https://github.com/capawesome-team/capacitor-mlkit,201,81,1144,Java,2023-02-21T18:54:59Z,2026-03-27T17:42:02Z,22,3,186,13728,4.938053,medium,growing,17
audit-java,https://github.com/ReAbout/audit-java,200,20,910,Java,2023-12-18T10:24:55Z,2026-02-28T09:00:07Z,1,0,5,10920,0.180505,low,growing,1
WurstCN,https://github.com/dingzhen-vape/WurstCN,198,2,46372,Java,2023-05-28T15:10:22Z,2026-03-28T03:29:03Z,0,0,72,556464,2.086957,medium,growing,1
ChatGPTForTelegram,https://github.com/kylelin1998/ChatGPTForTelegram,197,22,214,Java,2023-03-22T12:21:50Z,2026-03-02T05:49:16Z,1,2,66,2568,1.796733,medium,growing,1
MindustryToolMod,https://github.com/MindustryTool/MindustryToolMod,196,17,3855,Java,2023-08-08T13:59:13Z,2026-03-28T15:14:37Z,0,0,1134,46260,35.327103,high,growing,8
continew-starter,https://github.com/continew-org/continew-starter,196,67,3853,Java,2023-11-16T15:48:18Z,2026-03-28T06:25:22Z,1,1,666,46236,23.151796,high,growing,20
BucketVulTools,https://github.com/libaibaia/BucketVulTools,195,5,1384,Java,2023-08-04T14:51:25Z,2026-03-28T06:12:34Z,2,0,8,16608,0.24819,low,growing,1
ayunpictojava,https://github.com/ayunami2000/ayunpictojava,195,32,1535,Java,2023-05-14T23:56:46Z,2026-03-02T20:58:30Z,6,2,83,18420,2.375954,medium,growing,4
JavaVision,https://github.com/javpower/JavaVision,193,32,288362,Java,2023-11-10T01:57:37Z,2026-03-26T04:30:42Z,4,0,7,3460344,0.241657,low,growing,1
TermuC,https://github.com/RainbowC0/TermuC,192,16,3583,Java,2023-05-21T07:57:03Z,2026-03-28T13:37:19Z,9,0,90,42996,2.591171,medium,growing,6
unlogged-sdk,https://github.com/unloggedio/unlogged-sdk,192,18,6350,Java,2023-05-28T07:54:37Z,2026-03-28T06:08:12Z,22,0,624,76200,18.086957,high,growing,7
Forge-Tutorial-1.20.X,https://github.com/Tutorials-By-Kaupenjoe/Forge-Tutorial-1.20.X,191,65,3622,Java,2023-06-27T08:58:27Z,2026-03-26T20:49:56Z,10,1,45,43464,1.343284,medium,growing,1
go-orm-helper,https://github.com/johnmai-dev/go-orm-helper,191,11,43594,Java,2023-07-02T08:35:29Z,2026-03-02T01:27:37Z,2,6,1074,523128,32.22,high,growing,47
pgCompare,https://github.com/CrunchyData/pgCompare,190,48,1450,Java,2023-11-27T14:41:37Z,2026-03-28T05:24:59Z,2,1,222,17400,7.816901,medium,growing,73
TikTokLiveJava,https://github.com/jwdeveloper/TikTokLiveJava,188,53,20351,Java,2023-08-05T16:15:22Z,2026-03-28T05:31:22Z,0,1,600,244212,18.63354,high,growing,11
podcast2,https://github.com/yajuhua/podcast2,188,13,224857,Java,2023-10-04T15:17:00Z,2026-03-24T08:55:06Z,5,1,748,2698284,24.768212,high,growing,1
MeteorCN,https://github.com/dingzhen-vape/MeteorCN,188,6,15749,Java,2023-11-05T01:53:52Z,2026-03-27T10:48:42Z,0,0,21,188988,0.720824,low,growing,1
canal2sql,https://github.com/zhuchao941/canal2sql,188,49,91,Java,2023-12-14T07:31:41Z,2026-03-24T03:25:53Z,8,2,81,1092,2.91018,medium,growing,2
Microbot,https://github.com/chsami/Microbot,185,498,164360,Java,2023-08-13T07:24:30Z,2026-03-28T09:04:11Z,11,1,23162,1972320,725.323591,high,growing,387
nexus,https://github.com/StephenFaust/nexus,185,11,152,Java,2023-05-11T07:18:33Z,2026-03-26T11:40:56Z,1,0,55,1824,1.568441,medium,growing,1
langboot,https://github.com/hkh1012/langboot,185,54,14695,Java,2023-07-14T14:29:22Z,2026-03-28T05:26:40Z,2,1,119,176340,3.61336,medium,growing,1
termux-apps,https://github.com/termux-play-store/termux-apps,184,30,93616,Java,2023-10-24T18:52:18Z,2026-03-27T05:48:09Z,10,2,1774,1123392,60.135593,high,growing,6
Java_Complete_Youtube,https://github.com/Complete-Coding/Java_Complete_Youtube,184,118,34693,Java,2023-12-11T16:55:24Z,2026-03-26T21:33:22Z,0,0,23,416316,0.823389,low,growing,1
Arity,https://github.com/woheller69/Arity,183,7,1692,Java,2023-01-19T19:48:46Z,2026-03-23T03:48:41Z,4,0,107,20304,2.760103,medium,growing,8
Vue_BookManageSystem_backend,https://github.com/luoye6/Vue_BookManageSystem_backend,183,16,730,Java,2023-02-25T03:16:30Z,2026-03-15T05:38:50Z,0,0,51,8760,1.357587,medium,growing,1
tsfile,https://github.com/apache/tsfile,183,92,25138,Java,2023-11-17T08:07:14Z,2026-03-27T03:27:20Z,22,39,1458,301656,50.742459,high,growing,123
codeshell-intellij,https://github.com/WisdomShell/codeshell-intellij,182,38,3626,Java,2023-10-18T06:29:13Z,2025-12-03T12:32:50Z,39,1,37,43512,1.244395,medium,growing,7
chatgpt-android,https://github.com/worktool/chatgpt-android,181,31,11293,Java,2023-03-26T05:11:16Z,2026-03-16T06:40:49Z,2,0,14,135516,0.382514,low,growing,1
hexagonal-architecture-spring-boot,https://github.com/arhohuttunen/hexagonal-architecture-spring-boot,181,35,375,Java,2023-03-20T09:56:11Z,2026-03-24T14:44:05Z,0,1,144,4500,3.913043,medium,growing,1
ScreenFilter,https://github.com/cjyyx/ScreenFilter,180,15,40730,Java,2023-07-09T13:42:49Z,2026-03-28T05:12:42Z,12,0,39,488760,1.178248,medium,growing,2
realworld-java21-springboot3,https://github.com/1chz/realworld-java21-springboot3,180,109,1368,Java,2023-03-24T17:27:05Z,2026-03-21T17:48:11Z,1,1,158,16416,4.313012,medium,growing,2
fast-causal-inference,https://github.com/Tencent/fast-causal-inference,180,31,76001,Java,2023-07-05T09:35:26Z,2026-03-26T07:22:56Z,5,0,127,912012,3.821464,medium,growing,9
hello-ebpf,https://github.com/parttimenerd/hello-ebpf,179,20,3878,Java,2023-12-01T20:24:28Z,2026-03-26T07:05:36Z,4,1,251,46536,8.890201,medium,growing,7
Java,https://github.com/sksalahuddin2828/Java,178,58,216,Java,2023-06-05T20:50:14Z,2026-03-25T22:27:07Z,0,0,107,2592,3.128655,medium,growing,1
Assistant,https://github.com/Geniusay/Assistant,177,6,265,Java,2023-03-20T18:26:21Z,2026-03-26T06:50:01Z,0,0,84,3180,2.284678,medium,growing,2
sd4j,https://github.com/oracle/sd4j,177,21,2625,Java,2023-12-12T13:43:36Z,2026-03-26T07:25:40Z,2,0,18,31500,0.645161,low,growing,1749
H2Orestart,https://github.com/ebandal/H2Orestart,177,15,3573,Java,2023-04-09T09:43:37Z,2026-03-28T11:23:32Z,21,0,250,42876,6.918819,medium,growing,3
app-space-android,https://github.com/appspa/app-space-android,175,5,12259,Java,2023-03-21T11:09:26Z,2026-01-20T03:39:05Z,0,0,18,147108,0.489574,low,growing,2
eventbus,https://github.com/likavn/eventbus,175,13,1335,Java,2023-01-06T15:04:19Z,2026-03-26T09:34:46Z,0,0,131,16020,3.338997,medium,growing,1
chatBI,https://github.com/ambition119/chatBI,174,39,326,Java,2023-09-23T03:33:54Z,2026-03-26T03:09:09Z,4,0,4,3912,0.130862,low,growing,1
declarative-gradle,https://github.com/gradle/declarative-gradle,174,36,2130,Java,2023-12-04T21:45:36Z,2026-03-27T15:58:27Z,6,0,846,25560,30.07109,high,growing,51
hwpxlib,https://github.com/neolord0/hwpxlib,173,42,10211,Java,2023-02-15T11:13:57Z,2026-03-26T07:25:03Z,0,0,71,122532,1.873351,medium,growing,2
flutter_v2ray,https://github.com/blueboy-tm/flutter_v2ray,173,80,206681,Java,2023-09-08T21:32:35Z,2026-03-12T01:11:41Z,31,0,58,2480172,1.868958,medium,growing,7
captcha-plus,https://github.com/xingyuv/captcha-plus,173,51,27296,Java,2023-01-13T02:00:35Z,2026-03-03T01:55:48Z,5,1,32,327552,0.820513,low,growing,1
Dhizuku-API,https://github.com/iamr0s/Dhizuku-API,172,23,482,Java,2023-04-21T17:19:13Z,2026-03-24T23:39:11Z,5,0,68,5784,1.904762,medium,growing,3
petAdoptCommunityPublic,https://github.com/giteecode/petAdoptCommunityPublic,172,14,17221,Java,2023-11-24T05:58:33Z,2026-03-20T14:43:32Z,5,0,1,206652,0.035088,low,growing,2
Recaf-Launcher,https://github.com/Col-E/Recaf-Launcher,172,15,551,Java,2023-09-25T20:42:38Z,2026-03-26T06:50:08Z,6,0,118,6612,3.873085,medium,growing,5
verio-house,https://github.com/373675032/verio-house,171,16,11934,Java,2023-10-29T14:50:56Z,2026-01-29T13:33:08Z,0,0,4,143208,0.136209,low,growing,1
keycloak-multi-tenancy,https://github.com/anarsultanov/keycloak-multi-tenancy,171,26,272,Java,2023-01-03T18:45:42Z,2026-03-26T07:52:49Z,1,12,107,3264,2.722646,medium,growing,6
Ekart,https://github.com/jaiswaladi246/Ekart,170,3053,100,Java,2023-05-06T18:48:00Z,2026-03-27T05:30:13Z,1,59,26,1200,0.738636,low,growing,1
equity-calculator,https://github.com/kingtaeyeon/equity-calculator,169,36,494,Java,2023-12-05T10:58:27Z,2026-03-25T03:10:49Z,0,0,13,5928,0.462085,low,growing,1
diyfile,https://github.com/besscroft/diyfile,169,17,2739,Java,2023-01-24T15:02:08Z,2025-12-05T14:47:55Z,3,0,197,32868,5.099223,medium,growing,1
chatgpt-spring-boot-starter,https://github.com/lzhpo/chatgpt-spring-boot-starter,169,30,917,Java,2023-04-02T17:09:24Z,2026-03-25T03:35:15Z,2,1,63,11004,1.732356,medium,growing,1
StethoX,https://github.com/5ec1cff/StethoX,168,26,646,Java,2023-03-09T09:42:52Z,2026-03-27T04:06:04Z,0,0,75,7752,2.017937,medium,growing,2
dormitoryManagerPublic,https://github.com/giteecode/dormitoryManagerPublic,167,18,6946,Java,2023-11-12T04:48:26Z,2026-03-25T09:01:33Z,6,0,1,83352,0.034602,low,growing,2
react-native-blasted-image,https://github.com/xerdnu/react-native-blasted-image,167,15,168,Java,2023-10-15T10:18:17Z,2026-03-04T17:40:58Z,2,0,58,2016,1.944134,medium,growing,5
AudioShare,https://github.com/HeHang0/AudioShare,166,21,655,Java,2023-12-16T08:08:06Z,2026-03-28T13:30:17Z,8,0,37,7860,1.332533,medium,growing,1
FlowMate,https://github.com/usdAG/FlowMate,166,10,702,Java,2023-06-22T15:21:47Z,2026-03-07T11:48:22Z,0,6,75,8424,2.227723,medium,growing,3
ForgifiedFabricAPI,https://github.com/Sinytra/ForgifiedFabricAPI,165,34,11293,Java,2023-06-01T15:55:06Z,2026-03-27T10:48:41Z,23,3,1919,135516,55.838991,high,growing,163
sign-saboteur,https://github.com/d0ge/sign-saboteur,164,15,9264,Java,2023-10-30T09:12:06Z,2026-03-01T18:38:50Z,2,0,37,111168,1.261364,medium,growing,1
WhisperTimeSync,https://github.com/EtienneAb3d/WhisperTimeSync,164,24,2828,Java,2023-02-09T07:47:00Z,2026-03-25T03:28:24Z,8,0,51,33936,1.338583,medium,growing,1
polar,https://github.com/hollow-cube/polar,164,14,72107,Java,2023-05-28T03:19:14Z,2026-03-28T10:09:21Z,5,1,74,865284,2.144928,medium,growing,18
YAGSL_old,https://github.com/Yet-Another-Software-Suite/YAGSL_old,163,49,4605,Java,2023-01-30T03:02:49Z,2026-03-11T23:34:20Z,7,0,164,55260,4.267129,medium,growing,7
CSPTBurpExtension,https://github.com/doyensec/CSPTBurpExtension,163,8,150,Java,2023-11-25T18:28:23Z,2026-03-19T09:03:51Z,1,0,27,1800,0.94959,low,growing,25
ZNPCsPlus,https://github.com/Pyrbu/ZNPCsPlus,163,59,1742,Java,2023-04-17T16:17:05Z,2026-03-24T21:13:44Z,30,1,842,20904,23.475836,high,growing,24
tomato,https://github.com/kgagag/tomato,162,23,81852,Java,2023-10-23T18:25:03Z,2026-03-27T01:32:37Z,2,0,184,982224,6.230248,medium,growing,1
eairp,https://github.com/eairp/eairp,162,55,8349,Java,2023-02-23T15:11:08Z,2026-03-25T05:47:09Z,15,0,1648,100188,43.790965,high,growing,4
plugin-ghidra,https://github.com/RevEngAI/plugin-ghidra,161,18,13552,Java,2023-08-08T14:58:18Z,2026-03-27T19:42:32Z,1,1,435,162624,13.551402,high,growing,12
geekdemo,https://github.com/zhongjinggz/geekdemo,161,65,261,Java,2023-04-02T09:14:40Z,2026-03-23T00:03:12Z,3,1,80,3132,2.199817,medium,growing,1
FATJS,https://github.com/1754048656/FATJS,161,58,5666,Java,2023-04-15T03:29:35Z,2026-03-25T03:40:16Z,3,0,238,67992,6.623377,medium,growing,1
Trinity,https://github.com/trinity-xai/Trinity,160,17,51524,Java,2023-05-26T19:57:32Z,2026-03-24T11:13:48Z,12,0,69,618288,1.998069,medium,growing,3
Kaizoyu,https://github.com/astarivi/Kaizoyu,160,9,14752,Java,2023-06-04T21:26:50Z,2026-03-28T10:48:42Z,5,0,186,177024,5.433301,medium,growing,2
fabric-docs,https://github.com/FabricMC/fabric-docs,160,339,88945,Java,2023-12-29T15:57:08Z,2026-03-28T15:19:53Z,13,6,372,1067340,13.609756,high,growing,101
itcast_interview,https://github.com/shuhongfan/itcast_interview,159,55,193254,Java,2023-09-01T08:14:25Z,2026-03-27T03:51:49Z,0,0,1,2319048,0.031949,low,growing,1
hivemq-edge,https://github.com/hivemq/hivemq-edge,159,41,197686,Java,2023-06-30T10:38:11Z,2026-03-28T05:40:38Z,13,22,2630,2372232,78.742515,high,growing,38
Microservicos-Clone-Twitter,https://github.com/vsouzx/Microservicos-Clone-Twitter,159,9,829,Java,2023-07-11T02:55:27Z,2026-02-22T02:45:36Z,0,0,274,9948,8.294652,medium,growing,3
plantuml-core,https://github.com/plantuml/plantuml-core,158,46,32700,Java,2023-02-13T17:53:25Z,2026-03-24T11:14:13Z,9,0,47,392400,1.239016,medium,growing,4
Android-Stable-diffusion-ONNX,https://github.com/ZTMIDGO/Android-Stable-diffusion-ONNX,158,28,292,Java,2023-04-21T16:13:23Z,2026-01-22T08:20:39Z,13,0,31,3504,0.867537,low,growing,1
PlazmaBukkit,https://github.com/PlazmaMC/PlazmaBukkit,158,16,9676,Java,2023-03-06T08:18:20Z,2026-03-15T13:18:41Z,6,0,127,116112,3.407871,medium,growing,4
Youer,https://github.com/MohistMC/Youer,158,37,29744,Java,2023-10-20T04:05:59Z,2026-03-28T06:27:50Z,16,0,457,356928,15.404494,high,growing,4
ChestnutCMS,https://github.com/liweiyi/ChestnutCMS,157,54,25252,Java,2023-09-27T08:14:08Z,2026-03-24T12:40:50Z,3,0,117,303024,3.844469,medium,growing,2
JavaGPT,https://github.com/FrankCYB/JavaGPT,157,26,1131,Java,2023-04-04T04:06:41Z,2026-03-24T08:33:10Z,4,0,29,13572,0.798898,low,growing,1
Android-Emulator-Detection,https://github.com/reveny/Android-Emulator-Detection,157,38,1446,Java,2023-08-29T13:15:40Z,2026-03-27T01:54:13Z,3,1,37,17352,1.178344,medium,growing,4
studyonline-platform,https://github.com/ChengGuang-Li/studyonline-platform,157,0,1430,Java,2023-12-27T10:26:31Z,2026-02-22T07:17:00Z,0,0,40,17160,1.459854,medium,growing,1
GhidraChatGPT,https://github.com/likvidera/GhidraChatGPT,157,23,462,Java,2023-01-02T12:02:20Z,2026-03-07T18:49:50Z,3,0,9,5544,0.22862,low,growing,3
SettingsFirewall,https://github.com/canyie/SettingsFirewall,157,11,107,Java,2023-05-20T09:21:49Z,2026-03-12T16:25:54Z,1,0,2,1284,0.057526,low,growing,1
Game-Unlocker,https://github.com/rushiranpise/Game-Unlocker,157,44,117,Java,2023-10-18T15:23:20Z,2026-01-06T17:11:44Z,49,3,25,1404,0.840807,low,growing,6
chat-box,https://github.com/felizdevida/chat-box,157,20,2400,Java,2023-09-01T10:07:20Z,2026-01-18T11:09:33Z,0,0,15,28800,0.479233,low,growing,1
RssMonitorTelegramBot,https://github.com/kylelin1998/RssMonitorTelegramBot,155,16,159,Java,2023-02-15T05:12:49Z,2026-03-24T09:19:41Z,1,1,69,1908,1.82058,medium,growing,2
sms-provider-gateway,https://github.com/vnjohn/sms-provider-gateway,155,3,158,Java,2023-03-17T19:07:16Z,2026-03-06T06:19:48Z,1,1,13,1896,0.352622,low,growing,1
yf-exam-lite,https://github.com/yf-team/yf-exam-lite,155,36,7272,Java,2023-08-28T06:54:32Z,2026-03-18T01:57:17Z,1,0,9,87264,0.28632,low,growing,2
spring-boot-multitenancy,https://github.com/ThomasVitale/spring-boot-multitenancy,154,66,407,Java,2023-05-06T17:53:16Z,2026-03-08T14:26:50Z,0,0,19,4884,0.539773,low,growing,1
qiaoqiaoyun,https://github.com/jeecgboot/qiaoqiaoyun,154,54,483388,Java,2023-04-10T01:26:54Z,2026-03-26T13:07:04Z,9,0,142,5800656,3.933518,medium,growing,1
EasyAlbum,https://github.com/BillyWei01/EasyAlbum,154,24,1440,Java,2023-03-27T08:08:16Z,2026-03-18T12:29:56Z,0,0,36,17280,0.984503,low,growing,2
ApkEditor,https://github.com/timscriptov/ApkEditor,154,38,26402,Java,2023-02-08T14:24:43Z,2026-03-28T12:17:45Z,4,0,5,316824,0.131119,low,growing,1
fastcampus-pay,https://github.com/KimByeongKou/fastcampus-pay,154,95,74296,Java,2023-04-09T09:48:56Z,2026-03-16T03:12:39Z,0,0,26,891552,0.719557,low,growing,1
whisper-jni,https://github.com/GiviMAD/whisper-jni,153,27,128,Java,2023-06-10T22:30:46Z,2026-03-24T10:57:20Z,12,5,79,1536,2.321254,medium,growing,3
gb28181-proxy,https://github.com/lunasaw/gb28181-proxy,152,43,21927,Java,2023-10-11T06:56:28Z,2026-03-24T11:04:22Z,14,0,312,263124,10.411568,high,growing,2
spring-boot-clean-architecture,https://github.com/vinimrs/spring-boot-clean-architecture,152,50,950,Java,2023-10-10T00:45:51Z,2026-03-24T09:03:50Z,0,1,11,11400,0.366667,low,growing,1
j_zlm_sdk,https://github.com/lidaofu-hub/j_zlm_sdk,152,28,407056,Java,2023-11-23T11:05:10Z,2026-03-28T09:24:51Z,2,0,84,4884672,2.943925,medium,growing,3
ysogate,https://github.com/H4cking2theGate/ysogate,151,12,347,Java,2023-10-21T13:20:19Z,2026-03-24T12:21:55Z,0,0,78,4164,2.632171,medium,growing,1
crabc-api,https://github.com/pingapi/crabc-api,151,39,77700,Java,2023-03-28T06:04:38Z,2026-03-24T12:39:12Z,1,0,401,932400,10.976277,high,growing,5
huggingassist,https://github.com/woheller69/huggingassist,150,10,706,Java,2023-05-02T12:18:07Z,2026-03-24T21:19:28Z,0,0,39,8472,1.102733,medium,growing,1
altershield,https://github.com/traas-stack/altershield,150,23,1640,Java,2023-04-27T01:29:05Z,2026-03-26T15:10:08Z,7,0,80,19680,2.251407,medium,growing,8
NestedRecyclerView,https://github.com/smuyyh/NestedRecyclerView,149,26,14990,Java,2023-12-04T04:02:40Z,2026-03-20T07:24:23Z,2,0,11,179880,0.390533,low,growing,1
protobuf-maven-plugin,https://github.com/ascopes/protobuf-maven-plugin,148,25,4407,Java,2023-10-08T10:20:44Z,2026-03-26T15:47:07Z,3,1,2540,52884,84.478936,high,growing,16
openai4j,https://github.com/ai-for-java/openai4j,148,57,411,Java,2023-05-21T09:01:36Z,2026-03-26T15:19:03Z,13,2,167,4932,4.808061,medium,growing,15
noisium,https://github.com/Steveplays28/noisium,147,16,35413,Java,2023-10-27T20:08:11Z,2026-03-17T01:55:42Z,7,3,122,424956,4.14966,medium,growing,2
Pl3xMap,https://github.com/granny/Pl3xMap,147,101,33060,Java,2023-10-26T01:14:31Z,2026-03-21T15:38:29Z,38,5,801,396720,27.183258,high,growing,17
XJTUSE-NOTES,https://github.com/yijunquan-afk/XJTUSE-NOTES,147,16,76488,Java,2023-03-04T12:53:38Z,2026-03-15T10:49:11Z,0,0,17,917856,0.455357,low,growing,2
overture-tiles,https://github.com/OvertureMaps/overture-tiles,146,22,193,Java,2023-07-28T04:31:59Z,2026-03-26T15:45:36Z,3,4,184,2316,5.667351,medium,growing,13
kstreamplify,https://github.com/michelin/kstreamplify,145,27,4110,Java,2023-02-13T09:11:40Z,2026-03-26T15:46:44Z,7,1,551,49320,14.51273,high,growing,22
Heavenly-Secrets-Academy,https://github.com/Kiraaaaaaa/Heavenly-Secrets-Academy,145,25,980,Java,2023-11-21T19:38:45Z,2026-03-28T15:22:22Z,2,0,120,11760,4.2007,medium,growing,1
nmmp,https://github.com/timscriptov/nmmp,144,42,1327,Java,2023-07-26T13:05:22Z,2026-03-22T16:37:35Z,9,0,54,15924,1.659836,medium,growing,2
tdd-ddd-demo-java,https://github.com/chrissimon-au/tdd-ddd-demo-java,144,29,171,Java,2023-04-14T10:42:14Z,2026-01-03T06:01:01Z,0,0,120,2052,3.336423,medium,growing,1
wxy-rpc,https://github.com/viego1999/wxy-rpc,144,14,2648,Java,2023-01-06T03:48:44Z,2026-02-22T13:42:16Z,4,0,46,31776,1.172472,medium,growing,2
selling-partner-api-samples,https://github.com/amzn/selling-partner-api-samples,143,70,73363,Java,2023-07-14T13:16:22Z,2026-03-27T10:30:34Z,0,56,355,880356,10.779352,high,growing,34
paimon-webui,https://github.com/apache/paimon-webui,143,65,2322,Java,2023-07-06T06:15:26Z,2026-03-26T15:16:12Z,15,3,266,27864,8.012048,medium,growing,45
EntityLib,https://github.com/Tofaa2/EntityLib,143,25,784,Java,2023-11-27T02:17:41Z,2026-03-20T22:00:35Z,2,0,315,9408,11.091549,high,growing,16
TaSK,https://github.com/BSI-Bund/TaSK,142,9,2659,Java,2023-01-09T07:31:10Z,2026-03-26T14:54:15Z,19,2,8,31908,0.204429,low,growing,5
oyvey-ported,https://github.com/mioclient/oyvey-ported,142,437,2334,Java,2023-11-05T18:10:28Z,2026-03-28T13:12:23Z,1,1,164,28008,5.635739,medium,growing,11
Sunscreen,https://github.com/Combimagnetron/Sunscreen,142,17,23954,Java,2023-08-06T20:41:12Z,2026-03-28T15:55:42Z,0,1,162,287448,5.041494,medium,growing,7
UnlimitedNametags,https://github.com/alexdev03/UnlimitedNametags,141,82,501,Java,2023-10-18T21:40:40Z,2026-03-27T12:16:57Z,6,1,151,6012,5.084175,medium,growing,9
LlmInAction,https://github.com/xiaoymin/LlmInAction,140,35,109,Java,2023-10-10T23:25:33Z,2026-03-02T03:25:14Z,1,0,17,1308,0.567297,low,growing,1
babylon,https://github.com/openjdk/babylon,140,37,1348523,Java,2023-11-06T20:00:16Z,2026-03-27T14:37:00Z,0,3,87027,16182276,2994.048165,high,growing,905
t-dispatch,https://github.com/Touch-Sun/t-dispatch,139,3,149,Java,2023-06-01T10:14:07Z,2026-03-24T01:28:27Z,0,0,63,1788,1.833172,medium,growing,2
CVE-2023-32315-Openfire-Bypass,https://github.com/tangxiaofeng7/CVE-2023-32315-Openfire-Bypass,139,34,267,Java,2023-06-14T09:43:31Z,2026-03-05T02:58:39Z,1,0,7,3204,0.206287,low,growing,1
eclipse-chatgpt-plugin,https://github.com/gradusnikov/eclipse-chatgpt-plugin,139,70,251524,Java,2023-04-18T13:21:47Z,2026-03-24T20:38:26Z,33,5,350,3018288,9.767442,medium,growing,4
hades,https://github.com/ZhongFuCheng3y/hades,138,37,1081,Java,2023-03-20T12:50:43Z,2025-12-27T14:52:10Z,3,0,32,12972,0.869565,low,growing,2
travel,https://github.com/small-bears/travel,138,1,16025,Java,2023-02-13T04:37:10Z,2026-03-25T12:12:52Z,0,0,5,192300,0.131694,low,growing,1
PixelSpoof,https://github.com/RisenID/PixelSpoof,138,21,107,Java,2023-11-17T16:40:02Z,2026-03-07T11:44:41Z,4,0,11,1284,0.382831,low,growing,3
aeyama,https://github.com/Aeyama-Mod/aeyama,138,18,3605,Java,2023-01-01T09:37:38Z,2026-03-01T04:44:18Z,2,0,678,43260,17.208122,high,growing,14
ThinkphpGUI,https://github.com/nex121/ThinkphpGUI,138,12,87,Java,2023-07-23T10:38:50Z,2026-02-12T08:42:49Z,0,0,4,1044,0.122574,low,growing,1
MixinSquared,https://github.com/Bawnorton/MixinSquared,137,5,312,Java,2023-08-19T21:14:22Z,2026-03-26T04:00:47Z,2,0,119,3744,3.753943,medium,growing,4
My-Carbon-Footprint,https://github.com/omairqazi29/My-Carbon-Footprint,137,1,2466,Java,2023-05-20T23:34:32Z,2026-03-09T14:21:06Z,0,0,33,29592,0.950096,low,growing,1
rocket-pt,https://github.com/PlexPt/rocket-pt,137,27,1933,Java,2023-01-25T10:01:50Z,2026-03-23T07:43:14Z,13,14,235,23196,6.088083,medium,growing,4
ValhallaMMO,https://github.com/Athlaeos/ValhallaMMO,136,28,30981,Java,2023-02-05T21:17:46Z,2026-03-27T20:50:20Z,6,2,422,371772,11.04712,high,growing,9
hotel,https://github.com/small-bears/hotel,136,0,4220,Java,2023-05-10T08:38:18Z,2026-03-25T12:13:33Z,0,0,5,50640,0.14245,low,growing,1
Library,https://github.com/Leeson0202/Library,136,14,9543,Java,2023-02-26T05:36:58Z,2026-03-25T03:13:44Z,0,0,82,114516,2.184725,medium,growing,1
user-center-backend,https://github.com/CCCshengjiang/user-center-backend,136,3,106,Java,2023-11-12T08:21:58Z,2026-03-23T11:02:15Z,1,1,30,1272,1.038062,medium,growing,1
rust-maven-plugin,https://github.com/questdb/rust-maven-plugin,136,9,151,Java,2023-01-17T10:34:10Z,2026-03-23T08:33:25Z,7,3,27,1812,0.694683,low,growing,6
MixPet,https://github.com/MixJade/MixPet,135,22,2569,Java,2023-05-25T09:43:41Z,2026-03-24T15:21:44Z,0,0,187,30828,5.404624,medium,growing,1
Nukkit-MOT,https://github.com/MemoriesOfTime/Nukkit-MOT,135,63,65328,Java,2023-08-10T13:21:52Z,2026-03-26T15:42:52Z,16,5,2855,783936,89.125911,high,growing,41
FluidRecyclerView,https://github.com/Helixform/FluidRecyclerView,135,5,864,Java,2023-09-03T15:02:41Z,2026-02-14T08:41:42Z,0,0,31,10368,0.992529,low,growing,2
dragonwell21,https://github.com/dragonwell-project/dragonwell21,135,27,1164086,Java,2023-10-18T07:34:03Z,2026-03-23T06:37:11Z,125,5,77309,13969032,2600.078475,high,growing,787
sample-spring-modulith,https://github.com/piomin/sample-spring-modulith,134,32,117,Java,2023-10-10T10:14:32Z,2026-03-19T18:12:25Z,1,0,118,1404,3.933333,medium,growing,2
ctenopharyngodon-idella,https://github.com/touero/ctenopharyngodon-idella,134,1,3933,Java,2023-04-10T08:39:34Z,2026-02-22T07:21:02Z,0,0,77,47196,2.132964,medium,growing,1
stock-trading,https://github.com/mwangli/stock-trading,133,34,269691,Java,2023-03-20T02:50:55Z,2026-03-28T15:39:00Z,0,0,20,3236292,0.543478,low,growing,4
elte-ik-bsc,https://github.com/Valentinusz/elte-ik-bsc,133,9,178570,Java,2023-03-10T19:45:49Z,2026-03-16T16:14:59Z,0,0,191,2142840,5.148248,medium,growing,2
springboot-3-micro-service-demo,https://github.com/ali-bouali/springboot-3-micro-service-demo,133,64,196,Java,2023-04-23T08:19:37Z,2026-03-05T09:50:25Z,1,0,10,2352,0.280374,low,growing,1
qupath-extension-sam,https://github.com/ksugar/qupath-extension-sam,132,17,205,Java,2023-06-06T16:27:23Z,2026-03-26T04:38:27Z,13,0,102,2460,2.982456,medium,growing,5
Learn-Java-with-Projects,https://github.com/PacktPublishing/Learn-Java-with-Projects,131,83,270,Java,2023-02-06T05:51:46Z,2026-03-26T08:58:04Z,0,1,175,3240,4.581152,medium,growing,9
oracle-certified-professional-java-se-17-practice,https://github.com/khoahd7621/oracle-certified-professional-java-se-17-practice,130,69,2949,Java,2023-02-27T10:36:56Z,2026-03-16T11:08:49Z,0,0,131,35388,3.493333,medium,growing,3
GeorgeMendesMarra,https://github.com/GeorgeMendesMarra/GeorgeMendesMarra,130,78,175445,Java,2023-08-17T18:02:28Z,2026-03-28T09:12:07Z,0,0,1538,2105340,48.41553,high,growing,5
debezium-server,https://github.com/debezium/debezium-server,130,143,2027,Java,2023-01-27T07:50:19Z,2026-03-26T08:06:04Z,0,14,927,24324,24.057093,high,growing,112
user-center-backend-public,https://github.com/liyupi/user-center-backend-public,130,57,493,Java,2023-05-28T04:17:49Z,2026-03-22T11:08:06Z,1,0,2,5916,0.057971,low,growing,1
DocViewer,https://github.com/Victor2018/DocViewer,129,36,81104,Java,2023-09-28T09:17:45Z,2026-03-18T11:15:35Z,25,1,93,973248,3.059211,medium,growing,2
alibabacloud-compute-nest-saas-boost,https://github.com/aliyun/alibabacloud-compute-nest-saas-boost,129,15,62044,Java,2023-11-01T08:19:34Z,2026-03-22T10:51:02Z,0,10,164,744528,5.603645,medium,growing,4
GhidraScripts,https://github.com/advanced-threat-research/GhidraScripts,129,11,302,Java,2023-04-18T07:26:02Z,2026-03-28T02:55:01Z,0,0,26,3624,0.725581,low,growing,3
DeluxeMenus,https://github.com/HelpChat/DeluxeMenus,128,102,595,Java,2023-12-14T23:41:07Z,2026-03-28T09:46:51Z,42,6,237,7140,8.52518,medium,growing,28
stable_diffusion_sketch,https://github.com/jordenyt/stable_diffusion_sketch,128,15,2747,Java,2023-03-17T06:43:31Z,2026-03-10T23:29:03Z,4,0,934,32964,25.311653,high,growing,3
customized-chat,https://github.com/bigcyy/customized-chat,127,31,850,Java,2023-03-20T00:35:43Z,2025-12-14T02:12:37Z,7,0,24,10200,0.652174,low,growing,3
Hoptimator,https://github.com/linkedin/Hoptimator,127,15,2178,Java,2023-04-18T18:59:18Z,2026-03-27T16:54:59Z,1,6,193,26136,5.391061,medium,growing,15
azure-search-openai-demo-java,https://github.com/Azure-Samples/azure-search-openai-demo-java,127,100,14852,Java,2023-09-05T09:28:44Z,2026-03-28T15:28:52Z,5,3,573,178224,18.385027,high,growing,73
open-nga,https://github.com/mlzzen/open-nga,127,2,141328,Java,2023-07-07T14:54:55Z,2026-03-21T03:54:36Z,6,0,1454,1695936,43.839196,high,growing,19
react-native-stallion,https://github.com/stallion-tech/react-native-stallion,127,4,3704,Java,2023-06-09T19:34:59Z,2026-03-28T14:12:52Z,2,5,113,44448,3.317025,medium,growing,4
ApricusFindEvil,https://github.com/AfterSnows/ApricusFindEvil,127,10,1379,Java,2023-12-05T08:45:35Z,2026-02-10T09:27:05Z,1,0,8,16548,0.28436,low,growing,1
relax,https://github.com/shenjingwaa/relax,127,5,306,Java,2023-12-17T14:34:23Z,2026-03-22T10:57:32Z,0,0,141,3672,5.084135,medium,growing,2
TangSengDaoDaoAndroid,https://github.com/TangSengDaoDao/TangSengDaoDaoAndroid,127,129,137805,Java,2023-07-06T01:33:16Z,2026-03-27T17:32:27Z,7,0,106,1653660,3.192771,medium,growing,1
opentelemetry-apm,https://github.com/blueswen/opentelemetry-apm,126,29,14670,Java,2023-08-17T14:19:24Z,2026-03-22T10:38:30Z,3,0,27,176040,0.849057,low,growing,2
GmSSL-Java,https://github.com/GmSSL/GmSSL-Java,126,31,259,Java,2023-03-05T08:46:28Z,2026-03-27T09:03:34Z,19,1,151,3108,4.048257,medium,growing,6
SpringCloud-acimage,https://github.com/ggggborn/SpringCloud-acimage,126,3,32323,Java,2023-01-07T16:31:48Z,2026-03-20T06:27:43Z,1,0,67,387876,1.709184,medium,growing,1
SaltPlayerConverter,https://github.com/Winnie0408/SaltPlayerConverter,126,1,457,Java,2023-09-04T08:32:38Z,2026-03-20T16:05:16Z,0,0,30,5484,0.961538,low,growing,1
fofa_search,https://github.com/thebatmanfuture/fofa_search,126,6,51558,Java,2023-10-25T11:13:47Z,2026-02-13T11:59:27Z,0,0,11,618696,0.372881,low,growing,2
prpc,https://github.com/bruce-pang/prpc,126,10,570,Java,2023-02-16T02:53:18Z,2026-03-22T10:44:41Z,2,0,463,6840,12.227113,high,growing,1
xunfei-spark4j,https://github.com/briqt/xunfei-spark4j,126,17,98,Java,2023-08-13T09:58:47Z,2026-03-22T10:52:56Z,1,1,28,1176,0.876827,low,growing,3
simplest-web,https://github.com/coder-amiao/simplest-web,125,29,4540,Java,2023-06-28T01:42:27Z,2026-02-25T12:38:49Z,3,0,48,54480,1.434263,medium,growing,2
Exposure,https://github.com/mortuusars/Exposure,125,45,10280,Java,2023-06-08T03:22:36Z,2026-03-28T13:08:06Z,30,2,959,123360,28.095703,high,growing,16
developer-device-data-report,https://github.com/Zendure/developer-device-data-report,125,5,225,Java,2023-03-20T09:14:54Z,2026-03-22T10:43:03Z,48,1,69,2700,1.875,medium,growing,3
SkyTakeOut,https://github.com/ODentist/SkyTakeOut,125,27,8869,Java,2023-05-03T02:59:10Z,2026-03-27T14:37:08Z,4,0,21,106428,0.59434,low,growing,1
Saturation-Firepower,https://github.com/RA2EXE/Saturation-Firepower,125,10,21946,Java,2023-07-28T18:43:32Z,2026-03-23T16:19:42Z,1,0,302,263352,9.311408,medium,growing,5
CodeAssist-v3,https://github.com/tyron12233/CodeAssist-v3,125,25,31522,Java,2023-12-22T12:33:38Z,2026-03-26T01:55:03Z,8,0,40,378264,1.451028,medium,growing,1
odin-intellij,https://github.com/obiwan87/odin-intellij,125,11,5196,Java,2023-08-13T00:10:53Z,2026-03-27T06:10:32Z,17,0,846,62352,26.492693,high,growing,6
GoRouter,https://github.com/wyjsonGo/GoRouter,125,12,16936,Java,2023-10-18T13:52:07Z,2026-03-17T10:27:44Z,0,0,384,203232,12.914798,high,growing,1
openai-pdf,https://github.com/thoqbk/openai-pdf,125,15,374,Java,2023-01-28T10:40:02Z,2026-03-14T11:08:05Z,3,0,18,4488,0.467532,low,growing,1
garbage,https://github.com/small-bears/garbage,124,1,12353,Java,2023-02-03T06:27:23Z,2026-03-25T12:13:25Z,0,0,6,148236,0.156658,low,growing,1
cloudclient,https://github.com/cloudclientdev/cloudclient,124,43,10279,Java,2023-01-01T20:46:42Z,2026-03-16T21:27:09Z,0,0,76,123348,1.930567,medium,growing,2
ding-flowable-vue2-enhance,https://github.com/LoveMyOrange/ding-flowable-vue2-enhance,124,23,41246,Java,2023-06-12T02:02:59Z,2025-11-30T13:28:50Z,3,1,276,494952,8.117647,medium,growing,264
FoliaLib,https://github.com/TechnicallyCoded/FoliaLib,124,17,235,Java,2023-04-10T10:31:14Z,2026-03-23T18:09:45Z,2,1,73,2820,2.022161,medium,growing,5
WristAssist,https://github.com/DevEmperor/WristAssist,124,23,113796,Java,2023-03-13T11:00:03Z,2026-03-13T01:06:06Z,10,1,241,1365552,6.507651,medium,growing,3
android-luks,https://github.com/full-disclosure/android-luks,124,8,38825,Java,2023-08-31T07:31:52Z,2026-01-24T08:01:23Z,2,0,37,465900,1.180851,medium,growing,1
DevSecOps-project,https://github.com/praveensirvi1212/DevSecOps-project,124,217,35744,Java,2023-02-23T07:08:03Z,2026-03-17T08:01:07Z,0,0,141,428928,3.746678,medium,growing,1
atguigu-java,https://github.com/xftxyz2001/atguigu-java,123,73,189776,Java,2023-06-04T13:28:12Z,2026-03-28T08:10:39Z,0,0,31,2277312,0.904669,low,growing,1
yuapi-backend-public,https://github.com/liyupi/yuapi-backend-public,123,46,156,Java,2023-05-28T04:19:46Z,2025-12-30T02:05:25Z,0,0,2,1872,0.057971,low,growing,1
fullstack-jwt,https://github.com/serlesen/fullstack-jwt,123,44,893,Java,2023-02-22T07:50:41Z,2026-03-16T11:24:24Z,0,0,2,10716,0.053097,low,growing,1
MinecraftAuth,https://github.com/RaphiMC/MinecraftAuth,123,12,1012,Java,2023-01-04T22:13:12Z,2026-03-27T20:16:37Z,1,0,308,12144,7.843803,medium,growing,5
sofa-serverless,https://github.com/sofastack/sofa-serverless,122,41,270190,Java,2023-04-25T10:06:25Z,2026-03-22T11:00:18Z,14,8,1993,3242280,55.983146,high,growing,33
psc,https://github.com/pinterest/psc,122,19,1417,Java,2023-09-05T23:27:48Z,2026-03-22T09:54:13Z,0,9,100,17004,3.211991,medium,growing,26
NewBingGoGo-MagicURL-java,https://github.com/jianjianai/NewBingGoGo-MagicURL-java,122,1855,107,Java,2023-03-23T05:26:02Z,2026-02-01T13:45:53Z,2,0,57,1284,1.553134,medium,growing,1
MongoPlus,https://github.com/anwena/MongoPlus,122,13,2670,Java,2023-02-23T06:55:29Z,2026-03-22T10:52:36Z,9,0,394,32040,10.469442,high,growing,6
Ketting-1-20-x,https://github.com/kettingpowered/Ketting-1-20-x,122,22,489440,Java,2023-10-27T13:37:02Z,2026-03-22T16:47:59Z,27,0,1217,5873280,41.347678,high,growing,9
rich-2.0,https://github.com/qnpiiz/rich-2.0,121,0,17193,Java,2023-08-10T23:40:34Z,2026-03-08T12:29:26Z,0,0,17,206316,0.53125,low,growing,1
BypassAV-Online,https://github.com/yutianqaq/BypassAV-Online,121,11,11115,Java,2023-12-28T06:22:12Z,2025-11-09T03:34:45Z,1,0,41,133380,1.498173,medium,growing,1
openai-java-sdk,https://github.com/devlive-community/openai-java-sdk,121,26,1534,Java,2023-07-03T09:55:42Z,2026-03-22T10:47:14Z,4,1,147,18408,4.414414,medium,growing,3
smart-classroom-misc,https://github.com/eyebluecn/smart-classroom-misc,120,69,297,Java,2023-05-24T11:41:03Z,2026-03-17T07:19:38Z,2,0,3,3564,0.086622,low,growing,1
SessionAnalytics,https://github.com/Tencent/SessionAnalytics,120,29,8189,Java,2023-03-17T03:13:23Z,2026-03-22T11:08:21Z,9,0,56,98268,1.517615,medium,growing,7
YukeSeko-Interface,https://github.com/YukeSeko/YukeSeko-Interface,120,12,6045,Java,2023-03-28T10:58:33Z,2026-03-26T19:38:43Z,8,0,20,72540,0.547445,low,growing,1
Fly,https://github.com/zozikng/Fly,120,50,8269,Java,2023-05-23T15:04:29Z,2026-03-28T06:01:52Z,4,0,1,99228,0.028846,low,growing,1
JNDI-Injection-Memshell,https://github.com/MUYU212/JNDI-Injection-Memshell,120,10,290,Java,2023-08-24T10:16:06Z,2025-08-30T02:49:44Z,3,1,43,3480,1.362196,medium,growing,1
DreamGrid,https://github.com/ptrpaws/DreamGrid,120,54,19837,Java,2023-04-02T18:44:11Z,2026-02-09T18:41:19Z,4,0,242,238044,6.66055,medium,growing,4
hppt,https://github.com/codingmiao/hppt,120,29,1398,Java,2023-12-22T14:14:27Z,2026-03-26T09:35:41Z,0,0,74,16776,2.684401,medium,growing,1
ozhera,https://github.com/apache/ozhera,119,42,65528,Java,2023-09-08T09:43:53Z,2026-03-27T06:30:26Z,54,11,525,786336,16.899142,high,growing,41
serverchan-demo,https://github.com/easychen/serverchan-demo,119,20,7550,Java,2023-07-16T14:39:30Z,2026-03-13T01:04:49Z,3,0,10,90600,0.30426,low,growing,1
LuminaClient,https://github.com/stormcoph/LuminaClient,119,14,402388,Java,2023-04-09T09:22:12Z,2026-02-15T05:12:54Z,5,0,217,4828656,6.005535,medium,growing,10
toy-msa,https://github.com/joneconsulting/toy-msa,119,53,54231,Java,2023-05-09T23:00:34Z,2026-03-06T07:05:02Z,1,1,26,650772,0.740741,low,growing,1
solxpect,https://github.com/woheller69/solxpect,119,10,4959,Java,2023-04-01T13:28:22Z,2026-03-27T17:53:59Z,4,0,87,59508,2.39011,medium,growing,2
WebCapture,https://github.com/tawhidmonowar/WebCapture,119,15,18846,Java,2023-04-20T13:22:19Z,2026-03-15T01:44:53Z,3,0,318,226152,8.89096,medium,growing,16
ArtifactoryKeygen,https://github.com/Lama3L9R/ArtifactoryKeygen,118,52,530,Java,2023-06-22T17:50:23Z,2026-03-28T07:34:20Z,8,0,9,6360,0.267592,low,growing,3
AdSkipHelper,https://github.com/Giftedcat/AdSkipHelper,118,18,85,Java,2023-08-31T07:36:42Z,2026-02-25T02:42:00Z,3,0,7,1020,0.223404,low,growing,1
page-control,https://github.com/candlefinance/page-control,118,1,372,Java,2023-01-12T22:34:55Z,2026-02-11T09:52:30Z,1,0,11,4464,0.282051,low,growing,3
Teach_Wanted-PreOnBoarding-Backend-Challenge,https://github.com/jaenyeong/Teach_Wanted-PreOnBoarding-Backend-Challenge,118,75,12199,Java,2023-05-08T04:19:03Z,2025-08-04T16:10:45Z,0,0,21,146388,0.597156,low,growing,1
blog,https://github.com/ttkican/blog,118,23,6433,Java,2023-06-18T14:21:32Z,2026-03-21T16:37:24Z,7,0,114,77196,3.372781,medium,growing,6
MuxSystem,https://github.com/muxcraftserver/MuxSystem,118,5,30101,Java,2023-11-24T21:00:06Z,2026-01-24T17:53:13Z,0,0,5,361212,0.175644,low,growing,1
CryptoExchange_TradingPlatform_CoinExchange,https://github.com/bitisanop/CryptoExchange_TradingPlatform_CoinExchange,117,89,53629,Java,2023-12-02T13:34:43Z,2026-02-07T20:49:23Z,1,1,16,643548,0.566706,low,growing,1
bigquery-antipattern-recognition,https://github.com/GoogleCloudPlatform/bigquery-antipattern-recognition,117,33,905,Java,2023-04-28T14:39:47Z,2026-03-16T13:38:33Z,19,9,193,10860,5.43662,medium,growing,476
spring-enterprise-authorization-server,https://github.com/rwinch/spring-enterprise-authorization-server,117,44,86,Java,2023-05-10T02:11:27Z,2026-03-01T12:49:41Z,1,0,10,1032,0.2849,low,growing,1
JvmDowngrader,https://github.com/unimined/JvmDowngrader,117,13,68317,Java,2023-02-27T06:38:22Z,2026-03-28T12:34:35Z,2,0,571,819804,15.226667,high,growing,9
ClickCrystals,https://github.com/clickcrystals-development/ClickCrystals,116,35,39077,Java,2023-03-16T07:38:42Z,2026-03-20T02:50:06Z,3,2,1085,468924,29.377256,high,growing,12
Apache-ActiveMQ-RCE,https://github.com/K4ptor/Apache-ActiveMQ-RCE,116,11,368,Java,2023-10-27T06:32:35Z,2026-02-09T08:27:35Z,0,0,7,4416,0.237826,low,growing,1
Velocitab,https://github.com/WiIIiam278/Velocitab,116,45,4732,Java,2023-02-19T01:36:11Z,2026-03-27T17:20:40Z,5,7,401,56784,10.617829,high,growing,18
FreePaint,https://github.com/pastthepixels/FreePaint,116,11,1111,Java,2023-04-23T20:14:42Z,2026-03-19T21:10:40Z,11,3,171,13332,4.798877,medium,growing,2
corretto-21,https://github.com/corretto/corretto-21,116,39,605924,Java,2023-06-12T20:59:25Z,2026-03-25T08:15:26Z,15,3,78592,7271088,2313.797841,high,growing,151
Bypass_JVM_Verifier,https://github.com/luelueking/Bypass_JVM_Verifier,116,5,1294,Java,2023-09-20T12:13:04Z,2026-02-16T10:30:23Z,0,0,5,15528,0.163043,low,growing,1
NeuralNetworkInAllLangs,https://github.com/dlidstrom/NeuralNetworkInAllLangs,115,9,2488,Java,2023-11-27T16:24:01Z,2026-03-06T02:45:27Z,1,1,124,29856,4.366197,medium,growing,3
rustyconnector-minecraft,https://github.com/Aelysium-Group/rustyconnector-minecraft,115,24,4555,Java,2023-02-25T18:28:00Z,2026-03-15T03:52:53Z,0,0,979,54660,26.083481,high,growing,7
Master-DSA-Questions,https://github.com/boxabhi/Master-DSA-Questions,114,16,118,Java,2023-07-01T15:01:58Z,2026-02-17T09:01:24Z,0,0,2,1416,0.05994,low,growing,1
BIZZAN,https://github.com/BIZZAN-Exchange/BIZZAN,113,78,43110,Java,2023-12-02T23:06:20Z,2026-03-24T04:12:08Z,1,0,42,517320,1.489362,medium,growing,2
Android-SMS-Gateway-MQTT,https://github.com/ibnux/Android-SMS-Gateway-MQTT,113,7,7026,Java,2023-08-04T06:51:02Z,2026-03-19T05:18:49Z,5,0,17,84312,0.527404,low,growing,2
Ghost,https://github.com/ZJU-DAILY/Ghost,113,1,40054,Java,2023-09-26T08:00:35Z,2026-03-21T03:58:13Z,0,0,2,480648,0.065646,low,growing,3
pgvector-java,https://github.com/pgvector/pgvector-java,112,6,148,Java,2023-03-03T19:48:33Z,2026-03-01T02:54:36Z,0,0,213,1776,5.705357,medium,growing,4
Spring4noobs,https://github.com/Edclydson/Spring4noobs,112,1,673,Java,2023-01-13T01:18:11Z,2026-03-17T02:01:12Z,0,0,41,8076,1.051282,medium,growing,2
LSM-Tree,https://github.com/tomfran/LSM-Tree,111,19,1070,Java,2023-05-15T19:42:14Z,2026-03-21T16:27:50Z,0,0,55,12840,1.575931,medium,growing,1
CSGOCaseStatsViewerV2,https://github.com/cantryDev/CSGOCaseStatsViewerV2,111,13,137,Java,2023-06-18T11:57:23Z,2026-03-23T22:38:34Z,9,2,39,1644,1.153846,medium,growing,4
spring-boot-http-clients,https://github.com/maciejwalkowiak/spring-boot-http-clients,111,9,108,Java,2023-04-04T19:56:52Z,2026-03-21T04:01:23Z,1,0,20,1296,0.551471,low,growing,3
WhisperInput,https://github.com/alex-vt/WhisperInput,111,20,69477,Java,2023-02-09T12:53:13Z,2026-03-17T17:35:07Z,0,0,6,833724,0.15748,low,growing,1
mePush,https://github.com/lx5555/mePush,110,4,8226,Java,2023-06-13T13:53:43Z,2026-03-26T01:27:46Z,5,1,42,98712,1.236506,medium,growing,1
BigEvent,https://github.com/BaichuanTang/BigEvent,110,26,209332,Java,2023-11-03T13:50:43Z,2026-03-25T10:51:20Z,0,0,13,2511984,0.445205,low,growing,1
rainbowgum,https://github.com/jstachio/rainbowgum,110,5,1390,Java,2023-09-14T21:15:37Z,2026-03-28T09:29:04Z,8,14,511,16680,16.572973,high,growing,3
springboot-developer-2rd,https://github.com/shinsunyoung/springboot-developer-2rd,110,22,206,Java,2023-10-01T13:38:10Z,2026-03-22T03:12:51Z,15,0,32,2472,1.056106,medium,growing,2
lr2oraja-endlessdream,https://github.com/seraxis/lr2oraja-endlessdream,110,32,340065,Java,2023-12-02T23:41:17Z,2026-03-28T02:37:48Z,43,26,3526,4080780,125.035461,high,growing,63
fakeApiTool-One-API,https://github.com/Yanyutin753/fakeApiTool-One-API,110,13,87748,Java,2023-11-09T08:04:54Z,2026-02-12T08:01:33Z,8,0,40,1052976,1.37931,medium,growing,1
java-algorithm-interview,https://github.com/onlybooks/java-algorithm-interview,110,27,1249,Java,2023-08-29T05:45:24Z,2026-02-25T01:22:41Z,4,0,4,14988,0.127389,low,growing,2
journalApp,https://github.com/chotabheeeeem/journalApp,110,214,95,Java,2023-12-10T16:09:22Z,2026-03-27T20:08:04Z,0,2,21,1140,0.750894,low,growing,2
mountaincore,https://github.com/rossturner/mountaincore,110,20,4877747,Java,2023-03-24T12:51:00Z,2026-03-05T12:32:43Z,0,3,2363,58532964,64.445455,high,growing,2
burp_nu_te_gen,https://github.com/ffffffff0x/burp_nu_te_gen,109,2,456,Java,2023-01-28T16:54:45Z,2026-03-19T03:20:51Z,2,0,20,5472,0.519481,low,growing,9
BLESampleExpo,https://github.com/friyiajr/BLESampleExpo,109,45,838,Java,2023-02-07T03:44:31Z,2026-02-17T18:55:41Z,0,0,2,10056,0.052402,low,growing,1
pro-spring-6,https://github.com/Apress/pro-spring-6,109,82,1424,Java,2023-07-14T10:54:08Z,2026-02-25T07:11:07Z,0,1,29,17088,0.880567,low,growing,3
spring-boot-webrtc-peer2peer,https://github.com/gurkanucar/spring-boot-webrtc-peer2peer,109,38,492,Java,2023-03-29T12:51:13Z,2026-03-22T03:32:10Z,2,1,21,5904,0.575342,low,growing,1
ClazzSearcher,https://github.com/luelueking/ClazzSearcher,108,6,88,Java,2023-07-30T07:12:28Z,2026-01-31T11:49:17Z,1,1,32,1056,0.987654,low,growing,1
BoxPlusPlus,https://github.com/RealSilverMoon/BoxPlusPlus,108,13,20681,Java,2023-06-10T05:45:45Z,2026-01-29T15:28:07Z,5,1,215,248172,6.311155,medium,growing,7
hll-dynamic-res-plugin,https://github.com/HuolalaTech/hll-dynamic-res-plugin,108,21,1822,Java,2023-05-24T03:01:13Z,2025-12-18T09:57:33Z,2,1,5,21864,0.14437,low,growing,3
java-spring-boot-boilerplate,https://github.com/mewebstudio/java-spring-boot-boilerplate,108,38,185,Java,2023-07-24T04:38:35Z,2026-02-16T12:56:44Z,1,1,29,2220,0.889571,low,growing,2
fhir-tools,https://github.com/ballerina-platform/fhir-tools,108,14,1306,Java,2023-04-28T09:38:16Z,2026-03-07T05:47:13Z,0,0,259,15672,7.295775,medium,growing,49
stuSecond-public,https://github.com/giteecode/stuSecond-public,108,18,6022,Java,2023-10-13T07:11:17Z,2026-03-17T13:46:46Z,3,0,3,72264,0.100334,low,growing,2
kafka-for-developers-using-spring-boot-v2,https://github.com/dilipsundarraj1/kafka-for-developers-using-spring-boot-v2,107,186,1036,Java,2023-05-05T20:59:52Z,2026-03-22T10:02:41Z,0,3,15,12432,0.425733,low,growing,2
PESD-Exporter-Extension,https://github.com/doyensec/PESD-Exporter-Extension,107,8,4649,Java,2023-02-14T16:43:19Z,2026-02-11T12:34:02Z,2,0,16,55788,0.421793,low,growing,25
burp-dom-scanner,https://github.com/fcavallarin/burp-dom-scanner,107,17,111,Java,2023-02-15T09:58:52Z,2026-01-11T12:47:43Z,1,0,9,1332,0.237467,low,growing,1
ChatViewer,https://github.com/houqingying/ChatViewer,107,15,2853,Java,2023-10-06T17:17:28Z,2026-03-02T17:05:55Z,1,2,10,34236,0.332226,low,growing,1
quick-boot,https://github.com/csx-bill/quick-boot,107,29,1805,Java,2023-01-27T14:01:34Z,2026-01-31T12:31:51Z,0,0,244,21660,6.33218,medium,growing,3
fnk-server,https://github.com/daxiangme/fnk-server,106,19,2173,Java,2023-12-26T01:55:01Z,2026-02-13T02:53:37Z,1,0,25,26076,0.9113,low,growing,1
optaplanner-quickstarts,https://github.com/kiegroup/optaplanner-quickstarts,106,55,7702,Java,2023-09-14T20:22:41Z,2026-03-27T01:37:54Z,0,4,428,92424,13.881081,high,growing,65
FancyHolograms,https://github.com/FancyMcPlugins/FancyHolograms,106,37,12037,Java,2023-02-18T15:58:56Z,2026-03-10T17:17:10Z,33,4,397,144444,10.502646,high,growing,22
module-ballerina-mqtt,https://github.com/ballerina-platform/module-ballerina-mqtt,106,11,46158,Java,2023-07-24T04:37:02Z,2026-01-31T12:53:12Z,0,0,719,553896,22.055215,high,growing,52
MapleServerAndroid,https://github.com/speedyHKjournalist/MapleServerAndroid,105,25,40503,Java,2023-10-08T10:32:11Z,2026-01-26T06:43:51Z,2,0,65,486036,2.161863,medium,growing,1
Placement_Preparation,https://github.com/JatinKishore/Placement_Preparation,105,49,61906,Java,2023-09-05T03:07:06Z,2026-03-28T16:04:14Z,0,61,432,742872,13.860963,high,growing,27
JEmoji,https://github.com/felldo/JEmoji,105,11,374942,Java,2023-04-28T22:22:42Z,2026-03-23T17:48:44Z,3,1,313,4499304,8.825188,medium,growing,4
swing-toast-notifications,https://github.com/DJ-Raven/swing-toast-notifications,105,22,1628,Java,2023-06-10T11:44:39Z,2026-02-01T04:16:56Z,5,0,30,19536,0.880626,low,growing,1
oaSystemPublic,https://github.com/giteecode/oaSystemPublic,105,12,15145,Java,2023-11-03T02:29:57Z,2026-03-26T11:50:43Z,5,0,1,181740,0.034247,low,growing,2
Photon,https://github.com/Low-Drag-MC/Photon,105,25,2826,Java,2023-06-04T06:40:53Z,2026-03-11T18:42:49Z,6,0,220,33912,6.420233,medium,growing,6
wumei-smart,https://github.com/kerwincui/wumei-smart,104,26,287574,Java,2023-02-18T17:14:25Z,2026-03-18T09:10:34Z,1,0,911,3450888,24.121801,high,growing,11
react-native-unimp,https://github.com/isB1ar/react-native-unimp,104,3,165953,Java,2023-03-13T05:51:31Z,2026-03-24T19:52:10Z,0,1,95,1991436,2.565257,medium,growing,2
Modern-Warfare-Cubed,https://github.com/Cubed-Development/Modern-Warfare-Cubed,104,65,197649,Java,2023-02-24T18:29:45Z,2026-02-10T16:45:54Z,63,8,1450,2371788,38.598048,high,growing,20
CVE-2023-0669,https://github.com/0xf4n9x/CVE-2023-0669,103,23,1301,Java,2023-02-10T13:02:55Z,2025-09-11T02:16:40Z,1,1,21,15612,0.551664,low,growing,1
write-your-own-jvm,https://github.com/aprz512/write-your-own-jvm,103,11,6234,Java,2023-07-13T12:54:59Z,2025-11-15T08:18:06Z,1,0,29,74808,0.879676,low,growing,1
learn-java-core,https://github.com/nbicocchi/learn-java-core,103,43,11194,Java,2023-02-26T19:09:50Z,2026-03-27T22:42:56Z,0,1,101,134328,2.693333,medium,growing,29
qrpc,https://github.com/redvelvets/qrpc,103,2,1206,Java,2023-07-21T07:06:50Z,2026-02-22T07:25:22Z,1,0,43,14472,1.314985,medium,growing,1
ResChiper,https://github.com/goldfish07/ResChiper,103,17,243,Java,2023-09-22T15:21:11Z,2026-03-28T13:14:29Z,13,4,52,2916,1.699346,medium,growing,1
PacketUtils,https://github.com/Ethan-Vann/PacketUtils,103,214,4213,Java,2023-02-22T11:07:56Z,2026-03-27T08:56:16Z,0,0,469,50556,12.451327,high,growing,27
Web3-serverless-analytics-on-aws,https://github.com/tsaol/Web3-serverless-analytics-on-aws,103,10,829,Java,2023-05-17T06:33:13Z,2026-01-31T09:11:43Z,0,0,16,9948,0.458891,low,growing,1
easy-task-scheduler,https://github.com/to-be-experts/easy-task-scheduler,103,2,2404,Java,2023-04-25T11:20:21Z,2026-03-22T03:36:43Z,0,1,8,28848,0.224719,low,growing,3
WechatBackupNoRoot,https://github.com/DarkLineX/WechatBackupNoRoot,103,11,5180,Java,2023-02-03T07:35:22Z,2026-03-13T10:38:33Z,3,0,45,62160,1.174935,medium,growing,1
nabu,https://github.com/Peergos/nabu,103,19,2251,Java,2023-01-12T19:04:50Z,2026-03-21T09:22:07Z,7,0,668,27012,17.128205,high,growing,3
street-drop-server,https://github.com/depromeet/street-drop-server,102,1,36087,Java,2023-04-21T18:47:20Z,2026-02-01T15:31:11Z,14,4,265,433044,7.422969,medium,growing,200
BigGlobe,https://github.com/Builderb0y/BigGlobe,102,7,16343,Java,2023-03-01T23:10:35Z,2026-03-27T17:02:13Z,5,0,757,196116,20.240642,high,growing,1
ShiroUploadTools,https://github.com/LTianHang/ShiroUploadTools,102,6,2807,Java,2023-06-25T01:35:38Z,2026-03-06T08:27:29Z,1,1,11,33684,0.327706,low,growing,1
one-to-one-chat-spring-boot-web-socket,https://github.com/ali-bouali/one-to-one-chat-spring-boot-web-socket,102,44,375,Java,2023-11-16T21:31:58Z,2026-03-11T20:39:19Z,3,1,2,4500,0.069606,low,growing,1
gkvr_system_backend,https://github.com/electronic-pig/gkvr_system_backend,102,16,313,Java,2023-07-14T07:43:52Z,2026-03-17T01:28:32Z,0,0,199,3756,6.04251,medium,growing,3
RabbitMQ-In-Practice,https://github.com/bigdotsoftware/RabbitMQ-In-Practice,102,60,9281,Java,2023-01-09T17:37:19Z,2026-03-09T07:07:42Z,0,0,3,111372,0.076726,low,growing,1
2023-team-by-team,https://github.com/woowacourse-teams/2023-team-by-team,101,2,18947,Java,2023-06-29T01:22:30Z,2026-03-27T04:42:52Z,32,0,553,227364,16.540379,high,growing,8
chatglm-sdk-java,https://github.com/fuzhengwei/chatglm-sdk-java,101,26,196,Java,2023-10-10T13:49:59Z,2026-02-19T17:28:50Z,7,2,67,2352,2.233333,medium,growing,1
simpleIAST,https://github.com/keven1z/simpleIAST,101,10,201280,Java,2023-06-14T14:48:22Z,2026-03-05T08:32:13Z,0,0,91,2415360,2.681729,medium,growing,1
grumpyrest,https://github.com/MartinGeisse/grumpyrest,101,3,825,Java,2023-06-08T08:22:53Z,2026-02-07T00:02:53Z,0,0,436,9900,12.773438,high,growing,1
content-calendar,https://github.com/danvega/content-calendar,101,52,10240,Java,2023-02-15T17:18:52Z,2026-01-22T00:35:43Z,0,0,19,122880,0.501761,low,growing,3
tips4java,https://github.com/tips4java/tips4java,101,9,400,Java,2023-08-19T23:28:35Z,2026-03-16T02:03:22Z,0,0,150,4800,4.731861,medium,growing,1
PseudoDCDimming,https://github.com/dantmnf/PseudoDCDimming,100,10,103,Java,2023-06-11T17:34:23Z,2026-03-23T05:39:11Z,13,0,24,1236,0.705882,low,growing,3
eternal-starlight,https://github.com/LeoMinecraftModding/eternal-starlight,100,14,136747,Java,2023-07-08T12:57:12Z,2026-03-28T15:53:13Z,16,2,1188,1640964,35.855131,high,growing,17
hikvision-spring-boot-starter,https://github.com/waimifeier/hikvision-spring-boot-starter,100,25,624,Java,2023-03-23T08:51:37Z,2026-03-23T15:21:03Z,15,0,80,7488,2.179837,medium,growing,1
socket.d,https://github.com/noear/socket.d,99,12,8318,Java,2023-10-12T13:41:50Z,2026-03-16T10:32:26Z,10,0,1969,99816,65.77951,high,growing,8
jdk21,https://github.com/openjdk/jdk21,99,76,1125538,Java,2023-06-08T06:10:29Z,2026-03-16T10:33:00Z,0,0,74404,13506456,2179.804688,high,growing,122
jerrymouse,https://github.com/michaelliao/jerrymouse,99,29,4681,Java,2023-04-29T00:31:45Z,2026-03-17T12:15:58Z,0,0,90,56172,2.537594,medium,growing,2
exam,https://github.com/baymaxsjj/exam,99,14,4260,Java,2023-03-15T13:34:28Z,2026-03-25T03:15:40Z,2,0,50,51120,1.35257,medium,growing,1
ruoyi-tdesign,https://github.com/ruoyi-tdesign/ruoyi-tdesign,99,31,37955,Java,2023-05-16T02:21:50Z,2026-03-27T10:28:54Z,8,0,1136,455460,32.550143,high,growing,5
pet-app,https://github.com/XJingWei/pet-app,99,22,5345,Java,2023-05-14T11:57:09Z,2026-03-17T09:27:52Z,0,0,14,64140,0.400381,low,growing,1
openstreetmap_h3,https://github.com/igor-suhorukov/openstreetmap_h3,98,11,6301,Java,2023-01-29T08:43:09Z,2026-03-17T12:17:50Z,0,0,79,75612,2.053726,medium,growing,2
spring-security,https://github.com/atquil/spring-security,98,32,3001,Java,2023-10-31T10:58:11Z,2025-11-05T11:24:27Z,0,1,11,36012,0.375427,low,growing,1
TAKWatch,https://github.com/TDF-PL/TAKWatch,98,12,6837,Java,2023-08-28T07:41:51Z,2026-03-13T10:14:13Z,16,0,1,82044,0.031813,low,growing,3
chatGptApiSdk,https://github.com/gulihua10010/chatGptApiSdk,97,24,787,Java,2023-03-01T07:51:08Z,2026-03-18T06:51:43Z,7,0,23,9444,0.614426,low,growing,1
DiskMirror,https://github.com/BeardedManZhao/DiskMirror,97,0,1064,Java,2023-12-10T08:48:34Z,2026-01-27T18:18:22Z,0,0,127,12768,4.54112,medium,growing,1
No50OnlineExaminationManagementSystem,https://github.com/YuLin-Coder/No50OnlineExaminationManagementSystem,97,3,4167,Java,2023-12-06T13:46:12Z,2025-11-03T04:38:02Z,0,0,4,50004,0.142349,low,growing,1
Starsector-Localization-CN,https://github.com/TruthOriginem/Starsector-Localization-CN,97,7,526389,Java,2023-05-06T10:37:05Z,2026-03-28T05:31:57Z,1,0,457,6316668,12.970672,high,growing,5
mosheh,https://github.com/geektcp/mosheh,97,6,459,Java,2023-01-28T09:23:05Z,2026-03-17T09:27:15Z,0,6,200,5508,5.194805,medium,growing,2
KK-Maid,https://github.com/leck995/KK-Maid,97,0,4326,Java,2023-07-20T03:24:43Z,2026-03-22T08:00:52Z,2,0,59,51912,1.802444,medium,growing,1
scoper,https://github.com/haticeerturk/scoper,97,14,9452,Java,2023-04-07T14:29:50Z,2025-10-26T23:36:21Z,0,0,8,113424,0.220994,low,growing,2
GitCraft,https://github.com/WinPlay02/GitCraft,97,18,1426,Java,2023-03-11T14:02:40Z,2026-03-27T08:58:36Z,5,4,408,17112,10.997305,high,growing,8
japp,https://github.com/janex-dev/japp,96,2,1099,Java,2023-09-09T07:51:40Z,2026-03-23T14:47:10Z,0,0,486,13188,15.66058,high,growing,6
spring-modulith-deep-dive,https://github.com/odrotbohm/spring-modulith-deep-dive,96,20,1008,Java,2023-06-22T21:07:09Z,2026-03-04T21:55:12Z,2,1,96,12096,2.854311,medium,growing,2
JellyfinEasyMetadataManager,https://github.com/CesarBianchi/JellyfinEasyMetadataManager,96,9,187936,Java,2023-10-01T21:01:07Z,2026-03-16T10:38:13Z,13,2,220,2255232,7.268722,medium,growing,1
tiny-profiler,https://github.com/parttimenerd/tiny-profiler,96,19,947,Java,2023-03-26T10:23:12Z,2026-03-18T06:36:01Z,0,0,6,11364,0.163934,low,growing,1
JavaObfuscatorTest,https://github.com/huzpsb/JavaObfuscatorTest,95,11,38126,Java,2023-05-13T14:44:05Z,2026-03-26T13:39:22Z,2,0,69,457512,1.971429,medium,growing,11
DnfHelper-Java,https://github.com/code-gopher/DnfHelper-Java,95,8,118,Java,2023-09-18T10:43:43Z,2026-03-17T08:27:31Z,1,0,1,1416,0.032538,low,growing,1
jsonata-java,https://github.com/dashjoin/jsonata-java,95,17,611,Java,2023-07-20T10:22:28Z,2026-03-27T02:37:04Z,16,5,403,7332,12.311609,high,growing,11
flatlaf-dashboard,https://github.com/DJ-Raven/flatlaf-dashboard,95,22,5423,Java,2023-05-21T09:58:30Z,2026-03-18T01:55:06Z,0,0,48,65076,1.381958,medium,growing,1
jdk21u,https://github.com/openjdk/jdk21u,95,179,1158026,Java,2023-06-15T05:23:16Z,2026-03-20T13:47:17Z,0,0,77348,13896312,2281.651917,high,growing,193
jfxcentral2,https://github.com/dlsc-software-consulting-gmbh/jfxcentral2,95,11,29583,Java,2023-04-08T13:05:50Z,2026-03-25T11:33:33Z,24,0,1293,354996,35.751152,high,growing,7
UniMixins,https://github.com/LegacyModdingMC/UniMixins,95,16,1725,Java,2023-02-03T22:19:52Z,2026-03-26T23:57:03Z,11,6,368,20700,9.616725,medium,growing,19
magic-emerge,https://github.com/Magic-Emerge/magic-emerge,95,17,12579,Java,2023-08-10T10:27:31Z,2026-03-18T01:54:50Z,3,0,81,150948,2.528616,medium,growing,1
hp-soa,https://github.com/ldcsaa/hp-soa,95,11,91787,Java,2023-06-29T09:54:51Z,2026-03-17T12:18:25Z,0,0,80,1101444,2.392822,medium,growing,1
KaTool,https://github.com/Karosown/KaTool,95,10,584,Java,2023-01-03T17:30:18Z,2026-03-18T02:30:49Z,0,0,90,7008,2.290076,medium,growing,1
Fabric-Tutorial-1.20.X,https://github.com/Tutorials-By-Kaupenjoe/Fabric-Tutorial-1.20.X,95,21,3590,Java,2023-06-27T13:56:09Z,2026-03-08T13:15:40Z,8,1,46,43080,1.373134,medium,growing,1
trpc-java,https://github.com/trpc-group/trpc-java,94,44,4485,Java,2023-10-19T10:54:11Z,2026-03-17T08:22:41Z,0,6,104,53820,3.501684,medium,growing,19
Agricultural-product-sales-management-system,https://github.com/34426/Agricultural-product-sales-management-system,94,10,40745,Java,2023-03-09T05:31:16Z,2026-03-19T14:43:04Z,2,0,15,488940,0.403587,low,growing,1
serializer,https://github.com/eclipse-serializer/serializer,94,13,2548,Java,2023-04-04T15:53:58Z,2026-03-25T08:39:35Z,10,0,233,30576,6.418733,medium,growing,13
Eaglercraftx-1.8.8-src,https://github.com/Eaglercraft-Archive/Eaglercraftx-1.8.8-src,94,302,125542,Java,2023-11-06T12:21:44Z,2026-03-22T06:21:13Z,5,3,126,1506504,4.329897,medium,growing,2
MemShellKiller,https://github.com/suizhibo/MemShellKiller,94,5,972,Java,2023-03-09T09:27:59Z,2025-12-17T00:27:16Z,1,0,13,11664,0.349776,low,growing,1
gitnex,https://github.com/gitnex-org/gitnex,94,2,34091,Java,2023-05-17T06:24:24Z,2026-03-25T06:31:33Z,0,0,1125,409092,32.265774,high,growing,9
JNDI-injector,https://github.com/Roboterh/JNDI-injector,94,41,1326,Java,2023-03-26T10:44:37Z,2025-12-12T09:32:16Z,1,1,20,15912,0.546448,low,growing,4
chatgpt-java,https://github.com/hongspell/chatgpt-java,94,21,107,Java,2023-12-26T07:56:55Z,2026-03-14T13:30:13Z,2,0,6,1284,0.218712,low,growing,1
CVE-2023-21939,https://github.com/Y4Sec-Team/CVE-2023-21939,94,11,111,Java,2023-08-26T06:45:26Z,2025-11-15T23:26:32Z,0,0,2,1332,0.063492,low,growing,1
archunit-spring,https://github.com/rweisleder/archunit-spring,94,3,142,Java,2023-10-29T10:50:24Z,2026-03-18T01:41:10Z,8,0,92,1704,3.132804,medium,growing,2
datetime233,https://github.com/SolarisNeko/datetime233,94,16,1163,Java,2023-04-23T15:17:44Z,2026-03-18T06:52:42Z,0,0,34,13956,0.953271,low,growing,1
ExtA2DP,https://github.com/anonymix007/ExtA2DP,93,3,29984,Java,2023-05-13T17:05:51Z,2026-03-17T08:14:12Z,7,0,24,359808,0.685714,low,growing,1
javaflame,https://github.com/beothorn/javaflame,93,5,3798,Java,2023-08-22T18:58:50Z,2026-03-16T13:54:42Z,28,0,245,45576,7.753165,medium,growing,1
parquet-carpet,https://github.com/jerolba/parquet-carpet,93,13,2406,Java,2023-02-22T18:14:11Z,2026-03-16T13:55:49Z,3,1,337,28872,8.954827,medium,growing,2
ChatGPT-Avatar-live,https://github.com/RTCWang/ChatGPT-Avatar-live,93,28,155796,Java,2023-04-13T08:10:52Z,2026-02-04T06:08:57Z,1,0,3,1869552,0.083333,low,growing,1
JavaUnserializeChain,https://github.com/FFreestanding/JavaUnserializeChain,93,10,2658,Java,2023-02-04T03:11:37Z,2026-03-28T00:33:18Z,0,0,28,31896,0.731707,low,growing,1
jparse,https://github.com/nats-io/jparse,93,6,627,Java,2023-03-14T00:03:33Z,2026-03-18T06:48:43Z,5,0,137,7524,3.702703,medium,growing,17
DeviceOptimizeHelper,https://github.com/sbmatch/DeviceOptimizeHelper,93,5,21241,Java,2023-09-11T02:10:51Z,2026-03-27T08:25:00Z,2,0,319,254892,10.301399,high,growing,3
BedWars2023,https://github.com/tomkeuper/BedWars2023,93,41,10652,Java,2023-03-30T11:43:27Z,2026-03-28T14:11:30Z,48,3,2951,127824,80.923218,high,growing,58
2023,https://github.com/advent-of-craft/2023,93,69,93189,Java,2023-11-21T11:49:12Z,2025-12-12T19:01:57Z,1,3,108,1118268,3.776224,medium,growing,2
TuGraph-AntGraphLearning,https://github.com/TuGraph-family/TuGraph-AntGraphLearning,93,9,2803,Java,2023-08-21T05:07:15Z,2026-03-18T06:31:28Z,1,0,8,33636,0.252632,low,growing,8
Moonlight,https://github.com/Toxocious/Moonlight,93,48,7183,Java,2023-04-22T04:31:42Z,2026-03-13T07:41:14Z,1,0,48,86196,1.344538,medium,growing,4
academic-report,https://github.com/373675032/academic-report,92,10,14279,Java,2023-12-21T06:59:12Z,2026-03-22T07:10:12Z,0,0,7,171348,0.253623,low,growing,1
TestHub,https://github.com/dromara/TestHub,92,15,13208,Java,2023-08-02T06:54:08Z,2026-03-26T00:56:54Z,1,0,66,158496,2.043344,medium,growing,34
Create-The_Factory_Must_Grow,https://github.com/DrMango14/Create-The_Factory_Must_Grow,92,74,714895,Java,2023-08-27T08:26:02Z,2026-03-26T17:59:21Z,89,4,117,8578740,3.71822,medium,growing,15
grpc-starter,https://github.com/DanielLiu1123/grpc-starter,92,8,2069,Java,2023-04-29T01:13:44Z,2026-03-27T05:28:12Z,1,0,525,24828,14.802632,high,growing,2
chatgpt-web-java,https://github.com/suimz/chatgpt-web-java,92,23,132,Java,2023-04-18T03:50:02Z,2026-03-18T06:59:50Z,1,0,4,1584,0.111628,low,growing,1
PanamaPort,https://github.com/vova7878/PanamaPort,92,6,2801,Java,2023-08-06T09:18:30Z,2026-03-25T01:53:55Z,0,0,986,33612,30.65285,high,growing,1
DNS-Analyzer,https://github.com/The-Login/DNS-Analyzer,91,14,184,Java,2023-06-02T09:48:18Z,2026-02-12T18:58:29Z,1,0,11,2208,0.320388,low,growing,1
love-charity,https://github.com/373675032/love-charity,91,11,15717,Java,2023-11-26T17:33:02Z,2026-03-05T09:52:42Z,0,0,10,188604,0.352113,low,growing,1
lst-bench,https://github.com/microsoft/lst-bench,91,41,4916,Java,2023-04-21T22:32:28Z,2026-02-27T05:48:54Z,19,21,280,58992,7.843137,medium,growing,21
VulDebug,https://github.com/pacemrc/VulDebug,91,13,88,Java,2023-11-30T09:04:04Z,2025-08-20T10:04:52Z,1,0,2,1056,0.070671,low,growing,1
java-langchain,https://github.com/Starcloud-Cloud/java-langchain,91,24,821,Java,2023-08-06T13:46:38Z,2026-03-18T02:13:19Z,0,0,58,9852,1.803109,medium,growing,1
HookFanqie,https://github.com/AoEiuV020/HookFanqie,91,7,157,Java,2023-07-09T13:08:39Z,2026-03-24T03:15:27Z,4,0,47,1884,1.41994,medium,growing,2
xjmusic,https://github.com/xjmusic/xjmusic,91,3,166195,Java,2023-08-03T06:32:52Z,2026-03-26T19:13:17Z,44,0,2059,1994340,63.811983,high,growing,5
artemis-minecraft-anticheat,https://github.com/artemisac/artemis-minecraft-anticheat,91,12,960,Java,2023-02-08T03:23:41Z,2026-02-25T01:11:49Z,8,1,7,11520,0.183566,low,growing,1
test-code-with-architecture,https://github.com/kok202/test-code-with-architecture,91,123,1676,Java,2023-04-11T16:55:03Z,2026-02-20T02:26:47Z,0,0,1,20112,0.027726,low,growing,1
isme-java-serve,https://github.com/DHBin/isme-java-serve,90,29,154,Java,2023-12-13T17:21:04Z,2026-03-22T06:53:54Z,3,0,49,1848,1.760479,medium,growing,2
backend-cardapio-digital,https://github.com/Fernanda-Kipper/backend-cardapio-digital,90,17,311,Java,2023-03-07T01:52:23Z,2026-03-20T12:26:52Z,0,0,8,3732,0.214861,low,growing,2
flower-mall,https://github.com/bsxj97/flower-mall,90,5,4011,Java,2023-09-02T07:47:46Z,2026-03-25T07:51:17Z,1,0,4,48132,0.127932,low,growing,1
smithy-examples,https://github.com/smithy-lang/smithy-examples,90,14,8335,Java,2023-06-01T19:14:32Z,2026-03-17T22:38:31Z,0,4,221,100020,6.436893,medium,growing,24
SensorsOff,https://github.com/LinerSRT/SensorsOff,90,1,315,Java,2023-08-30T12:41:37Z,2026-03-20T20:47:30Z,1,0,13,3780,0.414453,low,growing,1
I18nUpdateMod3,https://github.com/CFPAOrg/I18nUpdateMod3,90,26,135,Java,2023-01-13T18:45:24Z,2026-03-22T04:47:33Z,18,6,64,1620,1.642429,medium,growing,14
practical-testing,https://github.com/wbluke/practical-testing,89,43,129,Java,2023-01-14T04:43:33Z,2026-02-22T10:56:07Z,0,0,1,1548,0.025663,low,growing,1
gfg-dsa-self-paced-course,https://github.com/Kaviarasan-R/gfg-dsa-self-paced-course,89,26,369,Java,2023-02-22T17:22:37Z,2026-02-17T16:22:42Z,0,0,19,4428,0.504872,low,growing,1
AntChainBridge,https://github.com/AntChainOpenLabs/AntChainBridge,89,27,62293,Java,2023-04-24T09:02:19Z,2025-12-21T04:11:36Z,0,4,222,747516,6.230122,medium,growing,8
ysoserialbtl,https://github.com/webraybtl/ysoserialbtl,89,13,7283,Java,2023-03-17T07:50:38Z,2026-01-10T19:09:38Z,1,0,3,87396,0.081301,low,growing,2
yuso-backend-public,https://github.com/liyupi/yuso-backend-public,89,36,495,Java,2023-05-28T04:20:28Z,2026-03-13T11:27:22Z,1,0,2,5940,0.057971,low,growing,1
karaok-AI,https://github.com/EtienneAb3d/karaok-AI,89,3,24526,Java,2023-03-05T07:01:04Z,2026-02-18T14:59:51Z,2,0,29,294312,0.77748,low,growing,2
java-for-everybody,https://github.com/Kalutu/java-for-everybody,88,51,117,Java,2023-04-14T18:06:23Z,2026-03-17T13:54:56Z,2,5,102,1404,2.83859,medium,growing,4
AxiomPaperPlugin,https://github.com/Moulberry/AxiomPaperPlugin,88,54,1123,Java,2023-07-02T10:22:33Z,2026-03-03T16:05:24Z,0,0,265,13476,7.95,medium,growing,7
Shark-Proxy-Pool,https://github.com/Sage520/Shark-Proxy-Pool,88,16,4889,Java,2023-03-24T10:06:06Z,2026-03-08T12:37:52Z,0,0,68,58668,1.854545,medium,growing,1
oauth2-social-login,https://github.com/ali-bouali/oauth2-social-login,88,48,1756,Java,2023-02-10T09:57:44Z,2026-02-10T04:04:06Z,1,1,10,21072,0.262697,low,growing,2
Campus-Recruit,https://github.com/Jackie-LIONS/Campus-Recruit,87,5,15342,Java,2023-11-23T00:22:37Z,2026-03-22T12:38:49Z,0,0,16,184104,0.560748,low,growing,2
amazon-managed-service-for-apache-flink-examples,https://github.com/aws-samples/amazon-managed-service-for-apache-flink-examples,87,49,18551,Java,2023-08-03T07:06:31Z,2026-02-01T18:55:10Z,8,25,165,222612,5.113636,medium,growing,31
2026-bs,https://github.com/xiaou61/2026-bs,87,4,41099,Java,2023-09-01T01:14:29Z,2026-03-17T09:40:33Z,0,0,97,493188,3.099042,medium,growing,3
OdinRunes,https://github.com/leonid20000/OdinRunes,87,10,11018,Java,2023-10-07T05:29:01Z,2026-02-12T13:39:09Z,1,1,31,132216,1.0299,medium,growing,1
ays-be,https://github.com/afet-yonetim-sistemi/ays-be,87,18,2570,Java,2023-02-13T12:59:40Z,2026-03-28T01:47:15Z,0,1,378,30840,9.956102,medium,growing,43
ktg-mes,https://github.com/sparklefire/ktg-mes,87,35,60488,Java,2023-07-10T12:14:02Z,2026-03-26T08:05:28Z,0,0,385,725856,11.643145,high,growing,2
YAGSL-Example,https://github.com/Yet-Another-Software-Suite/YAGSL-Example,86,248,2345,Java,2023-01-30T22:42:04Z,2026-03-11T23:33:56Z,25,4,643,28140,16.744792,high,growing,21
havenask-federation,https://github.com/alibaba/havenask-federation,86,18,397765,Java,2023-03-21T09:41:30Z,2026-02-12T13:56:04Z,19,0,425,4773180,11.559383,high,growing,9
Java-Beginner-Projects,https://github.com/Janani-Balasooriya/Java-Beginner-Projects,86,52,184,Java,2023-10-13T16:55:03Z,2026-03-27T22:57:47Z,3,2,58,2208,1.939799,medium,growing,8
Don-t-Kill,https://github.com/UISSD/Don-t-Kill,86,7,134,Java,2023-02-26T06:15:11Z,2026-03-05T05:57:48Z,1,0,13,1608,0.346359,low,growing,1
hogwarts-artifacts-online,https://github.com/Washingtonwei/hogwarts-artifacts-online,86,20,310,Java,2023-02-26T14:06:11Z,2026-03-20T21:32:37Z,0,0,63,3720,1.678508,medium,growing,1
Google-Bard,https://github.com/LarryDpk/Google-Bard,86,23,581,Java,2023-03-24T07:53:21Z,2026-02-12T14:08:00Z,7,0,54,6972,1.472727,medium,growing,3
Aquarion,https://github.com/Twcash/Aquarion,86,19,314616,Java,2023-10-06T04:06:48Z,2026-03-27T17:15:51Z,0,1,2107,3775392,69.922566,high,growing,15
java-client,https://github.com/qdrant/java-client,86,14,454,Java,2023-11-30T10:21:23Z,2026-03-28T04:06:10Z,2,3,80,5448,2.826855,medium,growing,19
ignition-git-module,https://github.com/AXONE-IO/ignition-git-module,85,46,5708,Java,2023-04-04T16:03:09Z,2026-03-06T06:34:23Z,12,1,28,68496,0.77135,low,growing,2
legado-reader,https://github.com/nancheung/legado-reader,85,22,393,Java,2023-01-31T16:16:44Z,2026-02-09T03:54:40Z,2,0,80,4716,2.083333,medium,growing,2
windward,https://github.com/Flmelody/windward,85,4,493,Java,2023-06-29T11:31:50Z,2026-02-12T16:25:25Z,0,5,368,5916,11.006979,high,growing,1
Spring-Boot-3,https://github.com/alura-es-cursos/Spring-Boot-3,85,50,123,Java,2023-04-21T20:11:22Z,2025-10-10T23:09:42Z,1,1,16,1476,0.448179,low,growing,2
Handwritten-jdk-source-code,https://github.com/lazypatient/Handwritten-jdk-source-code,85,32,84,Java,2023-08-14T17:18:25Z,2026-03-25T03:44:05Z,0,0,46,1008,1.443515,medium,growing,1
spring-video,https://github.com/joejoe2/spring-video,85,19,11799,Java,2023-04-16T06:50:23Z,2026-03-20T14:29:06Z,0,0,5,141588,0.139276,low,growing,1
JVMByteSwapTool,https://github.com/sunwu51/JVMByteSwapTool,85,21,39939,Java,2023-11-26T15:44:38Z,2026-02-11T12:46:30Z,2,0,107,479268,3.763189,medium,growing,3
Wearable-Debug,https://github.com/A5245/Wearable-Debug,85,17,166,Java,2023-08-24T08:56:11Z,2026-03-28T15:34:23Z,1,0,24,1992,0.760296,low,growing,3
fluent,https://github.com/rogerkeays/fluent,85,0,122,Java,2023-06-29T11:02:17Z,2026-02-12T16:57:51Z,6,0,146,1464,4.366899,medium,growing,1
hxBI,https://github.com/adorabled4/hxBI,85,12,237,Java,2023-07-04T04:54:45Z,2026-02-11T12:16:24Z,2,1,76,2844,2.284569,medium,growing,1
AirPower4J,https://github.com/AirPowerTeam/AirPower4J,85,20,2392,Java,2023-07-27T01:24:17Z,2026-03-13T11:14:01Z,0,0,1244,28704,38.276923,high,growing,10
ysoserial-1,https://github.com/957204459/ysoserial-1,85,202,51975,Java,2023-05-04T10:08:20Z,2026-03-26T06:27:14Z,0,0,1,623700,0.028329,low,growing,2
fuji,https://github.com/fuji-fabric/fuji,84,8,82747,Java,2023-08-31T16:03:56Z,2026-03-20T03:47:14Z,19,1,5362,992964,171.12766,high,growing,8
xiliu-lease-tenant,https://github.com/277769738/xiliu-lease-tenant,84,25,1770,Java,2023-05-11T07:23:40Z,2026-01-20T13:48:18Z,0,1,4,21240,0.114068,low,growing,1
nawoj,https://github.com/fujiwarazz/nawoj,84,10,984,Java,2023-12-26T10:13:37Z,2026-02-22T07:16:16Z,0,0,20,11808,0.72904,low,growing,1
rtsp-websocket-server,https://github.com/xingshuangs/rtsp-websocket-server,84,22,1192,Java,2023-06-01T09:48:11Z,2026-03-15T12:15:17Z,2,0,40,14304,1.163919,medium,growing,1
EditorKit,https://github.com/massivemadness/EditorKit,84,11,909,Java,2023-03-02T08:10:57Z,2026-01-18T12:26:04Z,0,0,58,10908,1.550802,medium,growing,1
SkyblockAddons,https://github.com/Fix3dll/SkyblockAddons,83,25,23631,Java,2023-04-29T10:05:55Z,2026-03-28T14:45:57Z,5,0,5367,283572,151.325188,high,growing,76
meeting,https://github.com/He0306/meeting,83,8,905,Java,2023-01-01T07:14:36Z,2026-03-24T15:52:11Z,1,0,4,10860,0.101523,low,growing,1
wakes,https://github.com/Goby56/wakes,83,23,8020,Java,2023-06-21T10:38:13Z,2026-03-08T13:16:13Z,35,0,287,96240,8.51632,medium,growing,9
he4rtoberfest-2023,https://github.com/he4rt/he4rtoberfest-2023,83,130,5489,Java,2023-09-27T19:32:13Z,2025-05-09T02:00:27Z,0,3,885,65868,29.111842,high,growing,117
protobuf-magic,https://github.com/DeiteriyLab/protobuf-magic,83,2,358,Java,2023-07-24T16:07:44Z,2026-01-14T12:30:42Z,1,0,136,4296,4.171779,medium,growing,2
FancyModLoader,https://github.com/neoforged/FancyModLoader,83,57,9727,Java,2023-07-10T15:29:38Z,2026-03-27T00:04:59Z,36,12,837,116724,25.3125,high,growing,59
healthyCheck,https://github.com/scmt1/healthyCheck,83,32,31412,Java,2023-03-14T01:31:49Z,2026-03-12T03:47:44Z,0,0,22,376944,0.594595,low,growing,1
E-Commerce-Website,https://github.com/bhagatanirudh/E-Commerce-Website,83,48,2002,Java,2023-07-31T06:28:56Z,2026-03-13T17:48:09Z,8,0,7,24024,0.216272,low,growing,1
JTOpen,https://github.com/IBM/JTOpen,83,43,111984,Java,2023-02-23T20:42:24Z,2026-03-22T05:24:22Z,34,4,4400,1343808,117.021277,high,growing,36
PIXEstL,https://github.com/gaugo87/PIXEstL,83,13,17674,Java,2023-07-13T20:10:32Z,2026-02-10T19:06:21Z,13,0,70,212088,2.125506,medium,growing,1
world-host,https://github.com/Gaming32/world-host,83,15,1510,Java,2023-02-28T15:51:47Z,2026-03-28T14:45:56Z,55,7,641,18120,17.108541,high,growing,16
kuaizi-ime-android,https://github.com/crazydan-studio/kuaizi-ime-android,82,1,19877,Java,2023-08-14T06:33:25Z,2026-03-10T02:05:22Z,0,0,906,238524,28.401254,high,growing,2
antares-oj-backend,https://github.com/qk-antares/antares-oj-backend,82,7,295,Java,2023-09-04T01:49:07Z,2026-03-22T09:43:18Z,0,0,24,3540,0.769231,low,growing,1
mago-3d-terrainer,https://github.com/Gaia3D/mago-3d-terrainer,82,18,227188,Java,2023-08-11T01:53:27Z,2026-03-27T05:36:51Z,9,0,1542,2726256,48.1875,high,growing,11
JavaDowngrader,https://github.com/RaphiMC/JavaDowngrader,82,8,688,Java,2023-05-13T18:37:50Z,2026-03-25T08:28:19Z,1,1,342,8256,9.780744,medium,growing,6
BoxLang,https://github.com/ortus-boxlang/BoxLang,82,44,27359,Java,2023-06-06T18:30:21Z,2026-03-27T19:47:16Z,0,9,7634,328308,223.434146,high,growing,21
Spartan-AntiCheat,https://github.com/CheatSolutions/Spartan-AntiCheat,82,35,53837,Java,2023-09-12T14:26:19Z,2026-03-18T14:51:02Z,0,0,242,646044,7.823276,medium,growing,1
basyx-java-server-sdk,https://github.com/eclipse-basyx/basyx-java-server-sdk,82,68,20916,Java,2023-03-01T14:57:04Z,2026-03-11T14:28:52Z,71,9,829,250992,22.146037,high,growing,49
GhidraFindcrypt,https://github.com/antoniovazquezblanco/GhidraFindcrypt,82,8,552,Java,2023-04-05T14:29:43Z,2026-03-27T09:54:34Z,1,0,236,6624,6.507353,medium,growing,8
folkmq,https://github.com/noear/folkmq,81,6,7846,Java,2023-11-18T19:09:28Z,2026-03-05T11:18:50Z,5,0,1024,94152,35.72093,high,growing,5
royal-reserve-bank,https://github.com/zoltanvin/royal-reserve-bank,81,46,16850,Java,2023-04-15T17:42:30Z,2026-03-20T20:23:03Z,0,0,77,202200,2.144847,medium,growing,1
SampleCode,https://github.com/BankID/SampleCode,81,25,2380,Java,2023-05-05T14:15:30Z,2026-03-05T19:53:07Z,0,1,11,28560,0.311909,low,growing,1
alex-backend,https://github.com/Biexei/alex-backend,81,31,10183,Java,2023-01-09T01:21:11Z,2026-03-13T08:19:03Z,4,0,315,122196,8.049404,medium,growing,1
debezium-operator,https://github.com/debezium/debezium-operator,81,21,636,Java,2023-05-30T08:36:18Z,2026-03-25T15:18:54Z,0,4,448,7632,13.010649,high,growing,41
AdvancedBackups,https://github.com/HeatherComputer/AdvancedBackups,80,14,2256,Java,2023-04-30T15:49:05Z,2026-03-16T00:44:28Z,27,3,1183,27072,33.386642,high,growing,4
XSpoofSignatures,https://github.com/rushiiMachine/XSpoofSignatures,80,1,174,Java,2023-08-06T20:26:51Z,2026-03-26T20:12:59Z,0,0,24,2088,0.746888,low,growing,1
ClipboardList,https://github.com/HChenX/ClipboardList,80,5,270,Java,2023-12-22T15:07:33Z,2026-03-25T05:34:50Z,2,0,41,3240,1.487304,medium,growing,1
stardust,https://github.com/0xTas/stardust,80,13,797,Java,2023-09-18T19:07:23Z,2026-03-25T23:59:28Z,3,1,463,9564,15.081433,high,growing,2
Chen-API,https://github.com/isxiaochen/Chen-API,80,4,2779,Java,2023-07-28T14:48:41Z,2026-01-27T14:14:12Z,4,0,63,33348,1.940452,medium,growing,1
swing-datetime-picker,https://github.com/DJ-Raven/swing-datetime-picker,80,15,3002,Java,2023-12-17T07:03:14Z,2026-03-11T14:42:21Z,2,0,167,36024,6.021635,medium,growing,3
modulithshop,https://github.com/shsuishang/modulithshop,80,24,40769,Java,2023-10-16T04:20:15Z,2026-03-28T04:44:50Z,1,0,34,489228,1.14094,medium,growing,2
eclipse.copilot,https://github.com/vgcpge/eclipse.copilot,80,11,233,Java,2023-04-16T07:51:26Z,2026-02-24T10:34:39Z,2,0,160,2796,4.456825,medium,growing,2
springcloud1-sample,https://github.com/chenrui-hu1/springcloud1-sample,80,12,974,Java,2023-07-12T07:00:53Z,2026-02-22T07:17:11Z,0,0,9,11688,0.272727,low,growing,1
curso-udemy-microsservicos-padrao-saga-orquestrado,https://github.com/vhnegrisoli/curso-udemy-microsservicos-padrao-saga-orquestrado,80,40,4342,Java,2023-04-14T13:31:01Z,2026-02-28T22:10:22Z,0,0,68,52104,1.890639,medium,growing,1
llm_corpus_quality,https://github.com/jiangnanboy/llm_corpus_quality,79,7,8494,Java,2023-12-12T12:37:35Z,2026-03-20T02:37:40Z,1,0,23,101928,0.824373,low,growing,1
eu-backend,https://github.com/zhaoeryu/eu-backend,79,11,4723,Java,2023-10-20T07:08:37Z,2026-03-08T08:48:40Z,1,0,85,56676,2.865169,medium,growing,1
ViaLegacy,https://github.com/ViaVersion/ViaLegacy,79,3,2539,Java,2023-01-03T21:20:02Z,2026-03-27T17:45:57Z,8,1,494,30468,12.569975,high,growing,15
Re-ARranged-Pixel-Dungeon,https://github.com/Hoto-Mocha/Re-ARranged-Pixel-Dungeon,79,20,174352,Java,2023-11-27T05:56:58Z,2026-03-08T13:37:10Z,17,0,9748,2092224,343.239437,high,growing,4
kaka-shop,https://github.com/373675032/kaka-shop,79,8,22730,Java,2023-12-27T15:17:13Z,2026-02-24T11:42:54Z,0,0,4,272760,0.145985,low,growing,1
sublinks-api,https://github.com/sublinks/sublinks-api,79,17,3217,Java,2023-10-05T01:11:24Z,2026-02-24T11:53:51Z,131,7,941,38604,31.19337,high,growing,27
Spring-3-spring-security-6-Jwt-security-Authentication-authorization,https://github.com/zees007/Spring-3-spring-security-6-Jwt-security-Authentication-authorization,79,31,89,Java,2023-05-20T16:40:33Z,2026-03-04T21:36:01Z,0,0,13,1068,0.373921,low,growing,1
jvm-openai,https://github.com/StefanBratanov/jvm-openai,79,11,1237,Java,2023-12-23T20:48:33Z,2026-02-24T12:10:11Z,5,0,233,14844,8.472727,medium,growing,4
onlineEducationExamPublic,https://github.com/giteecode/onlineEducationExamPublic,79,19,38789,Java,2023-10-19T09:44:20Z,2026-03-22T06:24:43Z,1,0,1,465468,0.03367,low,growing,2
app-icon,https://github.com/candlefinance/app-icon,78,3,592,Java,2023-03-21T15:57:01Z,2025-12-09T07:28:31Z,1,0,21,7104,0.57117,low,growing,3
ydb-java-dialects,https://github.com/ydb-platform/ydb-java-dialects,78,18,756,Java,2023-12-25T18:31:13Z,2026-03-25T08:15:57Z,7,2,296,9072,10.789793,high,growing,35
MyAndroidToolsPro,https://github.com/wangqi060934/MyAndroidToolsPro,78,18,653,Java,2023-10-18T14:32:49Z,2026-03-16T08:25:59Z,0,0,3,7836,0.100897,low,growing,1
ecommerce-microservices,https://github.com/ibatulanandjp/ecommerce-microservices,78,54,2977,Java,2023-09-11T06:22:01Z,2026-03-26T09:05:26Z,0,0,20,35724,0.645856,low,growing,1
m3color,https://github.com/Kyant0/m3color,78,5,490,Java,2023-05-05T12:44:53Z,2026-03-11T22:21:24Z,2,0,53,5880,1.502836,medium,growing,1
tts-edge-java,https://github.com/WhiteMagic2014/tts-edge-java,77,23,89,Java,2023-06-29T08:06:17Z,2026-03-25T08:08:06Z,1,0,54,1068,1.615155,medium,growing,4
MapEngine,https://github.com/MinceraftMC/MapEngine,77,3,495,Java,2023-04-03T17:59:38Z,2026-03-16T15:54:49Z,4,0,152,5940,4.187328,medium,growing,3
OEMUnlockOnBoot,https://github.com/chenxiaolong/OEMUnlockOnBoot,77,9,390,Java,2023-12-30T23:45:13Z,2026-03-09T15:20:04Z,1,0,28,4680,1.026895,medium,growing,1
eventbridge-kafka-connector,https://github.com/aws/eventbridge-kafka-connector,77,8,1558,Java,2023-05-11T11:54:15Z,2026-03-23T15:19:11Z,0,0,1190,18696,33.935361,high,growing,13
spring-ai-azure-workshop,https://github.com/Azure-Samples/spring-ai-azure-workshop,77,49,133,Java,2023-08-29T19:23:40Z,2026-01-25T12:11:00Z,1,3,15,1596,0.478215,low,growing,32
book-bazaar,https://github.com/vincezh2000/book-bazaar,77,20,12038,Java,2023-01-07T07:29:46Z,2025-10-10T03:06:50Z,0,0,4,144456,0.102041,low,growing,1
spring-cloud-ai-music,https://github.com/logonod/spring-cloud-ai-music,77,10,1968,Java,2023-06-06T15:04:44Z,2025-12-24T10:24:52Z,0,0,5,23616,0.146199,low,growing,1
db-scheduler-ui,https://github.com/bekk/db-scheduler-ui,77,26,2658,Java,2023-08-10T11:57:41Z,2026-03-23T10:58:51Z,5,1,305,31896,9.521332,medium,growing,18
BioTech,https://github.com/jammuwu/BioTech,77,12,6831,Java,2023-07-31T01:54:44Z,2026-03-04T04:26:07Z,8,1,173,81972,5.345005,medium,growing,9
ViewfinderView,https://github.com/jenly1314/ViewfinderView,76,13,20551,Java,2023-03-19T13:20:13Z,2026-02-12T05:57:53Z,0,0,28,246612,0.760181,low,growing,1
OPProtector,https://github.com/ka0un/OPProtector,76,2,577,Java,2023-07-12T16:54:37Z,2026-03-20T18:08:27Z,0,0,88,6924,2.666667,medium,growing,2
More_end_rod,https://github.com/CSneko/More_end_rod,76,8,11432,Java,2023-12-31T06:51:00Z,2026-03-21T14:54:22Z,10,0,49,137184,1.797066,medium,growing,2
ucanaccess,https://github.com/spannm/ucanaccess,76,9,7417,Java,2023-09-05T10:57:17Z,2026-03-25T08:09:41Z,2,0,1026,89004,32.919786,high,growing,7
chromadb-java-client,https://github.com/amikos-tech/chromadb-java-client,76,15,1451,Java,2023-07-30T09:12:22Z,2026-03-24T14:09:11Z,20,1,258,17412,7.962963,medium,growing,3
Gluten-Trino,https://github.com/oap-project/Gluten-Trino,76,19,965,Java,2023-08-25T07:18:27Z,2025-09-19T01:13:24Z,6,1,73,11580,2.315011,medium,growing,6
romhack-archive,https://github.com/videogame-archive/romhack-archive,76,4,346617,Java,2023-03-06T14:40:06Z,2025-09-27T00:44:32Z,1,0,513,4159404,13.765653,high,growing,2
VintageFix,https://github.com/embeddedt/VintageFix,76,9,767,Java,2023-05-16T19:31:57Z,2026-03-28T14:45:57Z,35,0,343,9204,9.837476,medium,growing,7
2023-festa-go,https://github.com/woowacourse-teams/2023-festa-go,76,10,5974,Java,2023-06-29T01:21:50Z,2026-02-26T06:34:24Z,33,7,439,71688,13.130608,high,growing,8
BadParcel,https://github.com/pwnipc/BadParcel,76,12,5002,Java,2023-06-12T10:44:59Z,2026-03-27T19:05:10Z,1,0,8,60024,0.235294,low,growing,2
bank-management-system-springboot,https://github.com/Mohammed-eid35/bank-management-system-springboot,76,57,96,Java,2023-08-06T17:12:44Z,2026-03-17T18:22:11Z,2,2,16,1152,0.497409,low,growing,2
Skyllia,https://github.com/Euphillya/Skyllia,76,13,6560,Java,2023-12-16T09:24:59Z,2026-03-28T13:59:38Z,0,1,846,78720,30.468187,high,growing,7
BurpSuiteSharpenerEx,https://github.com/irsdl/BurpSuiteSharpenerEx,76,13,23967,Java,2023-06-05T08:40:51Z,2026-03-06T08:18:45Z,5,0,211,287604,6.163583,medium,growing,4
tech-interview,https://github.com/haru-note/tech-interview,76,14,192,Java,2023-03-28T00:54:45Z,2026-03-13T02:20:11Z,0,1,36,2304,0.985401,low,growing,2
neatlogic-cmdb,https://github.com/neatlogic/neatlogic-cmdb,75,11,11874,Java,2023-02-01T07:16:26Z,2025-12-25T13:40:27Z,0,0,1221,142488,31.8245,high,growing,4
Naturalist,https://github.com/starfish-studios/Naturalist,75,40,12789,Java,2023-10-16T21:54:32Z,2026-03-14T16:39:46Z,2,9,87,153468,2.922732,medium,growing,10
ow-written-nomai-lang,https://github.com/YanWittmann/ow-written-nomai-lang,75,2,55445,Java,2023-08-04T15:52:19Z,2026-03-23T04:07:36Z,0,0,31,665340,0.961737,low,growing,1
ShapeDrawable,https://github.com/getActivity/ShapeDrawable,75,4,609,Java,2023-07-22T12:13:45Z,2026-03-04T04:21:23Z,1,0,7,7308,0.214286,low,growing,1
fabric-imgui-example-mod,https://github.com/florianreuth/fabric-imgui-example-mod,75,9,310,Java,2023-04-23T14:44:51Z,2026-03-27T13:36:32Z,1,0,61,3720,1.71028,medium,growing,6
admin-api-java-sdk,https://github.com/scayle/admin-api-java-sdk,75,0,4088,Java,2023-11-14T11:01:54Z,2026-03-26T14:22:16Z,2,0,459,49056,15.919075,high,growing,6
ImageCraft-Android,https://github.com/YangDai2003/ImageCraft-Android,75,11,58424,Java,2023-09-27T01:50:33Z,2026-03-26T11:07:47Z,4,0,36,701088,1.182913,medium,growing,1
build-server-for-gradle,https://github.com/microsoft/build-server-for-gradle,75,24,1062,Java,2023-04-12T07:59:30Z,2026-03-28T04:48:18Z,32,0,124,12744,3.441258,medium,growing,10000
QtRE,https://github.com/OSUSecLab/QtRE,75,8,106,Java,2023-05-08T15:29:54Z,2025-12-26T04:51:23Z,0,0,8,1272,0.227488,low,growing,2
imitation-xiaohongshu-app,https://github.com/XJingWei/imitation-xiaohongshu-app,74,12,2497,Java,2023-05-15T11:16:48Z,2026-03-18T14:23:33Z,0,0,17,29964,0.486641,low,growing,1
react-native-http-bridge-refurbished,https://github.com/Alwinator/react-native-http-bridge-refurbished,74,28,166,Java,2023-01-28T16:37:02Z,2026-03-12T10:41:57Z,8,2,97,1992,2.519481,medium,growing,12
bank,https://github.com/BrodyGaudel/bank,74,17,2090,Java,2023-08-12T19:16:10Z,2026-03-20T06:19:15Z,0,0,114,25080,3.569937,medium,growing,3
V-ABHelper,https://github.com/King-Maple/V-ABHelper,74,1,9045,Java,2023-10-28T08:42:32Z,2026-03-09T08:04:43Z,0,0,31,108540,1.054422,medium,growing,1
CatVodTVSpider1,https://github.com/syzxasdc/CatVodTVSpider1,74,65,18776,Java,2023-05-23T06:37:10Z,2026-03-23T07:35:49Z,0,0,182,225312,5.25,medium,growing,1
Multiblocked2,https://github.com/Low-Drag-MC/Multiblocked2,74,12,2928,Java,2023-02-11T11:11:31Z,2026-03-27T07:21:18Z,30,0,346,35136,9.097283,medium,growing,7
tams,https://github.com/dyx/tams,73,16,1781,Java,2023-04-16T06:26:41Z,2026-03-12T03:12:36Z,1,0,6,21372,0.167131,low,growing,1
video-hub,https://github.com/Video-Hub-Org/video-hub,73,11,1117,Java,2023-12-23T03:43:13Z,2026-03-24T12:49:22Z,0,0,4,13404,0.145278,low,growing,1
ai-paint-today-BE,https://github.com/tipi-tapi/ai-paint-today-BE,73,4,1216,Java,2023-04-04T16:17:55Z,2026-03-26T09:14:19Z,6,0,877,14592,24.15978,high,growing,6
LocalGPT-Android,https://github.com/ronith256/LocalGPT-Android,73,16,8712,Java,2023-07-29T21:46:44Z,2026-03-19T21:45:26Z,5,0,12,104544,0.37037,low,growing,1
mybatis-xmlreload-spring-boot-starter,https://github.com/wayn111/mybatis-xmlreload-spring-boot-starter,73,22,85,Java,2023-03-19T04:28:44Z,2026-03-23T06:17:40Z,5,0,38,1020,1.031674,medium,growing,2
Android-WorkoutTracker,https://github.com/storyofdavid/Android-WorkoutTracker,73,20,2792,Java,2023-05-18T08:44:03Z,2026-01-13T00:46:11Z,0,0,4,33504,0.114833,low,growing,1
kxmall,https://github.com/zhengkaixing/kxmall,73,16,38073,Java,2023-09-22T01:23:44Z,2026-03-25T10:38:46Z,0,0,464,456876,15.163399,high,growing,3
spring-boot-4-security-7-jwt,https://github.com/MossaabFrifita/spring-boot-4-security-7-jwt,73,21,93,Java,2023-06-27T10:15:47Z,2026-03-23T16:00:42Z,0,0,16,1116,0.477612,low,growing,1
EasyView,https://github.com/lilongweidev/EasyView,73,9,4591,Java,2023-03-24T05:58:06Z,2026-03-04T06:56:05Z,0,0,7,55092,0.190909,low,growing,1
creekrouter_for_android,https://github.com/creekrouter/creekrouter_for_android,73,11,241,Java,2023-01-24T05:12:10Z,2025-01-19T17:43:00Z,0,0,34,2892,0.880069,low,growing,2
easyCrawl,https://github.com/kingschan1204/easyCrawl,72,15,359,Java,2023-04-04T19:59:09Z,2025-12-15T15:39:10Z,0,0,144,4308,3.970588,medium,growing,1
hellospring,https://github.com/tobyspringboot/hellospring,72,31,106,Java,2023-12-30T11:04:35Z,2026-01-29T01:32:24Z,0,0,42,1272,1.538462,medium,growing,3
chatunitest-maven-plugin,https://github.com/ZJU-ACES-ISE/chatunitest-maven-plugin,72,20,41566,Java,2023-06-29T13:10:06Z,2026-03-03T09:08:53Z,4,1,310,498792,9.272183,medium,growing,8
SharedTexture,https://github.com/keith2018/SharedTexture,72,16,214,Java,2023-05-13T09:40:49Z,2026-02-12T08:09:37Z,1,0,2,2568,0.057143,low,growing,1
frida-android-mod-menu,https://github.com/maarsalien/frida-android-mod-menu,72,21,209,Java,2023-07-28T16:56:05Z,2026-02-18T05:39:24Z,3,1,3,2508,0.092402,low,growing,1
SpringBoot-boilerPlate,https://github.com/rimmelasghar/SpringBoot-boilerPlate,72,13,307,Java,2023-06-21T17:53:32Z,2026-02-09T03:56:35Z,0,0,35,3684,1.039604,medium,growing,1
voglander,https://github.com/lunasaw/voglander,72,23,9145,Java,2023-12-27T07:28:18Z,2026-03-25T10:13:13Z,10,0,245,109740,8.941606,medium,growing,1
foundation,https://github.com/commonhaus/foundation,71,39,6463,Java,2023-09-09T01:09:12Z,2026-03-27T15:45:41Z,0,0,583,77556,18.786251,high,growing,52
SpringChallenge2023,https://github.com/CodinGame/SpringChallenge2023,71,28,9271,Java,2023-05-12T12:20:00Z,2025-05-22T21:31:20Z,3,0,45,111252,1.284491,medium,growing,7
CameraScan,https://github.com/jenly1314/CameraScan,71,12,33858,Java,2023-08-05T12:35:16Z,2026-03-21T18:05:14Z,0,0,86,406296,2.670807,medium,growing,1
spring-boot-testjars,https://github.com/spring-projects-experimental/spring-boot-testjars,71,11,380,Java,2023-12-11T18:23:31Z,2026-01-30T18:44:30Z,26,4,216,4560,7.741935,medium,growing,9
ADJump,https://github.com/jingjing0327/ADJump,71,30,118080,Java,2023-08-24T01:35:35Z,2026-03-27T18:31:16Z,0,0,67,1416960,2.122492,medium,growing,1
cedar-java,https://github.com/cedar-policy/cedar-java,71,31,694,Java,2023-04-25T18:22:57Z,2026-03-27T00:07:39Z,8,11,204,8328,5.735708,medium,growing,29
BugBazaar,https://github.com/payatu/BugBazaar,71,10,70274,Java,2023-07-26T05:00:31Z,2026-03-06T17:30:15Z,0,0,367,843288,11.280738,high,growing,6
jdownloader_mirror,https://github.com/mycodedoesnotcompile2/jdownloader_mirror,70,14,433397,Java,2023-11-01T12:09:04Z,2026-03-28T06:10:28Z,0,0,610,5200764,20.842825,high,growing,1
coding-soul-docs,https://github.com/caoaolong/coding-soul-docs,70,10,44726,Java,2023-06-08T10:27:16Z,2026-03-22T12:52:31Z,0,0,153,536712,4.482422,medium,growing,1
geolake,https://github.com/spatialx-project/geolake,70,4,21219,Java,2023-03-02T02:02:50Z,2026-03-01T12:56:46Z,0,0,4032,254628,107.807487,high,growing,155
fireflydb,https://github.com/godcrampy/fireflydb,70,2,98,Java,2023-12-25T11:59:21Z,2026-03-01T12:56:36Z,1,0,14,1176,0.509709,low,growing,1
system_shell_2,https://github.com/wr3cckl3ss/system_shell_2,70,6,16092,Java,2023-05-28T22:22:49Z,2025-12-27T16:18:50Z,1,0,14,193104,0.40619,low,growing,1
multi-tenancy-spring-boot-starter,https://github.com/ccwxl/multi-tenancy-spring-boot-starter,70,12,72401,Java,2023-02-11T09:01:00Z,2026-03-21T12:40:58Z,4,0,42,868812,1.104294,medium,growing,2
sql-logic-test,https://github.com/hydromatic/sql-logic-test,70,10,140168,Java,2023-04-18T20:04:20Z,2026-02-24T16:36:03Z,6,5,45,1682016,1.256983,medium,growing,3
NfcHceNdefEmulator,https://github.com/MichaelsPlayground/NfcHceNdefEmulator,70,18,876,Java,2023-03-30T21:43:23Z,2026-03-21T13:56:29Z,1,1,17,10512,0.466606,low,growing,2
Briefing-Backend,https://github.com/Team-Shaka/Briefing-Backend,70,1,863,Java,2023-08-21T03:31:50Z,2026-01-18T01:19:06Z,7,0,268,10356,8.463158,medium,growing,8
secure-user-platform-with-springboot3-vue3-jwt,https://github.com/NidhalNaffati/secure-user-platform-with-springboot3-vue3-jwt,70,13,1582,Java,2023-04-08T17:07:03Z,2026-03-21T00:40:01Z,1,0,72,18984,1.990783,medium,growing,1
spring-boot-api,https://github.com/Jojoooo1/spring-boot-api,70,36,41623,Java,2023-09-13T19:54:40Z,2026-03-17T06:27:13Z,0,7,607,499476,19.665227,high,growing,1
Fusion,https://github.com/SuperMartijn642/Fusion,70,12,24217,Java,2023-04-30T15:36:13Z,2026-03-26T17:32:52Z,25,2,187,290604,5.277516,medium,growing,4
MBA-hexagonal-architecture,https://github.com/devfullcycle/MBA-hexagonal-architecture,70,117,216,Java,2023-08-08T11:14:36Z,2026-03-23T01:27:22Z,0,0,1,2592,0.031153,low,growing,3
Transit,https://github.com/dukke/Transit,70,9,2075,Java,2023-03-23T23:21:56Z,2026-03-22T07:37:27Z,4,2,57,24900,1.554545,medium,growing,2
PMT-Dumper,https://github.com/MikaCybertron/PMT-Dumper,70,16,277,Java,2023-02-23T12:23:56Z,2026-03-07T22:25:34Z,4,3,16,3324,0.425155,low,growing,1
java-chatgpt-api,https://github.com/linweiyuan/java-chatgpt-api,69,32,181,Java,2023-03-14T15:14:51Z,2026-03-05T08:28:25Z,0,0,103,2172,2.783784,medium,growing,1
RWKV-Android,https://github.com/ZTMIDGO/RWKV-Android,69,13,701,Java,2023-06-08T07:12:37Z,2025-12-01T11:22:02Z,2,0,41,8412,1.201172,medium,growing,2
react-native-multithreads,https://github.com/irohitb/react-native-multithreads,69,3,1206,Java,2023-02-02T05:25:44Z,2026-02-11T09:52:30Z,6,1,20,14472,0.521739,low,growing,1
NeoGradle,https://github.com/neoforged/NeoGradle,69,29,317762,Java,2023-07-08T16:40:26Z,2026-03-13T07:37:18Z,28,0,800,3813144,24.144869,high,growing,66
chatgpt-assistant,https://github.com/qifan777/chatgpt-assistant,69,11,688,Java,2023-05-31T05:33:12Z,2025-07-18T16:10:22Z,0,0,31,8256,0.901163,low,growing,1
PicoZen,https://github.com/barnabwhy/PicoZen,69,14,286,Java,2023-05-08T03:04:25Z,2026-01-22T17:59:27Z,4,0,150,3432,4.265403,medium,growing,5
HarpoonIJ,https://github.com/AlexGirardDev/HarpoonIJ,69,5,41631,Java,2023-01-02T22:35:15Z,2026-03-07T09:48:13Z,4,1,43,499572,1.09322,medium,growing,1
ocp-express,https://github.com/oceanbase/ocp-express,69,10,3187,Java,2023-07-28T03:54:58Z,2025-11-27T13:47:30Z,1,6,137,38244,4.219713,medium,growing,25
httpserver,https://github.com/robaho/httpserver,69,10,527,Java,2023-10-15T15:56:58Z,2026-03-03T15:33:16Z,1,4,194,6324,6.502793,medium,growing,4
SimpleFolderLauncher,https://github.com/Robby-Blue/SimpleFolderLauncher,69,3,4083,Java,2023-12-26T01:30:28Z,2026-03-26T09:18:30Z,48,0,113,48996,4.119077,medium,growing,1
traveller,https://github.com/666bears/traveller,69,0,25666,Java,2023-11-08T09:20:19Z,2026-03-18T17:02:34Z,0,0,5,307992,0.172216,low,growing,1
2023-map-befine,https://github.com/woowacourse-teams/2023-map-befine,68,5,3474,Java,2023-06-29T01:21:54Z,2026-02-23T07:11:23Z,15,0,134,41688,4.007976,medium,growing,8
ViaMCP,https://github.com/ViaVersionMCP/ViaMCP,68,11,48980,Java,2023-05-17T19:01:00Z,2026-02-26T12:46:04Z,7,0,36,587760,1.033493,medium,growing,7
homestayHotelPublic,https://github.com/giteecode/homestayHotelPublic,68,10,9538,Java,2023-10-31T12:37:26Z,2026-03-26T12:25:17Z,8,0,1,114456,0.03413,low,growing,2
keycloak-scim,https://github.com/mitodl/keycloak-scim,68,18,478,Java,2023-12-07T19:20:29Z,2026-03-27T17:35:47Z,7,14,231,5736,8.24019,medium,growing,40
ITMO,https://github.com/MaybebabyEnjoyer/ITMO,68,12,119731,Java,2023-07-07T22:30:12Z,2026-03-01T11:43:04Z,0,0,211,1436772,6.368209,medium,growing,13
worldthreader,https://github.com/2No2Name/worldthreader,68,12,1297,Java,2023-01-17T21:35:36Z,2026-03-26T23:29:42Z,16,0,202,15564,5.201717,medium,growing,5
oj-backend-microservice,https://github.com/zunff/oj-backend-microservice,68,3,1990,Java,2023-12-28T14:35:39Z,2026-03-22T09:42:56Z,0,0,22,23880,0.803898,low,growing,1
blind-75-leetcode-questions,https://github.com/mdabarik/blind-75-leetcode-questions,68,61,141,Java,2023-05-05T06:38:07Z,2026-02-23T06:30:08Z,0,0,112,1692,3.175803,medium,growing,1
yunyou,https://github.com/zzdayss/yunyou,68,6,57413,Java,2023-03-27T18:50:38Z,2026-01-26T02:49:46Z,0,0,12,688956,0.328467,low,growing,1
protocentral_healthypi_5,https://github.com/Protocentral/protocentral_healthypi_5,68,16,3928,Java,2023-04-26T13:29:18Z,2026-03-01T17:28:51Z,1,0,7,47136,0.196813,low,growing,1
yichujifa,https://github.com/lishangwl/yichujifa,68,41,14584,Java,2023-04-06T11:51:16Z,2026-03-13T12:57:00Z,4,0,5,175008,0.137994,low,growing,1
jeffrey,https://github.com/petrbouda/jeffrey,68,4,92513,Java,2023-12-12T21:40:14Z,2026-03-28T11:14:38Z,6,0,1093,1110156,39.222488,high,growing,3
SlideshowWallpaper,https://github.com/Doubi88/SlideshowWallpaper,67,18,28615,Java,2023-06-22T14:50:49Z,2026-03-11T01:01:37Z,25,0,267,343380,7.930693,medium,growing,5
yaci-devkit,https://github.com/bloxbean/yaci-devkit,67,17,3164,Java,2023-03-02T15:43:58Z,2026-03-20T15:36:04Z,42,2,504,37968,13.475936,high,growing,12
GROOT,https://github.com/CraftJarvis/GROOT,67,3,122003,Java,2023-10-11T05:45:50Z,2026-01-20T11:11:10Z,0,0,8,1464036,0.266963,low,growing,3
IsotopeBrowser,https://github.com/IAEAOrg/IsotopeBrowser,67,2,13891,Java,2023-03-21T09:41:09Z,2026-02-19T06:26:40Z,3,0,16,166692,0.435177,low,growing,3
SignedVelocity,https://github.com/4drian3d/SignedVelocity,67,16,998,Java,2023-06-06T18:45:37Z,2026-03-27T16:38:11Z,3,5,481,11976,14.078049,high,growing,3
rpamis-security,https://github.com/rpamis/rpamis-security,67,4,2275,Java,2023-09-18T14:55:19Z,2026-03-23T13:50:10Z,7,18,178,27300,5.791757,medium,growing,2
PointOfSale-Desktop,https://github.com/rizalfahlevi8/PointOfSale-Desktop,67,8,12715,Java,2023-09-29T15:00:28Z,2026-03-15T08:25:12Z,0,0,11,152580,0.362239,low,growing,1
phobot,https://github.com/3arthqu4ke/phobot,67,18,643,Java,2023-12-22T14:32:16Z,2026-03-16T06:40:24Z,2,0,66,7716,2.394196,medium,growing,3
Springboot_Vue_Python_Water_quality_management_prediction,https://github.com/wangjianlin1985/Springboot_Vue_Python_Water_quality_management_prediction,67,5,4227,Java,2023-05-02T14:25:31Z,2026-01-14T09:51:47Z,0,0,2,50724,0.05655,low,growing,1
e-wallet,https://github.com/yildizmy/e-wallet,67,32,3957,Java,2023-03-21T10:27:44Z,2026-03-24T12:03:48Z,0,0,471,47484,12.810517,high,growing,1
secretpad,https://github.com/secretflow/secretpad,66,36,150545,Java,2023-08-25T07:22:55Z,2026-02-28T08:01:16Z,81,12,101,1806540,3.20296,medium,growing,26
craftgate-modulith-messaging,https://github.com/craftgate/craftgate-modulith-messaging,66,8,141,Java,2023-01-02T12:04:56Z,2025-12-02T14:19:26Z,0,0,13,1692,0.330229,low,growing,20
course-spring-boot,https://github.com/devtiro/course-spring-boot,66,35,213,Java,2023-06-06T12:49:19Z,2026-03-28T16:05:20Z,1,0,15,2556,0.438596,low,growing,0
middle-earth,https://github.com/Jukoz/middle-earth,66,19,500093,Java,2023-05-05T17:19:42Z,2026-03-26T04:04:16Z,2,3,2666,6001116,75.666982,high,growing,7
BypassKeyguard,https://github.com/canyie/BypassKeyguard,66,7,95,Java,2023-04-30T07:23:17Z,2026-02-11T13:18:49Z,0,0,1,1140,0.028222,low,growing,1
netbeansPython,https://github.com/albilu/netbeansPython,66,8,1954,Java,2023-04-03T19:25:12Z,2026-03-23T01:17:31Z,24,5,250,23448,6.887052,medium,growing,4
spring-authorization-server-master,https://github.com/WatermelonPlanet/spring-authorization-server-master,66,16,9602,Java,2023-08-28T09:29:44Z,2026-02-06T07:05:39Z,0,0,38,115224,1.208908,medium,growing,1
limelightlib-wpijava,https://github.com/LimelightVision/limelightlib-wpijava,66,23,493,Java,2023-02-03T01:17:15Z,2026-03-22T14:31:56Z,4,4,118,5916,3.08094,medium,growing,7
evitaDB,https://github.com/FgForrest/evitaDB,66,7,152048,Java,2023-02-22T16:29:30Z,2026-03-06T14:41:59Z,71,11,5489,1824576,145.725664,high,growing,10
testcontainers-jooq-codegen-maven-plugin,https://github.com/testcontainers/testcontainers-jooq-codegen-maven-plugin,66,21,169,Java,2023-05-06T11:43:13Z,2026-03-28T10:01:45Z,16,6,39,2028,1.106906,medium,growing,12
psi,https://github.com/guandianyun/psi,66,8,3853,Java,2023-08-05T04:42:03Z,2026-03-02T13:38:14Z,0,0,64,46236,1.987578,medium,growing,1
jdifferer,https://github.com/KingBridgeSS/jdifferer,65,1,323,Java,2023-09-27T04:11:12Z,2025-12-01T11:22:42Z,0,0,1,3876,0.032859,low,growing,1
simple-openai-client,https://github.com/rcaneppele/simple-openai-client,65,5,246,Java,2023-12-21T19:17:56Z,2026-02-28T16:02:54Z,0,0,113,2952,4.099154,medium,growing,1
mqtt-insight,https://github.com/ptma/mqtt-insight,65,10,1669,Java,2023-09-06T13:23:19Z,2026-03-03T09:19:05Z,3,0,297,20028,9.539615,medium,growing,1
bigdata_learning,https://github.com/Mrkuhuo/bigdata_learning,65,19,38505,Java,2023-03-24T02:00:37Z,2025-11-01T13:23:05Z,0,0,282,462060,7.690909,medium,growing,1
canal-spring,https://github.com/xizixuejie/canal-spring,65,18,232,Java,2023-03-15T02:07:14Z,2026-02-08T09:32:20Z,11,1,92,2784,2.488729,medium,growing,3
smart-classroom-subscription,https://github.com/eyebluecn/smart-classroom-subscription,65,57,149,Java,2023-05-24T11:50:31Z,2026-03-17T07:19:38Z,1,0,3,1788,0.086622,low,growing,1
QVD-2023-13065,https://github.com/qi4L/QVD-2023-13065,65,12,121,Java,2023-06-13T09:49:08Z,2025-05-15T10:46:23Z,0,0,3,1452,0.088322,low,growing,1
LeetCode-Solutions,https://github.com/Azad99-9/LeetCode-Solutions,65,9,996,Java,2023-01-22T16:41:40Z,2026-02-08T16:36:08Z,0,0,827,11952,21.369509,high,growing,1
community,https://github.com/SageSang/community,65,8,471,Java,2023-05-27T12:02:19Z,2026-03-12T02:47:04Z,3,0,39,5652,1.129344,medium,growing,1
stream-processing-with-apache-flink,https://github.com/polyzos/stream-processing-with-apache-flink,65,26,115611,Java,2023-05-21T05:41:21Z,2026-01-17T15:23:03Z,2,2,30,1387332,0.863724,low,growing,1
Android_ChatGPT,https://github.com/bimalkaf/Android_ChatGPT,64,52,108,Java,2023-02-13T05:32:40Z,2026-03-16T06:40:50Z,0,0,4,1296,0.105356,low,growing,1
2023-car-ffeine,https://github.com/woowacourse-teams/2023-car-ffeine,64,6,38356,Java,2023-06-29T01:22:58Z,2026-02-23T07:11:20Z,33,4,431,460272,12.891326,high,growing,8
protovalidate-java,https://github.com/bufbuild/protovalidate-java,64,16,9123,Java,2023-07-21T17:07:47Z,2026-03-27T19:39:22Z,3,1,368,109476,11.253823,high,growing,49
Towelove,https://github.com/Towelove/Towelove,64,6,231311,Java,2023-02-23T09:33:43Z,2026-03-03T02:55:04Z,0,0,736,2775732,19.55713,high,growing,6
retirementManagePublic,https://github.com/giteecode/retirementManagePublic,64,9,10257,Java,2023-11-22T01:54:28Z,2026-03-26T13:18:33Z,3,0,1,123084,0.035006,low,growing,2
grafana-opentelemetry-java,https://github.com/grafana/grafana-opentelemetry-java,64,7,3084,Java,2023-05-11T20:11:42Z,2026-03-28T04:57:22Z,1,3,753,37008,21.493815,high,growing,1162
IntelliJava,https://github.com/intelligentnode/IntelliJava,64,15,7487,Java,2023-01-09T02:01:14Z,2026-01-24T18:26:12Z,6,0,117,89844,2.989779,medium,growing,3
CourseDesign,https://github.com/NingNing0111/CourseDesign,64,7,65598,Java,2023-06-14T09:28:17Z,2026-03-23T12:02:06Z,0,0,5,787176,0.147348,low,growing,1
SQLSolver,https://github.com/SJTU-IPADS/SQLSolver,64,4,29019,Java,2023-10-06T09:11:09Z,2026-03-24T13:06:36Z,1,0,16,348228,0.530973,low,growing,7
Raft-KV,https://github.com/leakey0626/Raft-KV,64,4,135,Java,2023-02-24T05:55:36Z,2025-08-05T16:36:51Z,2,0,23,1620,0.611702,low,growing,1
PlantBackend,https://github.com/LminWoo99/PlantBackend,64,3,74363,Java,2023-06-30T14:27:58Z,2026-02-27T04:58:02Z,0,0,183,892356,5.479042,medium,growing,1
fxcity,https://github.com/chengenzhao/fxcity,64,5,1672,Java,2023-09-03T08:06:26Z,2026-03-25T06:42:39Z,0,0,168,20064,5.378869,medium,growing,1
Third-Person,https://github.com/Leawind/Third-Person,64,17,3399,Java,2023-10-31T05:52:36Z,2026-02-20T14:30:47Z,94,0,630,40788,21.501706,high,growing,2
NDatabase,https://github.com/NivixX/NDatabase,63,3,294,Java,2023-01-29T08:58:29Z,2026-01-04T06:13:15Z,3,1,62,3528,1.611785,medium,growing,1
blog,https://github.com/apecodex/blog,63,6,74762,Java,2023-01-13T10:01:16Z,2026-03-14T15:17:50Z,0,0,40,897144,1.025641,medium,growing,1
devops-diagrams,https://github.com/mlkmhd/devops-diagrams,63,21,15240,Java,2023-06-13T06:39:26Z,2026-02-01T11:35:51Z,1,0,122,182880,3.591757,medium,growing,1
tuniu,https://github.com/Chang-L12138/tuniu,63,7,2936,Java,2023-08-07T12:00:52Z,2026-03-09T02:53:03Z,7,0,45,35232,1.400415,medium,growing,1
ActiveMQ_RCE_Pro_Max,https://github.com/ImuSpirit/ActiveMQ_RCE_Pro_Max,63,3,5050,Java,2023-10-27T12:22:43Z,2026-01-12T08:58:41Z,1,0,8,60600,0.271801,low,growing,2
lightweight-rate-limiter,https://github.com/llsyyds/lightweight-rate-limiter,63,3,1088,Java,2023-08-14T08:11:40Z,2026-02-11T15:36:47Z,1,0,24,13056,0.752351,low,growing,1
playwrightium,https://github.com/britka/playwrightium,63,11,379,Java,2023-09-24T11:07:18Z,2026-03-23T07:33:26Z,4,1,333,4548,10.906114,high,growing,7
softwareconstruction,https://github.com/softwareconstruction240/softwareconstruction,63,60,62065,Java,2023-08-30T20:16:44Z,2026-03-23T21:08:44Z,5,3,1887,744780,60.223404,high,growing,44
Cognizant-Java-FSE-Handson-2023,https://github.com/abhisheks008/Cognizant-Java-FSE-Handson-2023,63,18,1301,Java,2023-06-25T14:43:09Z,2026-03-18T07:25:54Z,0,0,323,15612,9.622642,medium,growing,1
wiremock-testcontainers-java,https://github.com/wiremock/wiremock-testcontainers-java,63,13,388,Java,2023-04-15T14:26:05Z,2026-02-02T09:04:24Z,7,10,310,4656,8.627087,medium,growing,12
apache-kafka-with-spring-boot-reactive,https://github.com/ali-bouali/apache-kafka-with-spring-boot-reactive,63,34,1363,Java,2023-11-22T19:23:32Z,2025-12-19T02:20:12Z,0,0,13,16356,0.455607,low,growing,1
FreeMinecraftModels,https://github.com/MagmaGuy/FreeMinecraftModels,63,16,13014,Java,2023-06-27T01:38:32Z,2026-03-27T21:31:59Z,4,1,167,156168,4.985075,medium,growing,2
spring-boot-user-beans,https://github.com/jabrena/spring-boot-user-beans,63,5,3010,Java,2023-02-12T16:47:25Z,2026-02-15T21:54:48Z,18,2,65,36120,1.710526,medium,growing,2
ExtendedAE,https://github.com/GlodBlock/ExtendedAE,63,48,22088,Java,2023-07-22T01:24:28Z,2026-03-27T13:12:29Z,83,3,375,265056,11.479592,high,growing,22
opentcs-commadapter-vda5050,https://github.com/openTCS/opentcs-commadapter-vda5050,63,16,1208,Java,2023-03-23T08:43:16Z,2026-03-27T12:46:31Z,1,0,184,14496,5.013624,medium,growing,6
Akali,https://github.com/bryan31/Akali,63,9,375,Java,2023-11-10T07:28:38Z,2025-12-16T14:23:31Z,0,1,46,4500,1.588032,medium,growing,4
FaceLivenessDetection-Android,https://github.com/kby-ai/FaceLivenessDetection-Android,63,41,36774,Java,2023-03-08T13:40:38Z,2026-02-07T21:38:01Z,0,0,82,441288,2.204301,medium,growing,2
Soulslike-Weaponry,https://github.com/mariumbacchus/Soulslike-Weaponry,63,16,95334,Java,2023-02-13T16:51:22Z,2026-03-16T16:49:26Z,18,0,597,1144008,15.72432,high,growing,7
OneTrickPony,https://github.com/Osmerion/OneTrickPony,63,1,531,Java,2023-01-26T15:48:04Z,2026-03-22T18:31:40Z,0,1,174,6372,4.511668,medium,growing,2
AnyLauncher,https://github.com/tiann/AnyLauncher,63,8,99,Java,2023-11-02T05:42:24Z,2026-01-15T03:07:33Z,2,0,2,1188,0.068415,low,growing,1
fullstack-react-and-springboot,https://github.com/RameshMF/fullstack-react-and-springboot,63,46,406,Java,2023-06-25T11:32:39Z,2026-03-01T14:39:31Z,0,2,22,4872,0.655412,low,growing,1
pow,https://github.com/candlefinance/pow,62,1,1877,Java,2023-04-15T21:10:02Z,2025-02-26T15:53:22Z,0,0,31,22524,0.86351,low,growing,3
react-native-secure-window,https://github.com/bufgix/react-native-secure-window,62,3,2012,Java,2023-09-01T00:07:45Z,2026-02-11T22:56:32Z,2,0,14,24144,0.447284,low,growing,1
AndroidRunnableJadx,https://github.com/asmjmp0/AndroidRunnableJadx,62,14,20290,Java,2023-02-09T02:56:57Z,2025-12-01T11:21:09Z,1,0,1895,243480,49.737533,high,growing,85
algorithm,https://github.com/CCCshengjiang/algorithm,62,2,199,Java,2023-11-04T07:41:22Z,2026-02-22T07:20:15Z,0,0,30,2388,1.028571,medium,growing,1
CVE-2023-33246,https://github.com/I5N0rth/CVE-2023-33246,62,19,436,Java,2023-05-30T02:18:29Z,2025-12-23T10:50:14Z,1,0,2,5232,0.058083,low,growing,1
AllMusic_Client,https://github.com/Coloryr/AllMusic_Client,62,37,3054,Java,2023-06-08T05:22:46Z,2026-03-28T12:22:25Z,5,0,216,36648,6.328125,medium,growing,1
TurboAPI,https://github.com/adorabled4/TurboAPI,62,10,14892,Java,2023-03-09T11:20:30Z,2026-03-13T09:27:51Z,0,0,198,178704,5.327354,medium,growing,2
plex-tvtime,https://github.com/Zggis/plex-tvtime,62,6,8635,Java,2023-05-20T14:57:56Z,2026-01-23T15:09:15Z,0,0,159,103620,4.573346,medium,growing,4
UM-WIA1002,https://github.com/The-Missing-UMCS/UM-WIA1002,62,11,35818,Java,2023-02-02T12:04:55Z,2026-03-28T15:17:01Z,0,0,205,429816,5.347826,medium,growing,4
UnsafeJava,https://github.com/dreamlike-ocean/UnsafeJava,62,3,182,Java,2023-04-05T13:54:17Z,2026-03-24T02:05:37Z,0,0,38,2184,1.047794,medium,growing,1
spring-start-here,https://github.com/geekahmed/spring-start-here,62,19,203,Java,2023-01-11T18:05:36Z,2026-03-27T15:16:58Z,1,0,14,2436,0.358668,low,growing,1
chat-gpt-wechat,https://github.com/dddadan/chat-gpt-wechat,61,15,9441,Java,2023-05-05T13:38:55Z,2026-02-20T11:58:49Z,3,8,5,113292,0.141777,low,growing,1
Differ,https://github.com/CL-lau/Differ,61,2,217,Java,2023-10-18T07:37:23Z,2025-12-22T09:21:52Z,0,0,6,2604,0.201794,low,growing,1
killbug,https://github.com/tychozzz/killbug,61,9,602,Java,2023-07-17T13:31:24Z,2026-03-10T10:00:48Z,0,0,10,7224,0.304569,low,growing,1
onixbyte-toolbox,https://github.com/onixbyte/onixbyte-toolbox,61,5,1059,Java,2023-07-28T11:38:32Z,2026-03-02T14:37:47Z,0,0,487,12708,15.0,high,growing,3
rocketmq-comment,https://github.com/Guiqu1aixi/rocketmq-comment,61,16,7771,Java,2023-04-25T08:00:16Z,2025-07-31T17:01:21Z,0,0,1487,93252,41.769663,high,growing,225
091_petAdopt2public,https://github.com/robertzq/091_petAdopt2public,61,11,47648,Java,2023-09-10T01:24:02Z,2026-03-23T06:39:12Z,0,0,2,571776,0.064516,low,growing,2
coding-challenge,https://github.com/lolo8304/coding-challenge,61,12,21741,Java,2023-03-26T00:17:43Z,2026-03-02T17:18:12Z,1,0,314,260892,8.579235,medium,growing,1
animate-algorithm,https://github.com/xiuhonglee/animate-algorithm,61,10,5207,Java,2023-08-27T09:00:13Z,2026-03-15T12:31:54Z,0,0,77,62484,2.447034,medium,growing,1
YouTubeSendCommentAntiFraud,https://github.com/freedom-introvert/YouTubeSendCommentAntiFraud,61,2,580,Java,2023-10-15T01:18:28Z,2026-03-26T12:42:57Z,2,0,7,6960,0.234637,low,growing,1
spring-security-basic-setting-for-spring-boot-3,https://github.com/nahwasa/spring-security-basic-setting-for-spring-boot-3,61,19,192,Java,2023-02-04T00:27:41Z,2025-07-30T07:43:03Z,0,1,15,2304,0.391986,low,growing,1
FuckDevicePolicy,https://github.com/liyafe1997/FuckDevicePolicy,61,6,3576,Java,2023-02-05T05:10:57Z,2026-03-16T18:02:50Z,4,0,7,42912,0.183086,low,growing,1
Foldenor,https://github.com/Edenor-Minecraft/Foldenor,61,6,4529,Java,2023-06-22T13:02:24Z,2026-03-20T11:57:52Z,2,0,598,54348,17.762376,high,growing,17
native-kline-view,https://github.com/hellohublot/native-kline-view,61,30,19498,Java,2023-01-31T06:55:26Z,2026-03-28T03:19:42Z,6,0,22,233976,0.572917,low,growing,2
easy-mqtt,https://github.com/EasyProgramming/easy-mqtt,61,6,605,Java,2023-10-08T06:41:33Z,2025-09-18T22:35:17Z,1,1,201,7260,6.685144,medium,growing,1
DUT-BOTS,https://github.com/cyq1005658400/DUT-BOTS,60,3,562,Java,2023-11-24T08:46:33Z,2026-03-16T16:40:20Z,0,0,363,6744,12.736842,high,growing,2
java-concurrency-patterns,https://github.com/alxkm/java-concurrency-patterns,60,11,1096,Java,2023-11-21T21:53:34Z,2026-03-23T16:53:25Z,0,0,199,13152,6.966161,medium,growing,2
Prostargram,https://github.com/f-lab-edu/Prostargram,60,1,2096,Java,2023-06-18T05:38:53Z,2026-01-24T19:17:06Z,2,0,798,25152,23.609467,high,growing,42
crawl4j,https://github.com/huzpsb/crawl4j,60,6,255,Java,2023-10-03T14:08:48Z,2026-03-09T08:15:05Z,0,0,16,3060,0.529217,low,growing,1
ecommerce-springboot-react,https://github.com/vladannovi1234/ecommerce-springboot-react,60,13,399,Java,2023-03-13T07:36:32Z,2026-03-26T14:58:21Z,0,0,108,4788,2.916292,medium,growing,1
ViewRecord,https://github.com/Key-CN/ViewRecord,60,10,245,Java,2023-06-06T08:32:08Z,2026-02-04T08:36:01Z,0,0,14,2940,0.409357,low,growing,1
intellij-streamdeck-plugin,https://github.com/JetBrains/intellij-streamdeck-plugin,60,8,4299,Java,2023-08-07T14:00:53Z,2026-03-26T06:35:05Z,6,0,70,51588,2.178423,medium,growing,25
spring-redis,https://github.com/binghe001/spring-redis,60,16,9404,Java,2023-07-05T12:58:28Z,2026-02-25T12:31:43Z,1,1,14,112848,0.421264,low,growing,1
devops-aws-mentorship-program,https://github.com/awsbosnia/devops-aws-mentorship-program,60,20,947473,Java,2023-02-05T12:35:23Z,2026-03-27T11:50:24Z,9,0,390,11369676,10.200523,high,growing,16
FoxLoader,https://github.com/Fox2Code/FoxLoader,60,12,1530,Java,2023-03-14T20:07:06Z,2026-03-02T15:45:25Z,9,0,180,18360,4.869252,medium,growing,5
2023-zipgo,https://github.com/woowacourse-teams/2023-zipgo,60,2,114352,Java,2023-06-29T01:22:38Z,2026-03-05T06:22:36Z,17,2,259,1372224,7.74676,medium,growing,8
microsphere-spring,https://github.com/microsphere-projects/microsphere-spring,60,39,6421,Java,2023-02-06T04:47:28Z,2026-03-25T12:42:14Z,0,0,2420,77052,63.350785,high,growing,3
dong-rpc,https://github.com/02cx/dong-rpc,60,0,120,Java,2023-11-29T06:10:13Z,2025-09-16T08:22:45Z,0,0,5,1440,0.176471,low,growing,1
DG-Lab-Mod,https://github.com/YuuLuo/DG-Lab-Mod,60,2,262,Java,2023-04-24T15:53:12Z,2026-03-14T07:54:28Z,3,0,10,3144,0.280636,low,growing,2
RevancifyShortcut,https://github.com/inotia00/RevancifyShortcut,59,7,129,Java,2023-10-16T18:34:21Z,2025-12-18T02:19:22Z,0,0,5,1548,0.167973,low,growing,1
spring-access-inspector,https://github.com/theodo-group/spring-access-inspector,59,1,215,Java,2023-06-26T20:29:50Z,2026-02-15T18:09:52Z,0,0,117,2580,3.492537,medium,growing,3
keycloak-openfga-event-publisher,https://github.com/embesozzi/keycloak-openfga-event-publisher,59,15,787,Java,2023-10-06T21:40:04Z,2026-03-20T22:57:28Z,2,2,5,9444,0.166113,low,growing,1
ai-openai-helloworld,https://github.com/rd-1-2022/ai-openai-helloworld,59,59,126,Java,2023-08-05T15:15:30Z,2025-11-05T14:32:47Z,3,2,18,1512,0.559006,low,growing,1
yupao-backend-public,https://github.com/liyupi/yupao-backend-public,59,28,222,Java,2023-05-28T04:18:49Z,2025-12-22T07:22:52Z,0,0,2,2664,0.057971,low,growing,1
native-spring-boot,https://github.com/alina-yur/native-spring-boot,59,14,726,Java,2023-10-31T13:02:55Z,2026-03-25T18:20:13Z,0,0,141,8712,4.812287,medium,growing,2
rpc-framework,https://github.com/GXhunter/rpc-framework,59,76,389,Java,2023-09-05T11:00:56Z,2025-01-24T14:43:36Z,0,0,17,4668,0.545455,low,growing,1
openai-java,https://github.com/forestwanglin/openai-java,59,9,3619,Java,2023-03-16T09:37:35Z,2025-08-13T11:24:32Z,3,0,245,43428,6.633574,medium,growing,2
spring-security-social-login,https://github.com/danvega/spring-security-social-login,59,27,354,Java,2023-04-28T13:27:31Z,2026-02-26T20:06:18Z,1,0,1,4248,0.028169,low,growing,1
spring-security-architecture-workshop,https://github.com/Kehrlann/spring-security-architecture-workshop,59,16,5932,Java,2023-10-13T11:30:14Z,2026-03-19T23:29:02Z,1,0,89,71184,2.976589,medium,growing,1
midjourney-proxy-starter,https://github.com/xianlinyi/midjourney-proxy-starter,58,4,2726,Java,2023-07-26T02:56:09Z,2026-02-07T16:38:17Z,1,0,24,32712,0.737705,low,growing,1
EcommerceApp,https://github.com/swapnilbamble1438/EcommerceApp,58,260,14557,Java,2023-04-03T07:09:01Z,2026-03-15T07:41:49Z,1,6,70,174684,1.926606,medium,growing,1
H2CO3Launcher,https://github.com/Boat-H2CO3/H2CO3Launcher,58,8,460151,Java,2023-09-13T08:19:20Z,2026-03-24T15:25:01Z,0,0,147,5521812,4.757282,medium,growing,3
sweet-sheet,https://github.com/andrew-levy/sweet-sheet,58,2,733,Java,2023-10-23T14:08:50Z,2025-11-01T21:42:06Z,0,0,15,8796,0.507328,low,growing,1
OpenAIClient,https://github.com/kousen/OpenAIClient,58,28,81608,Java,2023-09-29T20:11:34Z,2025-10-20T13:32:13Z,0,0,95,979296,3.131868,medium,growing,1
api-rest-java-jwt-devsecops,https://github.com/SebaGQ/api-rest-java-jwt-devsecops,58,12,365,Java,2023-04-15T02:43:16Z,2026-02-27T00:23:32Z,1,1,92,4380,2.560297,medium,growing,1
VideoPlayer,https://github.com/waleedtalha/VideoPlayer,58,19,331,Java,2023-03-25T16:01:34Z,2026-03-05T05:15:27Z,4,0,12,3972,0.327571,low,growing,1
classfile,https://github.com/Glavo/classfile,58,0,750,Java,2023-03-13T14:12:05Z,2025-08-13T11:24:31Z,0,0,55,9000,1.485149,medium,growing,1
3arthh4ck-Fabric,https://github.com/3arthh4ckDevelopment/3arthh4ck-Fabric,58,10,3702,Java,2023-11-03T13:34:59Z,2026-03-09T05:39:18Z,7,2,380,44424,13.013699,high,growing,13
jvm-sandbox-rasp,https://github.com/luelueking/jvm-sandbox-rasp,58,10,9077,Java,2023-04-16T12:42:20Z,2026-01-12T12:28:09Z,0,0,44,108924,1.225627,medium,growing,1
ox-admin,https://github.com/java668/ox-admin,58,7,403,Java,2023-04-17T15:13:14Z,2025-06-06T02:44:19Z,4,0,67,4836,1.86803,medium,growing,1
techbuzz,https://github.com/sivaprasadreddy/techbuzz,57,21,1208,Java,2023-01-11T04:07:29Z,2025-09-09T10:19:22Z,3,2,161,14496,4.12116,medium,growing,6
linea-tracer,https://github.com/Consensys/linea-tracer,57,47,4947980,Java,2023-02-23T01:46:46Z,2026-02-11T10:29:42Z,54,8,1358,59375760,36.085031,high,growing,62
amendments,https://github.com/MehVahdJukaar/amendments,57,35,20064,Java,2023-08-13T08:48:55Z,2026-03-26T19:48:29Z,123,1,329,240768,10.302714,high,growing,24
QimenIDC,https://github.com/ChuqiCloud/QimenIDC,57,9,8465,Java,2023-07-15T15:56:44Z,2026-03-17T12:28:27Z,2,0,289,101580,8.784195,medium,growing,3
booktrolling,https://github.com/Captain-S0L0/booktrolling,57,6,129,Java,2023-06-15T17:51:41Z,2026-03-20T14:04:28Z,4,0,29,1548,0.856299,low,growing,3
Eternity,https://github.com/Bazsalanszky/Eternity,57,4,40441,Java,2023-08-01T10:46:37Z,2026-02-26T20:23:49Z,8,0,2688,485292,83.134021,high,growing,27
expression-engine-benchmark,https://github.com/howiefh/expression-engine-benchmark,57,8,238,Java,2023-10-08T03:50:21Z,2025-12-26T08:35:03Z,1,0,6,2856,0.199557,low,growing,1
SmartCommunity,https://github.com/scmt1/SmartCommunity,57,22,54150,Java,2023-03-14T01:25:12Z,2026-02-14T16:12:07Z,1,0,16,649800,0.432432,low,growing,1
STUDY_SOLID,https://github.com/thiagoandrecardoso/STUDY_SOLID,57,2,3393,Java,2023-10-08T17:30:09Z,2025-06-17T11:51:03Z,0,0,14,40716,0.466149,low,growing,1
studio,https://github.com/DantSu/studio,57,9,1835,Java,2023-12-14T15:08:35Z,2026-03-18T20:33:33Z,0,1,15,22020,0.538922,low,growing,3
TimedShutdownAndroid,https://github.com/maforn/TimedShutdownAndroid,57,5,3739,Java,2023-03-06T16:53:27Z,2026-03-25T14:29:35Z,2,0,93,44868,2.495528,medium,growing,3
reddog-solutions,https://github.com/Azure/reddog-solutions,57,20,9233,Java,2023-02-09T18:29:31Z,2026-01-22T14:15:49Z,10,1,9,110796,0.236427,low,growing,37
avaje-validator,https://github.com/avaje/avaje-validator,57,5,1507,Java,2023-04-14T00:16:58Z,2026-03-04T05:39:49Z,0,0,941,18084,26.163114,high,growing,4
Mastering-Spring-Boot-3.0,https://github.com/PacktPublishing/Mastering-Spring-Boot-3.0,57,43,427,Java,2023-12-28T08:18:30Z,2026-03-12T18:26:42Z,0,0,19,5124,0.694275,low,growing,6
gdx-particle-editor,https://github.com/libgdx/gdx-particle-editor,57,7,9471,Java,2023-11-24T15:58:20Z,2026-02-14T01:56:35Z,3,1,102,113652,3.578947,medium,growing,7
whattocook,https://github.com/kassner/whattocook,57,0,311,Java,2023-09-12T19:47:02Z,2026-03-19T15:16:41Z,0,0,46,3732,1.488673,medium,growing,1
Dragon-Island,https://github.com/lschmid83/Dragon-Island,57,4,84779,Java,2023-10-05T11:44:57Z,2025-10-11T04:15:46Z,10,0,49,1017348,1.624309,medium,growing,1
spectrum,https://github.com/giulong/spectrum,57,7,39237,Java,2023-04-17T09:53:27Z,2026-03-26T13:50:05Z,2,0,2442,470844,68.085502,high,growing,4
Arkdays,https://github.com/Shiiyuko/Arkdays,57,28,109,Java,2023-01-24T06:41:10Z,2026-03-08T12:47:08Z,0,0,3,1308,0.077653,low,growing,1
BackEndV3,https://github.com/Arknights-yituliu/BackEndV3,56,3,3547,Java,2023-03-25T04:08:47Z,2026-02-14T10:38:15Z,2,1,337,42564,9.199272,medium,growing,4
Bank-Management-System-,https://github.com/ashuuu14/Bank-Management-System-,56,61,1247,Java,2023-03-11T20:14:08Z,2026-03-17T18:41:11Z,1,2,1,14964,0.026978,low,growing,1
rrls,https://github.com/dima-dencep/rrls,56,18,1492,Java,2023-03-02T07:28:21Z,2026-03-28T02:54:15Z,1,3,391,17904,10.454545,high,growing,15
openaidemo,https://github.com/kousen/openaidemo,56,27,57877,Java,2023-07-23T17:50:03Z,2025-10-20T13:32:23Z,0,0,183,694524,5.613497,medium,growing,1
2023-shook,https://github.com/woowacourse-teams/2023-shook,56,2,2278,Java,2023-06-29T01:21:59Z,2026-02-23T07:12:36Z,33,4,253,27336,7.567298,medium,growing,8
bookdelivery,https://github.com/Rapter1990/bookdelivery,56,13,4269,Java,2023-09-09T12:11:08Z,2026-03-10T19:30:18Z,1,1,286,51228,9.215897,medium,growing,3
niffler,https://github.com/qa-guru/niffler,56,122,90781,Java,2023-01-24T08:58:12Z,2026-03-25T20:00:25Z,10,2,475,1089372,12.295082,high,growing,9
Curtain,https://github.com/Gu-ZT/Curtain,56,19,1446,Java,2023-03-31T17:03:20Z,2026-02-18T13:42:49Z,45,3,231,17352,6.340348,medium,growing,6
Spring-Cloud-Study,https://github.com/thiagoandrecardoso/Spring-Cloud-Study,56,0,2054,Java,2023-10-02T21:17:57Z,2025-12-26T12:16:28Z,0,0,38,24648,1.256891,medium,growing,1
burp-digitalocean-droplet-proxy,https://github.com/honoki/burp-digitalocean-droplet-proxy,56,9,4589,Java,2023-03-03T17:01:09Z,2026-02-13T11:59:15Z,2,0,7,55068,0.187333,low,growing,1
Bilibili_Graduation_Design,https://github.com/Fluchw/Bilibili_Graduation_Design,56,11,5938,Java,2023-05-29T09:18:45Z,2026-02-03T07:18:56Z,0,0,11,71256,0.319149,low,growing,1
databricks-sdk-java,https://github.com/databricks/databricks-sdk-java,56,36,12161,Java,2023-01-12T17:11:26Z,2026-03-27T22:01:31Z,32,31,582,145932,14.910333,high,growing,52
ChatImage,https://github.com/kitUIN/ChatImage,56,11,6672,Java,2023-01-21T09:40:28Z,2026-03-13T21:35:19Z,24,0,363,80064,9.371773,medium,growing,3
ddns4j,https://github.com/sssdgithub/ddns4j,56,7,8965,Java,2023-05-07T07:24:56Z,2026-02-22T07:25:47Z,3,1,126,107580,3.579545,medium,growing,3
Fiddle,https://github.com/FiddleMC/Fiddle,56,1,14419,Java,2023-04-01T20:59:54Z,2026-03-23T11:01:41Z,0,1,264,173028,7.259395,medium,growing,1
MzMedia,https://github.com/MzMedia/MzMedia,56,17,33180,Java,2023-11-10T09:21:59Z,2025-12-19T14:26:16Z,0,0,39,398160,1.346375,medium,growing,2
QuickBackupM-Fabric,https://github.com/QuickBackupMultiMod-Dev/QuickBackupM-Fabric,56,10,970,Java,2023-12-09T13:51:17Z,2026-02-18T06:09:26Z,15,0,159,11640,5.678571,medium,growing,8
github-workflow-plugin,https://github.com/YunaBraska/github-workflow-plugin,56,13,3692,Java,2023-03-25T08:56:33Z,2025-12-28T21:24:20Z,21,4,67,44304,1.828935,medium,growing,8
TeleightBots,https://github.com/Teleight/TeleightBots,56,7,2445,Java,2023-11-04T16:55:27Z,2026-03-22T21:52:25Z,0,6,389,29340,13.337143,high,growing,4
intellij-plugin-save-actions,https://github.com/xdev-software/intellij-plugin-save-actions,56,3,2681,Java,2023-06-21T07:20:36Z,2026-03-14T11:24:59Z,5,9,1318,32172,39.109792,high,growing,7
nextcloud-tables,https://github.com/stefan-niedermann/nextcloud-tables,55,7,4535,Java,2023-03-23T10:18:47Z,2026-03-18T11:55:01Z,13,13,885,54420,24.114441,high,growing,4
CleanCodeOnJavaMicroservices,https://github.com/engindemirog/CleanCodeOnJavaMicroservices,55,6,103,Java,2023-01-04T12:04:27Z,2025-09-02T16:17:27Z,0,0,1,1236,0.025445,low,growing,1
spring-security,https://github.com/folksdev/spring-security,55,10,6183,Java,2023-11-28T15:05:15Z,2026-02-08T16:08:38Z,0,0,3,74196,0.105758,low,growing,2
dillon-boot-fx,https://github.com/lwdillon/dillon-boot-fx,55,14,83050,Java,2023-02-13T03:31:58Z,2026-03-26T21:40:49Z,3,0,57,996600,1.501317,medium,growing,1
flink-cookbook,https://github.com/confluentinc/flink-cookbook,55,7,436,Java,2023-11-20T16:31:54Z,2026-03-23T16:13:03Z,0,8,15,5232,0.523865,low,growing,1793
spring-authorization-server-example,https://github.com/dlabs71/spring-authorization-server-example,55,17,93768,Java,2023-05-13T08:01:35Z,2025-12-09T07:09:41Z,1,1,199,1125216,5.685714,medium,growing,1
chatgpt-plus,https://github.com/liyf1/chatgpt-plus,55,3,289,Java,2023-07-04T15:17:23Z,2025-06-02T07:26:26Z,1,1,16,3468,0.480962,low,growing,2
MetabaseRceTools,https://github.com/Boogipop/MetabaseRceTools,55,5,132,Java,2023-10-11T03:18:09Z,2025-10-01T06:38:09Z,1,0,5,1584,0.166852,low,growing,1
bilibili,https://github.com/Yuejia-Lai/bilibili,55,4,460,Java,2023-02-21T14:19:11Z,2026-03-13T10:17:55Z,0,0,8,5520,0.212202,low,growing,1
get-jobs-boss,https://github.com/uniStark/get-jobs-boss,55,2,2102,Java,2023-05-05T18:00:29Z,2026-03-06T13:28:59Z,2,1,6011,25224,170.605487,high,growing,1
aXML,https://github.com/apk-editor/aXML,55,21,4481,Java,2023-01-22T21:37:42Z,2026-02-27T17:00:09Z,1,0,62,53772,1.603448,medium,growing,3
CatVodSpider,https://github.com/mymine/CatVodSpider,55,38,92838,Java,2023-06-22T15:34:45Z,2026-03-28T02:54:44Z,0,0,549,1114056,16.306931,high,growing,1
SpringBootOAuth2,https://github.com/wdkeyser02/SpringBootOAuth2,55,44,195,Java,2023-01-13T19:14:08Z,2026-03-01T04:45:55Z,2,0,3,2340,0.076989,low,growing,2
grafana-opentelemetry-starter,https://github.com/grafana/grafana-opentelemetry-starter,55,5,319,Java,2023-03-21T12:23:51Z,2025-11-07T23:32:39Z,0,0,57,3828,1.550317,medium,growing,1162
pom-editor-maven-plugin,https://github.com/soujava/pom-editor-maven-plugin,55,8,667,Java,2023-03-18T19:33:25Z,2025-11-03T15:38:23Z,3,0,196,8004,5.321267,medium,growing,18
Create-Train-Navigator,https://github.com/MisterJulsen/Create-Train-Navigator,55,35,9329,Java,2023-11-10T21:41:58Z,2026-03-24T23:21:02Z,66,2,717,111948,24.781106,high,growing,11
RustyRcs,https://github.com/Hirohumi/RustyRcs,55,11,263,Java,2023-07-04T14:00:21Z,2026-03-24T11:47:58Z,2,0,25,3156,0.751503,low,growing,1
rewrite-static-analysis,https://github.com/openrewrite/rewrite-static-analysis,55,93,4680,Java,2023-04-30T23:54:01Z,2026-03-26T19:18:39Z,137,7,1607,56160,45.39548,high,growing,101
registers,https://github.com/666bears/registers,55,3,25550,Java,2023-11-05T10:50:36Z,2026-03-17T12:14:48Z,0,0,4,306600,0.1373,low,growing,2
guigu-ssyx,https://github.com/shuhongfan/guigu-ssyx,54,19,79247,Java,2023-06-06T12:20:46Z,2026-03-09T08:40:49Z,0,0,15,950964,0.438596,low,growing,1
kafka-sink-connector,https://github.com/kakao/kafka-sink-connector,54,12,13691,Java,2023-01-03T04:47:31Z,2026-01-12T06:22:42Z,1,2,2,164292,0.050847,low,growing,9
RadioCraft,https://github.com/hammcmod/RadioCraft,54,8,21083,Java,2023-02-08T16:30:16Z,2026-03-27T00:45:49Z,23,7,342,252996,8.968531,medium,growing,14
httpexchange-spring-boot-starter,https://github.com/DanielLiu1123/httpexchange-spring-boot-starter,54,5,2567,Java,2023-01-08T06:18:49Z,2026-03-27T08:45:13Z,0,0,477,30804,12.178723,high,growing,1
Saurav-s-DSA-Templates,https://github.com/SauravP97/Saurav-s-DSA-Templates,54,30,240,Java,2023-07-02T16:12:42Z,2026-03-06T15:19:13Z,0,0,67,2880,2.01,medium,growing,1
FaceSystem,https://github.com/saiGou-14H/FaceSystem,54,8,54001,Java,2023-02-26T15:38:06Z,2026-03-14T09:27:20Z,1,0,10,648012,0.26643,low,growing,2
10mm-server,https://github.com/depromeet/10mm-server,54,2,1650,Java,2023-11-20T14:17:29Z,2026-02-27T05:55:15Z,15,1,221,19800,7.718277,medium,growing,198
student-attendance-management,https://github.com/yeshuang2/student-attendance-management,54,4,2368,Java,2023-08-26T05:27:10Z,2026-03-24T15:51:22Z,0,0,37,28416,1.174603,medium,growing,1
FasterCrystals,https://github.com/mcpvp-club/FasterCrystals,54,36,486,Java,2023-09-20T19:08:41Z,2026-03-27T22:18:39Z,1,0,149,5832,4.863983,medium,growing,7
financial,https://github.com/fenxi365/financial,54,26,7586,Java,2023-07-14T11:21:48Z,2026-03-27T07:30:38Z,1,0,29,91032,0.880567,low,growing,3
yqhp,https://github.com/yqhp/yqhp,54,18,1432,Java,2023-02-27T01:27:14Z,2026-02-01T13:45:47Z,1,0,359,17184,9.573333,medium,growing,1
java101-edycja1,https://github.com/WebAce-Group/java101-edycja1,54,82,529,Java,2023-01-10T21:18:27Z,2025-10-18T15:35:07Z,0,0,217,6348,5.554608,medium,growing,74
ImagineBreaker,https://github.com/Rongmario/ImagineBreaker,54,6,165,Java,2023-02-23T02:01:04Z,2026-03-08T12:59:39Z,0,1,107,1980,2.843224,medium,growing,4
WS_RaceCondition_PoC,https://github.com/redrays-io/WS_RaceCondition_PoC,54,5,1672,Java,2023-09-13T19:27:14Z,2026-03-02T04:59:47Z,0,0,11,20064,0.356371,low,growing,2
ChatGPT_Android,https://github.com/icecoins/ChatGPT_Android,54,14,20889,Java,2023-02-19T13:48:32Z,2026-03-07T10:19:43Z,8,0,72,250668,1.906443,medium,growing,2
UltimateShop,https://github.com/ManyouTeam/UltimateShop,54,40,11058,Java,2023-08-30T15:20:21Z,2026-03-26T01:41:20Z,0,0,99,132696,3.156217,medium,growing,8
timefold-solver-python,https://github.com/TimefoldAI/timefold-solver-python,54,7,21189,Java,2023-03-08T16:35:57Z,2026-03-23T22:00:47Z,0,0,493,254268,13.252688,high,growing,5
Android_Chat_Application,https://github.com/bimalkaf/Android_Chat_Application,54,46,213,Java,2023-07-18T12:01:14Z,2025-11-23T01:25:10Z,4,1,4,2556,0.121951,low,growing,1
monitorer,https://github.com/stryker-project/monitorer,54,6,1559,Java,2023-01-21T02:44:49Z,2026-03-22T12:12:31Z,1,0,8,18708,0.20654,low,growing,1
penna,https://github.com/hkupty/penna,54,4,3037,Java,2023-02-15T13:29:35Z,2026-03-04T09:22:19Z,4,5,806,36444,21.266491,high,growing,3
laboratory,https://github.com/666bears/laboratory,53,1,25689,Java,2023-11-05T15:04:31Z,2026-03-17T12:14:27Z,0,0,14,308268,0.480549,low,growing,1
cdk8s-examples,https://github.com/cdk8s-team/cdk8s-examples,53,7,5603,Java,2023-02-15T14:55:50Z,2026-03-28T15:41:49Z,27,4,700,67236,18.469657,high,growing,14
DataLoom,https://github.com/Hardork/DataLoom,53,14,5032,Java,2023-11-13T13:26:45Z,2026-01-30T16:37:57Z,2,0,192,60384,6.65127,medium,growing,3
080354,https://github.com/gilbutITbook/080354,53,22,20023,Java,2023-06-22T01:24:40Z,2026-03-25T12:25:43Z,1,0,59,240276,1.752475,medium,growing,1
RunWorldSchoolMod,https://github.com/LiuYiGL/RunWorldSchoolMod,53,17,262,Java,2023-02-10T20:40:42Z,2026-03-27T13:27:56Z,4,0,10,3144,0.262927,low,growing,1
mjSIP,https://github.com/haumacher/mjSIP,53,27,4186,Java,2023-10-13T15:55:22Z,2026-03-19T21:51:29Z,9,0,362,50232,12.107023,high,growing,5
LibraryMan-API,https://github.com/ajaynegi45/LibraryMan-API,53,52,6677,Java,2023-07-30T18:25:38Z,2026-02-20T12:06:27Z,7,1,199,80124,6.148301,medium,growing,20
com.zhizi42.diymiuicard,https://github.com/Xposed-Modules-Repo/com.zhizi42.diymiuicard,53,5,9013,Java,2023-08-25T13:46:20Z,2026-03-28T12:22:16Z,2,0,24,108156,0.761099,low,growing,3
spring-security-examples,https://github.com/gurkanucar/spring-security-examples,53,12,189,Java,2023-11-05T09:49:14Z,2026-02-09T21:11:25Z,0,0,59,2268,2.025172,medium,growing,1
no-templates,https://github.com/Y4Sec-Team/no-templates,53,7,89,Java,2023-09-09T09:39:04Z,2025-12-06T14:58:30Z,0,0,7,1068,0.225564,low,growing,1
Learning_Java,https://github.com/italo-mauricio/Learning_Java,53,1,450,Java,2023-01-21T13:26:22Z,2024-09-10T14:42:26Z,0,0,401,5400,10.35284,high,growing,1
keycloak-spi-trusted-device,https://github.com/wouterh-dev/keycloak-spi-trusted-device,52,19,319,Java,2023-05-21T23:55:37Z,2026-02-19T10:44:10Z,3,2,22,3828,0.634006,low,growing,2
AcademyCraft,https://github.com/MohistMC/AcademyCraft,52,9,64690,Java,2023-03-16T14:11:54Z,2026-02-06T23:46:02Z,5,0,2363,776280,63.980144,high,growing,24
dnf-admin,https://github.com/easy-do/dnf-admin,52,13,52883,Java,2023-10-29T03:26:16Z,2025-11-10T04:35:32Z,0,0,58,634596,1.975028,medium,growing,1
univcert,https://github.com/in-seo/univcert,52,1,138,Java,2023-01-24T12:16:49Z,2026-01-18T22:28:51Z,0,0,47,1656,1.216566,medium,growing,1
FXThemes,https://github.com/dukke/FXThemes,52,8,376,Java,2023-09-27T12:00:57Z,2026-03-22T16:54:12Z,6,3,62,4512,2.03724,medium,growing,2
autogen4j,https://github.com/HamaWhiteGG/autogen4j,52,9,820,Java,2023-12-06T07:45:20Z,2026-02-16T14:08:26Z,4,2,41,9840,1.459075,medium,growing,1
Fabric-Course-1.20.X,https://github.com/Kaupenjoe/Fabric-Course-1.20.X,52,10,3787,Java,2023-06-08T17:59:08Z,2026-03-23T20:24:39Z,0,2,101,45444,2.961877,medium,growing,1
angular-springboot-ecommerce,https://github.com/sinnedpenguin/angular-springboot-ecommerce,52,39,524,Java,2023-08-15T08:43:02Z,2026-01-28T19:31:06Z,0,0,45,6288,1.412134,medium,growing,1
type-map,https://github.com/YunaBraska/type-map,52,6,381,Java,2023-11-09T14:40:13Z,2026-02-22T07:29:20Z,0,0,191,4572,6.586207,medium,growing,1
